ISO-10303-21;
HEADER;
/* Generated by software containing ST-Developer
 * from STEP Tools, Inc. (www.steptools.com) 
 */

FILE_DESCRIPTION(
/* description */ (''),
/* implementation_level */ '2;1');

FILE_NAME(
/* name */ 'lower_cover_with_groove_restaurant_server_caller.step',
/* time_stamp */ '2025-10-25T19:17:13+04:00',
/* author */ (''),
/* organization */ (''),
/* preprocessor_version */ 'ST-DEVELOPER v20.1',
/* originating_system */ 'Autodesk Translation Framework v14.17.0.0',
/* authorisation */ '');

FILE_SCHEMA (('AUTOMOTIVE_DESIGN { 1 0 10303 214 3 1 1 }'));
ENDSEC;

DATA;
#10=MECHANICAL_DESIGN_GEOMETRIC_PRESENTATION_REPRESENTATION('',(#16,#17,
#18,#19),#6670);
#11=SHAPE_REPRESENTATION_RELATIONSHIP('SRR','None',#6677,#12);
#12=ADVANCED_BREP_SHAPE_REPRESENTATION('',(#20,#21,#22,#23),#6669);
#13=ELLIPSE('',#4208,26.7676524842344,4.11459743101444);
#14=ELLIPSE('',#4337,12.0878241406127,4.11459743101444);
#15=ELLIPSE('',#4375,21.5203805811876,4.11459743101444);
#16=STYLED_ITEM('',(#6686),#20);
#17=STYLED_ITEM('',(#6686),#21);
#18=STYLED_ITEM('',(#6686),#22);
#19=STYLED_ITEM('',(#6686),#23);
#20=MANIFOLD_SOLID_BREP('Body1',#4158);
#21=MANIFOLD_SOLID_BREP('Body2',#4159);
#22=MANIFOLD_SOLID_BREP('Body3',#4160);
#23=MANIFOLD_SOLID_BREP('Body4',#4161);
#24=CYLINDRICAL_SURFACE('',#4182,2.5);
#25=CYLINDRICAL_SURFACE('',#4192,2.5);
#26=CYLINDRICAL_SURFACE('',#4202,2.5);
#27=CYLINDRICAL_SURFACE('',#4379,2.25);
#28=CYLINDRICAL_SURFACE('',#4381,2.25);
#29=CYLINDRICAL_SURFACE('',#4383,4.11459743101444);
#30=CYLINDRICAL_SURFACE('',#4391,2.);
#31=CYLINDRICAL_SURFACE('',#4392,4.11459743101444);
#32=CYLINDRICAL_SURFACE('',#4400,2.);
#33=CYLINDRICAL_SURFACE('',#4408,2.00000000000001);
#34=CYLINDRICAL_SURFACE('',#4417,2.00000000000001);
#35=CYLINDRICAL_SURFACE('',#4425,2.5);
#36=CYLINDRICAL_SURFACE('',#4436,2.5);
#37=CYLINDRICAL_SURFACE('',#4439,2.5);
#38=FACE_BOUND('',#328,.T.);
#39=FACE_BOUND('',#337,.T.);
#40=FACE_BOUND('',#346,.T.);
#41=FACE_BOUND('',#351,.T.);
#42=FACE_BOUND('',#353,.T.);
#43=FACE_BOUND('',#355,.T.);
#44=FACE_BOUND('',#356,.T.);
#45=FACE_BOUND('',#357,.T.);
#46=FACE_BOUND('',#385,.T.);
#47=FACE_BOUND('',#470,.T.);
#48=FACE_BOUND('',#498,.T.);
#49=FACE_BOUND('',#529,.T.);
#50=FACE_BOUND('',#531,.T.);
#51=FACE_BOUND('',#535,.T.);
#52=FACE_BOUND('',#538,.T.);
#53=FACE_BOUND('',#542,.T.);
#54=FACE_BOUND('',#545,.T.);
#55=FACE_BOUND('',#550,.T.);
#56=FACE_BOUND('',#553,.T.);
#57=FACE_BOUND('',#563,.T.);
#58=CIRCLE('',#4181,2.5);
#59=CIRCLE('',#4183,2.5);
#60=CIRCLE('',#4191,2.5);
#61=CIRCLE('',#4193,2.5);
#62=CIRCLE('',#4201,2.5);
#63=CIRCLE('',#4203,2.5);
#64=CIRCLE('',#4210,2.5);
#65=CIRCLE('',#4211,2.5);
#66=CIRCLE('',#4239,2.25);
#67=CIRCLE('',#4240,2.25);
#68=CIRCLE('',#4325,2.25);
#69=CIRCLE('',#4326,2.25);
#70=CIRCLE('',#4384,4.11459743101444);
#71=CIRCLE('',#4385,4.11459743101444);
#72=CIRCLE('',#4388,2.);
#73=CIRCLE('',#4390,2.);
#74=CIRCLE('',#4393,4.11459743101444);
#75=CIRCLE('',#4394,4.11459743101444);
#76=CIRCLE('',#4396,2.);
#77=CIRCLE('',#4399,2.);
#78=CIRCLE('',#4403,2.00000000000001);
#79=CIRCLE('',#4406,2.);
#80=CIRCLE('',#4411,2.00000000000001);
#81=CIRCLE('',#4414,2.);
#82=CIRCLE('',#4424,2.5);
#83=CIRCLE('',#4426,2.5);
#84=CIRCLE('',#4437,2.5);
#85=CIRCLE('',#4440,2.5);
#86=FACE_OUTER_BOUND('',#322,.T.);
#87=FACE_OUTER_BOUND('',#323,.T.);
#88=FACE_OUTER_BOUND('',#324,.T.);
#89=FACE_OUTER_BOUND('',#325,.T.);
#90=FACE_OUTER_BOUND('',#326,.T.);
#91=FACE_OUTER_BOUND('',#327,.T.);
#92=FACE_OUTER_BOUND('',#329,.T.);
#93=FACE_OUTER_BOUND('',#330,.T.);
#94=FACE_OUTER_BOUND('',#331,.T.);
#95=FACE_OUTER_BOUND('',#332,.T.);
#96=FACE_OUTER_BOUND('',#333,.T.);
#97=FACE_OUTER_BOUND('',#334,.T.);
#98=FACE_OUTER_BOUND('',#335,.T.);
#99=FACE_OUTER_BOUND('',#336,.T.);
#100=FACE_OUTER_BOUND('',#338,.T.);
#101=FACE_OUTER_BOUND('',#339,.T.);
#102=FACE_OUTER_BOUND('',#340,.T.);
#103=FACE_OUTER_BOUND('',#341,.T.);
#104=FACE_OUTER_BOUND('',#342,.T.);
#105=FACE_OUTER_BOUND('',#343,.T.);
#106=FACE_OUTER_BOUND('',#344,.T.);
#107=FACE_OUTER_BOUND('',#345,.T.);
#108=FACE_OUTER_BOUND('',#347,.T.);
#109=FACE_OUTER_BOUND('',#348,.T.);
#110=FACE_OUTER_BOUND('',#349,.T.);
#111=FACE_OUTER_BOUND('',#350,.T.);
#112=FACE_OUTER_BOUND('',#352,.T.);
#113=FACE_OUTER_BOUND('',#354,.T.);
#114=FACE_OUTER_BOUND('',#358,.T.);
#115=FACE_OUTER_BOUND('',#359,.T.);
#116=FACE_OUTER_BOUND('',#360,.T.);
#117=FACE_OUTER_BOUND('',#361,.T.);
#118=FACE_OUTER_BOUND('',#362,.T.);
#119=FACE_OUTER_BOUND('',#363,.T.);
#120=FACE_OUTER_BOUND('',#364,.T.);
#121=FACE_OUTER_BOUND('',#365,.T.);
#122=FACE_OUTER_BOUND('',#366,.T.);
#123=FACE_OUTER_BOUND('',#367,.T.);
#124=FACE_OUTER_BOUND('',#368,.T.);
#125=FACE_OUTER_BOUND('',#369,.T.);
#126=FACE_OUTER_BOUND('',#370,.T.);
#127=FACE_OUTER_BOUND('',#371,.T.);
#128=FACE_OUTER_BOUND('',#372,.T.);
#129=FACE_OUTER_BOUND('',#373,.T.);
#130=FACE_OUTER_BOUND('',#374,.T.);
#131=FACE_OUTER_BOUND('',#375,.T.);
#132=FACE_OUTER_BOUND('',#376,.T.);
#133=FACE_OUTER_BOUND('',#377,.T.);
#134=FACE_OUTER_BOUND('',#378,.T.);
#135=FACE_OUTER_BOUND('',#379,.T.);
#136=FACE_OUTER_BOUND('',#380,.T.);
#137=FACE_OUTER_BOUND('',#381,.T.);
#138=FACE_OUTER_BOUND('',#382,.T.);
#139=FACE_OUTER_BOUND('',#383,.T.);
#140=FACE_OUTER_BOUND('',#384,.T.);
#141=FACE_OUTER_BOUND('',#386,.T.);
#142=FACE_OUTER_BOUND('',#387,.T.);
#143=FACE_OUTER_BOUND('',#388,.T.);
#144=FACE_OUTER_BOUND('',#389,.T.);
#145=FACE_OUTER_BOUND('',#390,.T.);
#146=FACE_OUTER_BOUND('',#391,.T.);
#147=FACE_OUTER_BOUND('',#392,.T.);
#148=FACE_OUTER_BOUND('',#393,.T.);
#149=FACE_OUTER_BOUND('',#394,.T.);
#150=FACE_OUTER_BOUND('',#395,.T.);
#151=FACE_OUTER_BOUND('',#396,.T.);
#152=FACE_OUTER_BOUND('',#397,.T.);
#153=FACE_OUTER_BOUND('',#398,.T.);
#154=FACE_OUTER_BOUND('',#399,.T.);
#155=FACE_OUTER_BOUND('',#400,.T.);
#156=FACE_OUTER_BOUND('',#401,.T.);
#157=FACE_OUTER_BOUND('',#402,.T.);
#158=FACE_OUTER_BOUND('',#403,.T.);
#159=FACE_OUTER_BOUND('',#404,.T.);
#160=FACE_OUTER_BOUND('',#405,.T.);
#161=FACE_OUTER_BOUND('',#406,.T.);
#162=FACE_OUTER_BOUND('',#407,.T.);
#163=FACE_OUTER_BOUND('',#408,.T.);
#164=FACE_OUTER_BOUND('',#409,.T.);
#165=FACE_OUTER_BOUND('',#410,.T.);
#166=FACE_OUTER_BOUND('',#411,.T.);
#167=FACE_OUTER_BOUND('',#412,.T.);
#168=FACE_OUTER_BOUND('',#413,.T.);
#169=FACE_OUTER_BOUND('',#414,.T.);
#170=FACE_OUTER_BOUND('',#415,.T.);
#171=FACE_OUTER_BOUND('',#416,.T.);
#172=FACE_OUTER_BOUND('',#417,.T.);
#173=FACE_OUTER_BOUND('',#418,.T.);
#174=FACE_OUTER_BOUND('',#419,.T.);
#175=FACE_OUTER_BOUND('',#420,.T.);
#176=FACE_OUTER_BOUND('',#421,.T.);
#177=FACE_OUTER_BOUND('',#422,.T.);
#178=FACE_OUTER_BOUND('',#423,.T.);
#179=FACE_OUTER_BOUND('',#424,.T.);
#180=FACE_OUTER_BOUND('',#425,.T.);
#181=FACE_OUTER_BOUND('',#426,.T.);
#182=FACE_OUTER_BOUND('',#427,.T.);
#183=FACE_OUTER_BOUND('',#428,.T.);
#184=FACE_OUTER_BOUND('',#429,.T.);
#185=FACE_OUTER_BOUND('',#430,.T.);
#186=FACE_OUTER_BOUND('',#431,.T.);
#187=FACE_OUTER_BOUND('',#432,.T.);
#188=FACE_OUTER_BOUND('',#433,.T.);
#189=FACE_OUTER_BOUND('',#434,.T.);
#190=FACE_OUTER_BOUND('',#435,.T.);
#191=FACE_OUTER_BOUND('',#436,.T.);
#192=FACE_OUTER_BOUND('',#437,.T.);
#193=FACE_OUTER_BOUND('',#438,.T.);
#194=FACE_OUTER_BOUND('',#439,.T.);
#195=FACE_OUTER_BOUND('',#440,.T.);
#196=FACE_OUTER_BOUND('',#441,.T.);
#197=FACE_OUTER_BOUND('',#442,.T.);
#198=FACE_OUTER_BOUND('',#443,.T.);
#199=FACE_OUTER_BOUND('',#444,.T.);
#200=FACE_OUTER_BOUND('',#445,.T.);
#201=FACE_OUTER_BOUND('',#446,.T.);
#202=FACE_OUTER_BOUND('',#447,.T.);
#203=FACE_OUTER_BOUND('',#448,.T.);
#204=FACE_OUTER_BOUND('',#449,.T.);
#205=FACE_OUTER_BOUND('',#450,.T.);
#206=FACE_OUTER_BOUND('',#451,.T.);
#207=FACE_OUTER_BOUND('',#452,.T.);
#208=FACE_OUTER_BOUND('',#453,.T.);
#209=FACE_OUTER_BOUND('',#454,.T.);
#210=FACE_OUTER_BOUND('',#455,.T.);
#211=FACE_OUTER_BOUND('',#456,.T.);
#212=FACE_OUTER_BOUND('',#457,.T.);
#213=FACE_OUTER_BOUND('',#458,.T.);
#214=FACE_OUTER_BOUND('',#459,.T.);
#215=FACE_OUTER_BOUND('',#460,.T.);
#216=FACE_OUTER_BOUND('',#461,.T.);
#217=FACE_OUTER_BOUND('',#462,.T.);
#218=FACE_OUTER_BOUND('',#463,.T.);
#219=FACE_OUTER_BOUND('',#464,.T.);
#220=FACE_OUTER_BOUND('',#465,.T.);
#221=FACE_OUTER_BOUND('',#466,.T.);
#222=FACE_OUTER_BOUND('',#467,.T.);
#223=FACE_OUTER_BOUND('',#468,.T.);
#224=FACE_OUTER_BOUND('',#469,.T.);
#225=FACE_OUTER_BOUND('',#471,.T.);
#226=FACE_OUTER_BOUND('',#472,.T.);
#227=FACE_OUTER_BOUND('',#473,.T.);
#228=FACE_OUTER_BOUND('',#474,.T.);
#229=FACE_OUTER_BOUND('',#475,.T.);
#230=FACE_OUTER_BOUND('',#476,.T.);
#231=FACE_OUTER_BOUND('',#477,.T.);
#232=FACE_OUTER_BOUND('',#478,.T.);
#233=FACE_OUTER_BOUND('',#479,.T.);
#234=FACE_OUTER_BOUND('',#480,.T.);
#235=FACE_OUTER_BOUND('',#481,.T.);
#236=FACE_OUTER_BOUND('',#482,.T.);
#237=FACE_OUTER_BOUND('',#483,.T.);
#238=FACE_OUTER_BOUND('',#484,.T.);
#239=FACE_OUTER_BOUND('',#485,.T.);
#240=FACE_OUTER_BOUND('',#486,.T.);
#241=FACE_OUTER_BOUND('',#487,.T.);
#242=FACE_OUTER_BOUND('',#488,.T.);
#243=FACE_OUTER_BOUND('',#489,.T.);
#244=FACE_OUTER_BOUND('',#490,.T.);
#245=FACE_OUTER_BOUND('',#491,.T.);
#246=FACE_OUTER_BOUND('',#492,.T.);
#247=FACE_OUTER_BOUND('',#493,.T.);
#248=FACE_OUTER_BOUND('',#494,.T.);
#249=FACE_OUTER_BOUND('',#495,.T.);
#250=FACE_OUTER_BOUND('',#496,.T.);
#251=FACE_OUTER_BOUND('',#497,.T.);
#252=FACE_OUTER_BOUND('',#499,.T.);
#253=FACE_OUTER_BOUND('',#500,.T.);
#254=FACE_OUTER_BOUND('',#501,.T.);
#255=FACE_OUTER_BOUND('',#502,.T.);
#256=FACE_OUTER_BOUND('',#503,.T.);
#257=FACE_OUTER_BOUND('',#504,.T.);
#258=FACE_OUTER_BOUND('',#505,.T.);
#259=FACE_OUTER_BOUND('',#506,.T.);
#260=FACE_OUTER_BOUND('',#507,.T.);
#261=FACE_OUTER_BOUND('',#508,.T.);
#262=FACE_OUTER_BOUND('',#509,.T.);
#263=FACE_OUTER_BOUND('',#510,.T.);
#264=FACE_OUTER_BOUND('',#511,.T.);
#265=FACE_OUTER_BOUND('',#512,.T.);
#266=FACE_OUTER_BOUND('',#513,.T.);
#267=FACE_OUTER_BOUND('',#514,.T.);
#268=FACE_OUTER_BOUND('',#515,.T.);
#269=FACE_OUTER_BOUND('',#516,.T.);
#270=FACE_OUTER_BOUND('',#517,.T.);
#271=FACE_OUTER_BOUND('',#518,.T.);
#272=FACE_OUTER_BOUND('',#519,.T.);
#273=FACE_OUTER_BOUND('',#520,.T.);
#274=FACE_OUTER_BOUND('',#521,.T.);
#275=FACE_OUTER_BOUND('',#522,.T.);
#276=FACE_OUTER_BOUND('',#523,.T.);
#277=FACE_OUTER_BOUND('',#524,.T.);
#278=FACE_OUTER_BOUND('',#525,.T.);
#279=FACE_OUTER_BOUND('',#526,.T.);
#280=FACE_OUTER_BOUND('',#527,.T.);
#281=FACE_OUTER_BOUND('',#528,.T.);
#282=FACE_OUTER_BOUND('',#530,.T.);
#283=FACE_OUTER_BOUND('',#532,.T.);
#284=FACE_OUTER_BOUND('',#533,.T.);
#285=FACE_OUTER_BOUND('',#534,.T.);
#286=FACE_OUTER_BOUND('',#536,.T.);
#287=FACE_OUTER_BOUND('',#537,.T.);
#288=FACE_OUTER_BOUND('',#539,.T.);
#289=FACE_OUTER_BOUND('',#540,.T.);
#290=FACE_OUTER_BOUND('',#541,.T.);
#291=FACE_OUTER_BOUND('',#543,.T.);
#292=FACE_OUTER_BOUND('',#544,.T.);
#293=FACE_OUTER_BOUND('',#546,.T.);
#294=FACE_OUTER_BOUND('',#547,.T.);
#295=FACE_OUTER_BOUND('',#548,.T.);
#296=FACE_OUTER_BOUND('',#549,.T.);
#297=FACE_OUTER_BOUND('',#551,.T.);
#298=FACE_OUTER_BOUND('',#552,.T.);
#299=FACE_OUTER_BOUND('',#554,.T.);
#300=FACE_OUTER_BOUND('',#555,.T.);
#301=FACE_OUTER_BOUND('',#556,.T.);
#302=FACE_OUTER_BOUND('',#557,.T.);
#303=FACE_OUTER_BOUND('',#558,.T.);
#304=FACE_OUTER_BOUND('',#559,.T.);
#305=FACE_OUTER_BOUND('',#560,.T.);
#306=FACE_OUTER_BOUND('',#561,.T.);
#307=FACE_OUTER_BOUND('',#562,.T.);
#308=FACE_OUTER_BOUND('',#564,.T.);
#309=FACE_OUTER_BOUND('',#565,.T.);
#310=FACE_OUTER_BOUND('',#566,.T.);
#311=FACE_OUTER_BOUND('',#567,.T.);
#312=FACE_OUTER_BOUND('',#568,.T.);
#313=FACE_OUTER_BOUND('',#569,.T.);
#314=FACE_OUTER_BOUND('',#570,.T.);
#315=FACE_OUTER_BOUND('',#571,.T.);
#316=FACE_OUTER_BOUND('',#572,.T.);
#317=FACE_OUTER_BOUND('',#573,.T.);
#318=FACE_OUTER_BOUND('',#574,.T.);
#319=FACE_OUTER_BOUND('',#575,.T.);
#320=FACE_OUTER_BOUND('',#576,.T.);
#321=FACE_OUTER_BOUND('',#577,.T.);
#322=EDGE_LOOP('',(#2566,#2567,#2568,#2569));
#323=EDGE_LOOP('',(#2570,#2571,#2572,#2573));
#324=EDGE_LOOP('',(#2574,#2575,#2576,#2577));
#325=EDGE_LOOP('',(#2578,#2579,#2580,#2581));
#326=EDGE_LOOP('',(#2582,#2583,#2584,#2585));
#327=EDGE_LOOP('',(#2586,#2587,#2588,#2589));
#328=EDGE_LOOP('',(#2590));
#329=EDGE_LOOP('',(#2591,#2592,#2593,#2594));
#330=EDGE_LOOP('',(#2595));
#331=EDGE_LOOP('',(#2596,#2597,#2598,#2599));
#332=EDGE_LOOP('',(#2600,#2601,#2602,#2603));
#333=EDGE_LOOP('',(#2604,#2605,#2606,#2607));
#334=EDGE_LOOP('',(#2608,#2609,#2610,#2611));
#335=EDGE_LOOP('',(#2612,#2613,#2614,#2615));
#336=EDGE_LOOP('',(#2616,#2617,#2618,#2619));
#337=EDGE_LOOP('',(#2620));
#338=EDGE_LOOP('',(#2621,#2622,#2623,#2624));
#339=EDGE_LOOP('',(#2625));
#340=EDGE_LOOP('',(#2626,#2627,#2628,#2629));
#341=EDGE_LOOP('',(#2630,#2631,#2632,#2633));
#342=EDGE_LOOP('',(#2634,#2635,#2636,#2637));
#343=EDGE_LOOP('',(#2638,#2639,#2640,#2641));
#344=EDGE_LOOP('',(#2642,#2643,#2644,#2645));
#345=EDGE_LOOP('',(#2646,#2647,#2648,#2649));
#346=EDGE_LOOP('',(#2650));
#347=EDGE_LOOP('',(#2651,#2652,#2653,#2654));
#348=EDGE_LOOP('',(#2655));
#349=EDGE_LOOP('',(#2656,#2657,#2658));
#350=EDGE_LOOP('',(#2659,#2660,#2661,#2662,#2663,#2664,#2665,#2666));
#351=EDGE_LOOP('',(#2667,#2668,#2669,#2670));
#352=EDGE_LOOP('',(#2671,#2672,#2673,#2674,#2675,#2676,#2677,#2678));
#353=EDGE_LOOP('',(#2679,#2680,#2681,#2682));
#354=EDGE_LOOP('',(#2683,#2684,#2685,#2686,#2687,#2688,#2689,#2690,#2691,
#2692,#2693,#2694,#2695,#2696,#2697,#2698,#2699,#2700,#2701,#2702,#2703,
#2704,#2705,#2706,#2707,#2708,#2709,#2710,#2711,#2712,#2713,#2714,#2715,
#2716,#2717,#2718,#2719,#2720));
#355=EDGE_LOOP('',(#2721));
#356=EDGE_LOOP('',(#2722));
#357=EDGE_LOOP('',(#2723,#2724,#2725,#2726,#2727,#2728,#2729,#2730,#2731,
#2732,#2733,#2734,#2735,#2736,#2737,#2738,#2739,#2740,#2741,#2742,#2743,
#2744,#2745,#2746,#2747,#2748,#2749,#2750,#2751,#2752,#2753,#2754,#2755,
#2756,#2757,#2758,#2759,#2760,#2761,#2762));
#358=EDGE_LOOP('',(#2763,#2764,#2765));
#359=EDGE_LOOP('',(#2766,#2767,#2768));
#360=EDGE_LOOP('',(#2769,#2770,#2771));
#361=EDGE_LOOP('',(#2772,#2773,#2774));
#362=EDGE_LOOP('',(#2775,#2776,#2777,#2778));
#363=EDGE_LOOP('',(#2779,#2780,#2781));
#364=EDGE_LOOP('',(#2782,#2783,#2784,#2785));
#365=EDGE_LOOP('',(#2786,#2787,#2788));
#366=EDGE_LOOP('',(#2789,#2790,#2791,#2792));
#367=EDGE_LOOP('',(#2793,#2794,#2795));
#368=EDGE_LOOP('',(#2796,#2797,#2798));
#369=EDGE_LOOP('',(#2799,#2800,#2801,#2802));
#370=EDGE_LOOP('',(#2803,#2804,#2805,#2806));
#371=EDGE_LOOP('',(#2807,#2808,#2809));
#372=EDGE_LOOP('',(#2810,#2811,#2812));
#373=EDGE_LOOP('',(#2813,#2814,#2815));
#374=EDGE_LOOP('',(#2816,#2817,#2818));
#375=EDGE_LOOP('',(#2819,#2820,#2821));
#376=EDGE_LOOP('',(#2822,#2823,#2824));
#377=EDGE_LOOP('',(#2825,#2826,#2827));
#378=EDGE_LOOP('',(#2828,#2829,#2830,#2831));
#379=EDGE_LOOP('',(#2832,#2833,#2834,#2835));
#380=EDGE_LOOP('',(#2836,#2837,#2838));
#381=EDGE_LOOP('',(#2839,#2840,#2841));
#382=EDGE_LOOP('',(#2842,#2843,#2844));
#383=EDGE_LOOP('',(#2845,#2846,#2847,#2848));
#384=EDGE_LOOP('',(#2849,#2850,#2851,#2852,#2853,#2854,#2855,#2856,#2857,
#2858,#2859,#2860,#2861,#2862,#2863,#2864,#2865,#2866,#2867));
#385=EDGE_LOOP('',(#2868,#2869,#2870,#2871));
#386=EDGE_LOOP('',(#2872,#2873,#2874,#2875));
#387=EDGE_LOOP('',(#2876,#2877,#2878));
#388=EDGE_LOOP('',(#2879,#2880,#2881));
#389=EDGE_LOOP('',(#2882,#2883,#2884));
#390=EDGE_LOOP('',(#2885,#2886,#2887));
#391=EDGE_LOOP('',(#2888,#2889,#2890,#2891));
#392=EDGE_LOOP('',(#2892,#2893,#2894));
#393=EDGE_LOOP('',(#2895,#2896,#2897));
#394=EDGE_LOOP('',(#2898,#2899,#2900));
#395=EDGE_LOOP('',(#2901,#2902,#2903));
#396=EDGE_LOOP('',(#2904,#2905,#2906));
#397=EDGE_LOOP('',(#2907,#2908,#2909));
#398=EDGE_LOOP('',(#2910,#2911,#2912,#2913));
#399=EDGE_LOOP('',(#2914,#2915,#2916,#2917));
#400=EDGE_LOOP('',(#2918,#2919,#2920));
#401=EDGE_LOOP('',(#2921,#2922,#2923));
#402=EDGE_LOOP('',(#2924,#2925,#2926,#2927));
#403=EDGE_LOOP('',(#2928,#2929,#2930,#2931));
#404=EDGE_LOOP('',(#2932,#2933,#2934));
#405=EDGE_LOOP('',(#2935,#2936,#2937));
#406=EDGE_LOOP('',(#2938,#2939,#2940));
#407=EDGE_LOOP('',(#2941,#2942,#2943,#2944));
#408=EDGE_LOOP('',(#2945,#2946,#2947,#2948));
#409=EDGE_LOOP('',(#2949,#2950,#2951));
#410=EDGE_LOOP('',(#2952,#2953,#2954,#2955));
#411=EDGE_LOOP('',(#2956,#2957,#2958));
#412=EDGE_LOOP('',(#2959,#2960,#2961));
#413=EDGE_LOOP('',(#2962,#2963,#2964));
#414=EDGE_LOOP('',(#2965,#2966,#2967));
#415=EDGE_LOOP('',(#2968,#2969,#2970,#2971));
#416=EDGE_LOOP('',(#2972,#2973,#2974));
#417=EDGE_LOOP('',(#2975,#2976,#2977,#2978));
#418=EDGE_LOOP('',(#2979,#2980,#2981,#2982));
#419=EDGE_LOOP('',(#2983,#2984,#2985));
#420=EDGE_LOOP('',(#2986,#2987,#2988));
#421=EDGE_LOOP('',(#2989,#2990,#2991,#2992));
#422=EDGE_LOOP('',(#2993,#2994,#2995,#2996));
#423=EDGE_LOOP('',(#2997,#2998,#2999));
#424=EDGE_LOOP('',(#3000,#3001,#3002));
#425=EDGE_LOOP('',(#3003,#3004,#3005,#3006));
#426=EDGE_LOOP('',(#3007,#3008,#3009));
#427=EDGE_LOOP('',(#3010,#3011,#3012));
#428=EDGE_LOOP('',(#3013,#3014,#3015));
#429=EDGE_LOOP('',(#3016,#3017,#3018,#3019));
#430=EDGE_LOOP('',(#3020,#3021,#3022,#3023));
#431=EDGE_LOOP('',(#3024,#3025,#3026));
#432=EDGE_LOOP('',(#3027,#3028,#3029));
#433=EDGE_LOOP('',(#3030,#3031,#3032));
#434=EDGE_LOOP('',(#3033,#3034,#3035));
#435=EDGE_LOOP('',(#3036,#3037,#3038));
#436=EDGE_LOOP('',(#3039,#3040,#3041,#3042));
#437=EDGE_LOOP('',(#3043,#3044,#3045,#3046));
#438=EDGE_LOOP('',(#3047,#3048,#3049,#3050));
#439=EDGE_LOOP('',(#3051,#3052,#3053));
#440=EDGE_LOOP('',(#3054,#3055,#3056,#3057));
#441=EDGE_LOOP('',(#3058,#3059,#3060));
#442=EDGE_LOOP('',(#3061,#3062,#3063,#3064,#3065,#3066));
#443=EDGE_LOOP('',(#3067,#3068,#3069,#3070,#3071));
#444=EDGE_LOOP('',(#3072,#3073,#3074,#3075,#3076,#3077));
#445=EDGE_LOOP('',(#3078,#3079,#3080));
#446=EDGE_LOOP('',(#3081,#3082,#3083,#3084,#3085,#3086,#3087));
#447=EDGE_LOOP('',(#3088,#3089,#3090,#3091));
#448=EDGE_LOOP('',(#3092,#3093,#3094,#3095,#3096,#3097,#3098,#3099,#3100,
#3101));
#449=EDGE_LOOP('',(#3102,#3103,#3104,#3105,#3106));
#450=EDGE_LOOP('',(#3107,#3108,#3109));
#451=EDGE_LOOP('',(#3110,#3111,#3112,#3113,#3114,#3115,#3116,#3117));
#452=EDGE_LOOP('',(#3118,#3119,#3120));
#453=EDGE_LOOP('',(#3121,#3122,#3123,#3124));
#454=EDGE_LOOP('',(#3125,#3126,#3127,#3128,#3129,#3130,#3131));
#455=EDGE_LOOP('',(#3132,#3133,#3134,#3135,#3136));
#456=EDGE_LOOP('',(#3137,#3138,#3139,#3140,#3141));
#457=EDGE_LOOP('',(#3142,#3143,#3144,#3145,#3146));
#458=EDGE_LOOP('',(#3147,#3148,#3149,#3150,#3151));
#459=EDGE_LOOP('',(#3152,#3153,#3154,#3155,#3156));
#460=EDGE_LOOP('',(#3157,#3158,#3159,#3160));
#461=EDGE_LOOP('',(#3161,#3162,#3163,#3164,#3165,#3166,#3167));
#462=EDGE_LOOP('',(#3168,#3169,#3170,#3171));
#463=EDGE_LOOP('',(#3172,#3173,#3174,#3175,#3176,#3177,#3178));
#464=EDGE_LOOP('',(#3179,#3180,#3181,#3182));
#465=EDGE_LOOP('',(#3183,#3184,#3185));
#466=EDGE_LOOP('',(#3186,#3187,#3188,#3189,#3190));
#467=EDGE_LOOP('',(#3191,#3192,#3193,#3194,#3195,#3196));
#468=EDGE_LOOP('',(#3197,#3198,#3199,#3200,#3201,#3202));
#469=EDGE_LOOP('',(#3203,#3204,#3205,#3206,#3207,#3208,#3209,#3210,#3211,
#3212,#3213,#3214,#3215,#3216,#3217,#3218,#3219,#3220));
#470=EDGE_LOOP('',(#3221,#3222,#3223,#3224));
#471=EDGE_LOOP('',(#3225,#3226,#3227,#3228));
#472=EDGE_LOOP('',(#3229,#3230,#3231,#3232,#3233));
#473=EDGE_LOOP('',(#3234,#3235,#3236,#3237));
#474=EDGE_LOOP('',(#3238,#3239,#3240,#3241));
#475=EDGE_LOOP('',(#3242,#3243,#3244,#3245,#3246,#3247,#3248,#3249,#3250));
#476=EDGE_LOOP('',(#3251,#3252,#3253,#3254,#3255,#3256));
#477=EDGE_LOOP('',(#3257,#3258,#3259));
#478=EDGE_LOOP('',(#3260,#3261,#3262,#3263));
#479=EDGE_LOOP('',(#3264,#3265,#3266,#3267,#3268));
#480=EDGE_LOOP('',(#3269,#3270,#3271,#3272,#3273,#3274,#3275,#3276,#3277,
#3278,#3279));
#481=EDGE_LOOP('',(#3280,#3281,#3282));
#482=EDGE_LOOP('',(#3283,#3284,#3285));
#483=EDGE_LOOP('',(#3286,#3287,#3288,#3289,#3290,#3291,#3292,#3293,#3294,
#3295));
#484=EDGE_LOOP('',(#3296,#3297,#3298,#3299,#3300,#3301,#3302,#3303,#3304));
#485=EDGE_LOOP('',(#3305,#3306,#3307));
#486=EDGE_LOOP('',(#3308,#3309,#3310,#3311,#3312,#3313));
#487=EDGE_LOOP('',(#3314,#3315,#3316,#3317,#3318,#3319,#3320,#3321,#3322));
#488=EDGE_LOOP('',(#3323,#3324,#3325));
#489=EDGE_LOOP('',(#3326,#3327,#3328,#3329,#3330,#3331));
#490=EDGE_LOOP('',(#3332,#3333,#3334,#3335,#3336));
#491=EDGE_LOOP('',(#3337,#3338,#3339,#3340));
#492=EDGE_LOOP('',(#3341,#3342,#3343,#3344,#3345,#3346,#3347,#3348,#3349,
#3350));
#493=EDGE_LOOP('',(#3351,#3352,#3353,#3354,#3355));
#494=EDGE_LOOP('',(#3356,#3357,#3358,#3359));
#495=EDGE_LOOP('',(#3360,#3361,#3362,#3363,#3364,#3365,#3366,#3367,#3368,
#3369));
#496=EDGE_LOOP('',(#3370,#3371,#3372,#3373));
#497=EDGE_LOOP('',(#3374,#3375,#3376,#3377));
#498=EDGE_LOOP('',(#3378,#3379,#3380));
#499=EDGE_LOOP('',(#3381,#3382,#3383,#3384,#3385));
#500=EDGE_LOOP('',(#3386,#3387,#3388,#3389,#3390,#3391,#3392));
#501=EDGE_LOOP('',(#3393,#3394,#3395,#3396,#3397,#3398,#3399));
#502=EDGE_LOOP('',(#3400,#3401,#3402,#3403));
#503=EDGE_LOOP('',(#3404,#3405,#3406,#3407,#3408));
#504=EDGE_LOOP('',(#3409,#3410,#3411,#3412,#3413,#3414));
#505=EDGE_LOOP('',(#3415,#3416,#3417,#3418,#3419,#3420));
#506=EDGE_LOOP('',(#3421,#3422,#3423,#3424,#3425));
#507=EDGE_LOOP('',(#3426,#3427,#3428,#3429,#3430,#3431,#3432,#3433,#3434));
#508=EDGE_LOOP('',(#3435,#3436,#3437));
#509=EDGE_LOOP('',(#3438,#3439,#3440,#3441,#3442,#3443));
#510=EDGE_LOOP('',(#3444,#3445,#3446,#3447,#3448,#3449));
#511=EDGE_LOOP('',(#3450,#3451,#3452));
#512=EDGE_LOOP('',(#3453,#3454,#3455,#3456));
#513=EDGE_LOOP('',(#3457,#3458,#3459,#3460));
#514=EDGE_LOOP('',(#3461,#3462,#3463,#3464));
#515=EDGE_LOOP('',(#3465,#3466,#3467,#3468));
#516=EDGE_LOOP('',(#3469,#3470,#3471,#3472,#3473,#3474,#3475,#3476));
#517=EDGE_LOOP('',(#3477,#3478,#3479,#3480));
#518=EDGE_LOOP('',(#3481,#3482,#3483,#3484,#3485,#3486,#3487,#3488,#3489,
#3490));
#519=EDGE_LOOP('',(#3491,#3492,#3493,#3494));
#520=EDGE_LOOP('',(#3495,#3496,#3497,#3498,#3499,#3500,#3501,#3502));
#521=EDGE_LOOP('',(#3503,#3504,#3505,#3506));
#522=EDGE_LOOP('',(#3507,#3508,#3509,#3510));
#523=EDGE_LOOP('',(#3511,#3512,#3513,#3514));
#524=EDGE_LOOP('',(#3515,#3516,#3517,#3518));
#525=EDGE_LOOP('',(#3519,#3520,#3521,#3522));
#526=EDGE_LOOP('',(#3523,#3524,#3525,#3526));
#527=EDGE_LOOP('',(#3527,#3528,#3529,#3530));
#528=EDGE_LOOP('',(#3531,#3532,#3533));
#529=EDGE_LOOP('',(#3534));
#530=EDGE_LOOP('',(#3535,#3536,#3537));
#531=EDGE_LOOP('',(#3538));
#532=EDGE_LOOP('',(#3539,#3540,#3541,#3542));
#533=EDGE_LOOP('',(#3543,#3544,#3545,#3546,#3547));
#534=EDGE_LOOP('',(#3548,#3549,#3550,#3551));
#535=EDGE_LOOP('',(#3552));
#536=EDGE_LOOP('',(#3553,#3554,#3555,#3556));
#537=EDGE_LOOP('',(#3557,#3558,#3559));
#538=EDGE_LOOP('',(#3560));
#539=EDGE_LOOP('',(#3561,#3562,#3563,#3564));
#540=EDGE_LOOP('',(#3565,#3566,#3567,#3568));
#541=EDGE_LOOP('',(#3569,#3570,#3571,#3572));
#542=EDGE_LOOP('',(#3573));
#543=EDGE_LOOP('',(#3574,#3575,#3576,#3577));
#544=EDGE_LOOP('',(#3578,#3579,#3580,#3581));
#545=EDGE_LOOP('',(#3582));
#546=EDGE_LOOP('',(#3583,#3584,#3585,#3586));
#547=EDGE_LOOP('',(#3587,#3588,#3589,#3590));
#548=EDGE_LOOP('',(#3591,#3592,#3593,#3594,#3595));
#549=EDGE_LOOP('',(#3596,#3597,#3598,#3599,#3600));
#550=EDGE_LOOP('',(#3601));
#551=EDGE_LOOP('',(#3602,#3603,#3604,#3605,#3606));
#552=EDGE_LOOP('',(#3607,#3608,#3609,#3610));
#553=EDGE_LOOP('',(#3611));
#554=EDGE_LOOP('',(#3612,#3613,#3614,#3615));
#555=EDGE_LOOP('',(#3616,#3617,#3618,#3619));
#556=EDGE_LOOP('',(#3620,#3621,#3622,#3623));
#557=EDGE_LOOP('',(#3624,#3625,#3626,#3627,#3628));
#558=EDGE_LOOP('',(#3629,#3630,#3631,#3632));
#559=EDGE_LOOP('',(#3633,#3634,#3635,#3636));
#560=EDGE_LOOP('',(#3637,#3638,#3639,#3640,#3641));
#561=EDGE_LOOP('',(#3642,#3643,#3644,#3645));
#562=EDGE_LOOP('',(#3646,#3647,#3648,#3649));
#563=EDGE_LOOP('',(#3650));
#564=EDGE_LOOP('',(#3651,#3652,#3653,#3654));
#565=EDGE_LOOP('',(#3655));
#566=EDGE_LOOP('',(#3656,#3657,#3658,#3659));
#567=EDGE_LOOP('',(#3660,#3661,#3662,#3663));
#568=EDGE_LOOP('',(#3664,#3665,#3666,#3667,#3668));
#569=EDGE_LOOP('',(#3669,#3670,#3671,#3672));
#570=EDGE_LOOP('',(#3673,#3674,#3675,#3676));
#571=EDGE_LOOP('',(#3677,#3678,#3679,#3680));
#572=EDGE_LOOP('',(#3681,#3682,#3683,#3684));
#573=EDGE_LOOP('',(#3685,#3686,#3687,#3688,#3689));
#574=EDGE_LOOP('',(#3690,#3691,#3692,#3693));
#575=EDGE_LOOP('',(#3694));
#576=EDGE_LOOP('',(#3695,#3696,#3697,#3698));
#577=EDGE_LOOP('',(#3699));
#578=LINE('',#5518,#1114);
#579=LINE('',#5520,#1115);
#580=LINE('',#5522,#1116);
#581=LINE('',#5523,#1117);
#582=LINE('',#5526,#1118);
#583=LINE('',#5528,#1119);
#584=LINE('',#5529,#1120);
#585=LINE('',#5532,#1121);
#586=LINE('',#5534,#1122);
#587=LINE('',#5535,#1123);
#588=LINE('',#5537,#1124);
#589=LINE('',#5538,#1125);
#590=LINE('',#5546,#1126);
#591=LINE('',#5551,#1127);
#592=LINE('',#5553,#1128);
#593=LINE('',#5555,#1129);
#594=LINE('',#5556,#1130);
#595=LINE('',#5559,#1131);
#596=LINE('',#5561,#1132);
#597=LINE('',#5562,#1133);
#598=LINE('',#5565,#1134);
#599=LINE('',#5567,#1135);
#600=LINE('',#5568,#1136);
#601=LINE('',#5570,#1137);
#602=LINE('',#5571,#1138);
#603=LINE('',#5579,#1139);
#604=LINE('',#5584,#1140);
#605=LINE('',#5586,#1141);
#606=LINE('',#5588,#1142);
#607=LINE('',#5589,#1143);
#608=LINE('',#5592,#1144);
#609=LINE('',#5594,#1145);
#610=LINE('',#5595,#1146);
#611=LINE('',#5598,#1147);
#612=LINE('',#5600,#1148);
#613=LINE('',#5601,#1149);
#614=LINE('',#5603,#1150);
#615=LINE('',#5604,#1151);
#616=LINE('',#5612,#1152);
#617=LINE('',#5617,#1153);
#618=LINE('',#5619,#1154);
#619=LINE('',#5620,#1155);
#620=LINE('',#5624,#1156);
#621=LINE('',#5626,#1157);
#622=LINE('',#5628,#1158);
#623=LINE('',#5630,#1159);
#624=LINE('',#5632,#1160);
#625=LINE('',#5634,#1161);
#626=LINE('',#5636,#1162);
#627=LINE('',#5637,#1163);
#628=LINE('',#5640,#1164);
#629=LINE('',#5642,#1165);
#630=LINE('',#5644,#1166);
#631=LINE('',#5645,#1167);
#632=LINE('',#5649,#1168);
#633=LINE('',#5651,#1169);
#634=LINE('',#5653,#1170);
#635=LINE('',#5655,#1171);
#636=LINE('',#5657,#1172);
#637=LINE('',#5659,#1173);
#638=LINE('',#5661,#1174);
#639=LINE('',#5662,#1175);
#640=LINE('',#5665,#1176);
#641=LINE('',#5667,#1177);
#642=LINE('',#5670,#1178);
#643=LINE('',#5674,#1179);
#644=LINE('',#5676,#1180);
#645=LINE('',#5678,#1181);
#646=LINE('',#5680,#1182);
#647=LINE('',#5682,#1183);
#648=LINE('',#5684,#1184);
#649=LINE('',#5686,#1185);
#650=LINE('',#5688,#1186);
#651=LINE('',#5690,#1187);
#652=LINE('',#5692,#1188);
#653=LINE('',#5694,#1189);
#654=LINE('',#5696,#1190);
#655=LINE('',#5698,#1191);
#656=LINE('',#5700,#1192);
#657=LINE('',#5702,#1193);
#658=LINE('',#5704,#1194);
#659=LINE('',#5706,#1195);
#660=LINE('',#5708,#1196);
#661=LINE('',#5710,#1197);
#662=LINE('',#5712,#1198);
#663=LINE('',#5714,#1199);
#664=LINE('',#5716,#1200);
#665=LINE('',#5718,#1201);
#666=LINE('',#5720,#1202);
#667=LINE('',#5722,#1203);
#668=LINE('',#5724,#1204);
#669=LINE('',#5726,#1205);
#670=LINE('',#5728,#1206);
#671=LINE('',#5730,#1207);
#672=LINE('',#5732,#1208);
#673=LINE('',#5734,#1209);
#674=LINE('',#5736,#1210);
#675=LINE('',#5738,#1211);
#676=LINE('',#5740,#1212);
#677=LINE('',#5742,#1213);
#678=LINE('',#5744,#1214);
#679=LINE('',#5746,#1215);
#680=LINE('',#5747,#1216);
#681=LINE('',#5754,#1217);
#682=LINE('',#5756,#1218);
#683=LINE('',#5758,#1219);
#684=LINE('',#5760,#1220);
#685=LINE('',#5762,#1221);
#686=LINE('',#5764,#1222);
#687=LINE('',#5766,#1223);
#688=LINE('',#5768,#1224);
#689=LINE('',#5770,#1225);
#690=LINE('',#5772,#1226);
#691=LINE('',#5774,#1227);
#692=LINE('',#5776,#1228);
#693=LINE('',#5778,#1229);
#694=LINE('',#5780,#1230);
#695=LINE('',#5782,#1231);
#696=LINE('',#5784,#1232);
#697=LINE('',#5786,#1233);
#698=LINE('',#5788,#1234);
#699=LINE('',#5790,#1235);
#700=LINE('',#5792,#1236);
#701=LINE('',#5794,#1237);
#702=LINE('',#5796,#1238);
#703=LINE('',#5798,#1239);
#704=LINE('',#5800,#1240);
#705=LINE('',#5802,#1241);
#706=LINE('',#5804,#1242);
#707=LINE('',#5805,#1243);
#708=LINE('',#5807,#1244);
#709=LINE('',#5809,#1245);
#710=LINE('',#5811,#1246);
#711=LINE('',#5813,#1247);
#712=LINE('',#5815,#1248);
#713=LINE('',#5817,#1249);
#714=LINE('',#5819,#1250);
#715=LINE('',#5821,#1251);
#716=LINE('',#5823,#1252);
#717=LINE('',#5825,#1253);
#718=LINE('',#5827,#1254);
#719=LINE('',#5829,#1255);
#720=LINE('',#5830,#1256);
#721=LINE('',#5834,#1257);
#722=LINE('',#5836,#1258);
#723=LINE('',#5837,#1259);
#724=LINE('',#5840,#1260);
#725=LINE('',#5841,#1261);
#726=LINE('',#5844,#1262);
#727=LINE('',#5845,#1263);
#728=LINE('',#5849,#1264);
#729=LINE('',#5851,#1265);
#730=LINE('',#5852,#1266);
#731=LINE('',#5856,#1267);
#732=LINE('',#5858,#1268);
#733=LINE('',#5860,#1269);
#734=LINE('',#5861,#1270);
#735=LINE('',#5864,#1271);
#736=LINE('',#5865,#1272);
#737=LINE('',#5868,#1273);
#738=LINE('',#5870,#1274);
#739=LINE('',#5871,#1275);
#740=LINE('',#5875,#1276);
#741=LINE('',#5876,#1277);
#742=LINE('',#5877,#1278);
#743=LINE('',#5880,#1279);
#744=LINE('',#5881,#1280);
#745=LINE('',#5884,#1281);
#746=LINE('',#5885,#1282);
#747=LINE('',#5888,#1283);
#748=LINE('',#5889,#1284);
#749=LINE('',#5892,#1285);
#750=LINE('',#5893,#1286);
#751=LINE('',#5896,#1287);
#752=LINE('',#5898,#1288);
#753=LINE('',#5899,#1289);
#754=LINE('',#5902,#1290);
#755=LINE('',#5903,#1291);
#756=LINE('',#5906,#1292);
#757=LINE('',#5907,#1293);
#758=LINE('',#5910,#1294);
#759=LINE('',#5911,#1295);
#760=LINE('',#5914,#1296);
#761=LINE('',#5915,#1297);
#762=LINE('',#5918,#1298);
#763=LINE('',#5919,#1299);
#764=LINE('',#5922,#1300);
#765=LINE('',#5923,#1301);
#766=LINE('',#5925,#1302);
#767=LINE('',#5927,#1303);
#768=LINE('',#5928,#1304);
#769=LINE('',#5931,#1305);
#770=LINE('',#5933,#1306);
#771=LINE('',#5934,#1307);
#772=LINE('',#5937,#1308);
#773=LINE('',#5938,#1309);
#774=LINE('',#5940,#1310);
#775=LINE('',#5943,#1311);
#776=LINE('',#5944,#1312);
#777=LINE('',#5947,#1313);
#778=LINE('',#5949,#1314);
#779=LINE('',#5950,#1315);
#780=LINE('',#5953,#1316);
#781=LINE('',#5954,#1317);
#782=LINE('',#5955,#1318);
#783=LINE('',#5958,#1319);
#784=LINE('',#5962,#1320);
#785=LINE('',#5966,#1321);
#786=LINE('',#5967,#1322);
#787=LINE('',#5970,#1323);
#788=LINE('',#5971,#1324);
#789=LINE('',#5974,#1325);
#790=LINE('',#5975,#1326);
#791=LINE('',#5978,#1327);
#792=LINE('',#5979,#1328);
#793=LINE('',#5981,#1329);
#794=LINE('',#5983,#1330);
#795=LINE('',#5984,#1331);
#796=LINE('',#5986,#1332);
#797=LINE('',#5988,#1333);
#798=LINE('',#5991,#1334);
#799=LINE('',#5992,#1335);
#800=LINE('',#5994,#1336);
#801=LINE('',#5995,#1337);
#802=LINE('',#5997,#1338);
#803=LINE('',#5998,#1339);
#804=LINE('',#6001,#1340);
#805=LINE('',#6002,#1341);
#806=LINE('',#6004,#1342);
#807=LINE('',#6006,#1343);
#808=LINE('',#6008,#1344);
#809=LINE('',#6010,#1345);
#810=LINE('',#6012,#1346);
#811=LINE('',#6015,#1347);
#812=LINE('',#6016,#1348);
#813=LINE('',#6018,#1349);
#814=LINE('',#6020,#1350);
#815=LINE('',#6021,#1351);
#816=LINE('',#6024,#1352);
#817=LINE('',#6026,#1353);
#818=LINE('',#6029,#1354);
#819=LINE('',#6030,#1355);
#820=LINE('',#6032,#1356);
#821=LINE('',#6034,#1357);
#822=LINE('',#6036,#1358);
#823=LINE('',#6037,#1359);
#824=LINE('',#6039,#1360);
#825=LINE('',#6042,#1361);
#826=LINE('',#6043,#1362);
#827=LINE('',#6045,#1363);
#828=LINE('',#6047,#1364);
#829=LINE('',#6049,#1365);
#830=LINE('',#6051,#1366);
#831=LINE('',#6052,#1367);
#832=LINE('',#6055,#1368);
#833=LINE('',#6056,#1369);
#834=LINE('',#6058,#1370);
#835=LINE('',#6059,#1371);
#836=LINE('',#6061,#1372);
#837=LINE('',#6064,#1373);
#838=LINE('',#6066,#1374);
#839=LINE('',#6068,#1375);
#840=LINE('',#6070,#1376);
#841=LINE('',#6072,#1377);
#842=LINE('',#6074,#1378);
#843=LINE('',#6076,#1379);
#844=LINE('',#6077,#1380);
#845=LINE('',#6079,#1381);
#846=LINE('',#6082,#1382);
#847=LINE('',#6083,#1383);
#848=LINE('',#6086,#1384);
#849=LINE('',#6090,#1385);
#850=LINE('',#6091,#1386);
#851=LINE('',#6098,#1387);
#852=LINE('',#6100,#1388);
#853=LINE('',#6102,#1389);
#854=LINE('',#6104,#1390);
#855=LINE('',#6105,#1391);
#856=LINE('',#6108,#1392);
#857=LINE('',#6110,#1393);
#858=LINE('',#6111,#1394);
#859=LINE('',#6115,#1395);
#860=LINE('',#6117,#1396);
#861=LINE('',#6119,#1397);
#862=LINE('',#6121,#1398);
#863=LINE('',#6123,#1399);
#864=LINE('',#6124,#1400);
#865=LINE('',#6127,#1401);
#866=LINE('',#6128,#1402);
#867=LINE('',#6132,#1403);
#868=LINE('',#6134,#1404);
#869=LINE('',#6136,#1405);
#870=LINE('',#6137,#1406);
#871=LINE('',#6138,#1407);
#872=LINE('',#6142,#1408);
#873=LINE('',#6143,#1409);
#874=LINE('',#6144,#1410);
#875=LINE('',#6148,#1411);
#876=LINE('',#6150,#1412);
#877=LINE('',#6152,#1413);
#878=LINE('',#6154,#1414);
#879=LINE('',#6156,#1415);
#880=LINE('',#6158,#1416);
#881=LINE('',#6160,#1417);
#882=LINE('',#6162,#1418);
#883=LINE('',#6164,#1419);
#884=LINE('',#6165,#1420);
#885=LINE('',#6169,#1421);
#886=LINE('',#6170,#1422);
#887=LINE('',#6172,#1423);
#888=LINE('',#6173,#1424);
#889=LINE('',#6177,#1425);
#890=LINE('',#6179,#1426);
#891=LINE('',#6180,#1427);
#892=LINE('',#6183,#1428);
#893=LINE('',#6185,#1429);
#894=LINE('',#6186,#1430);
#895=LINE('',#6188,#1431);
#896=LINE('',#6190,#1432);
#897=LINE('',#6191,#1433);
#898=LINE('',#6194,#1434);
#899=LINE('',#6195,#1435);
#900=LINE('',#6198,#1436);
#901=LINE('',#6199,#1437);
#902=LINE('',#6202,#1438);
#903=LINE('',#6204,#1439);
#904=LINE('',#6205,#1440);
#905=LINE('',#6208,#1441);
#906=LINE('',#6210,#1442);
#907=LINE('',#6212,#1443);
#908=LINE('',#6213,#1444);
#909=LINE('',#6216,#1445);
#910=LINE('',#6218,#1446);
#911=LINE('',#6220,#1447);
#912=LINE('',#6221,#1448);
#913=LINE('',#6224,#1449);
#914=LINE('',#6226,#1450);
#915=LINE('',#6228,#1451);
#916=LINE('',#6229,#1452);
#917=LINE('',#6232,#1453);
#918=LINE('',#6234,#1454);
#919=LINE('',#6235,#1455);
#920=LINE('',#6239,#1456);
#921=LINE('',#6240,#1457);
#922=LINE('',#6241,#1458);
#923=LINE('',#6244,#1459);
#924=LINE('',#6246,#1460);
#925=LINE('',#6247,#1461);
#926=LINE('',#6250,#1462);
#927=LINE('',#6252,#1463);
#928=LINE('',#6254,#1464);
#929=LINE('',#6255,#1465);
#930=LINE('',#6257,#1466);
#931=LINE('',#6260,#1467);
#932=LINE('',#6262,#1468);
#933=LINE('',#6263,#1469);
#934=LINE('',#6264,#1470);
#935=LINE('',#6267,#1471);
#936=LINE('',#6268,#1472);
#937=LINE('',#6271,#1473);
#938=LINE('',#6272,#1474);
#939=LINE('',#6274,#1475);
#940=LINE('',#6275,#1476);
#941=LINE('',#6278,#1477);
#942=LINE('',#6280,#1478);
#943=LINE('',#6282,#1479);
#944=LINE('',#6283,#1480);
#945=LINE('',#6286,#1481);
#946=LINE('',#6288,#1482);
#947=LINE('',#6290,#1483);
#948=LINE('',#6292,#1484);
#949=LINE('',#6293,#1485);
#950=LINE('',#6295,#1486);
#951=LINE('',#6297,#1487);
#952=LINE('',#6298,#1488);
#953=LINE('',#6303,#1489);
#954=LINE('',#6306,#1490);
#955=LINE('',#6309,#1491);
#956=LINE('',#6310,#1492);
#957=LINE('',#6313,#1493);
#958=LINE('',#6315,#1494);
#959=LINE('',#6316,#1495);
#960=LINE('',#6318,#1496);
#961=LINE('',#6322,#1497);
#962=LINE('',#6323,#1498);
#963=LINE('',#6324,#1499);
#964=LINE('',#6327,#1500);
#965=LINE('',#6329,#1501);
#966=LINE('',#6331,#1502);
#967=LINE('',#6333,#1503);
#968=LINE('',#6334,#1504);
#969=LINE('',#6336,#1505);
#970=LINE('',#6338,#1506);
#971=LINE('',#6339,#1507);
#972=LINE('',#6341,#1508);
#973=LINE('',#6343,#1509);
#974=LINE('',#6346,#1510);
#975=LINE('',#6348,#1511);
#976=LINE('',#6350,#1512);
#977=LINE('',#6351,#1513);
#978=LINE('',#6355,#1514);
#979=LINE('',#6358,#1515);
#980=LINE('',#6359,#1516);
#981=LINE('',#6360,#1517);
#982=LINE('',#6363,#1518);
#983=LINE('',#6364,#1519);
#984=LINE('',#6366,#1520);
#985=LINE('',#6369,#1521);
#986=LINE('',#6371,#1522);
#987=LINE('',#6372,#1523);
#988=LINE('',#6373,#1524);
#989=LINE('',#6376,#1525);
#990=LINE('',#6378,#1526);
#991=LINE('',#6379,#1527);
#992=LINE('',#6380,#1528);
#993=LINE('',#6382,#1529);
#994=LINE('',#6385,#1530);
#995=LINE('',#6386,#1531);
#996=LINE('',#6389,#1532);
#997=LINE('',#6391,#1533);
#998=LINE('',#6393,#1534);
#999=LINE('',#6395,#1535);
#1000=LINE('',#6396,#1536);
#1001=LINE('',#6397,#1537);
#1002=LINE('',#6400,#1538);
#1003=LINE('',#6403,#1539);
#1004=LINE('',#6404,#1540);
#1005=LINE('',#6405,#1541);
#1006=LINE('',#6407,#1542);
#1007=LINE('',#6410,#1543);
#1008=LINE('',#6412,#1544);
#1009=LINE('',#6413,#1545);
#1010=LINE('',#6415,#1546);
#1011=LINE('',#6417,#1547);
#1012=LINE('',#6418,#1548);
#1013=LINE('',#6421,#1549);
#1014=LINE('',#6422,#1550);
#1015=LINE('',#6425,#1551);
#1016=LINE('',#6426,#1552);
#1017=LINE('',#6428,#1553);
#1018=LINE('',#6429,#1554);
#1019=LINE('',#6431,#1555);
#1020=LINE('',#6433,#1556);
#1021=LINE('',#6436,#1557);
#1022=LINE('',#6438,#1558);
#1023=LINE('',#6439,#1559);
#1024=LINE('',#6442,#1560);
#1025=LINE('',#6443,#1561);
#1026=LINE('',#6447,#1562);
#1027=LINE('',#6448,#1563);
#1028=LINE('',#6450,#1564);
#1029=LINE('',#6451,#1565);
#1030=LINE('',#6453,#1566);
#1031=LINE('',#6455,#1567);
#1032=LINE('',#6458,#1568);
#1033=LINE('',#6459,#1569);
#1034=LINE('',#6461,#1570);
#1035=LINE('',#6464,#1571);
#1036=LINE('',#6465,#1572);
#1037=LINE('',#6468,#1573);
#1038=LINE('',#6470,#1574);
#1039=LINE('',#6471,#1575);
#1040=LINE('',#6474,#1576);
#1041=LINE('',#6475,#1577);
#1042=LINE('',#6477,#1578);
#1043=LINE('',#6480,#1579);
#1044=LINE('',#6481,#1580);
#1045=LINE('',#6482,#1581);
#1046=LINE('',#6484,#1582);
#1047=LINE('',#6487,#1583);
#1048=LINE('',#6488,#1584);
#1049=LINE('',#6491,#1585);
#1050=LINE('',#6495,#1586);
#1051=LINE('',#6496,#1587);
#1052=LINE('',#6498,#1588);
#1053=LINE('',#6499,#1589);
#1054=LINE('',#6504,#1590);
#1055=LINE('',#6506,#1591);
#1056=LINE('',#6507,#1592);
#1057=LINE('',#6512,#1593);
#1058=LINE('',#6513,#1594);
#1059=LINE('',#6515,#1595);
#1060=LINE('',#6517,#1596);
#1061=LINE('',#6523,#1597);
#1062=LINE('',#6526,#1598);
#1063=LINE('',#6527,#1599);
#1064=LINE('',#6535,#1600);
#1065=LINE('',#6540,#1601);
#1066=LINE('',#6543,#1602);
#1067=LINE('',#6547,#1603);
#1068=LINE('',#6552,#1604);
#1069=LINE('',#6555,#1605);
#1070=LINE('',#6557,#1606);
#1071=LINE('',#6558,#1607);
#1072=LINE('',#6561,#1608);
#1073=LINE('',#6562,#1609);
#1074=LINE('',#6567,#1610);
#1075=LINE('',#6568,#1611);
#1076=LINE('',#6570,#1612);
#1077=LINE('',#6575,#1613);
#1078=LINE('',#6578,#1614);
#1079=LINE('',#6580,#1615);
#1080=LINE('',#6582,#1616);
#1081=LINE('',#6583,#1617);
#1082=LINE('',#6586,#1618);
#1083=LINE('',#6588,#1619);
#1084=LINE('',#6589,#1620);
#1085=LINE('',#6594,#1621);
#1086=LINE('',#6595,#1622);
#1087=LINE('',#6598,#1623);
#1088=LINE('',#6599,#1624);
#1089=LINE('',#6603,#1625);
#1090=LINE('',#6606,#1626);
#1091=LINE('',#6609,#1627);
#1092=LINE('',#6611,#1628);
#1093=LINE('',#6613,#1629);
#1094=LINE('',#6614,#1630);
#1095=LINE('',#6617,#1631);
#1096=LINE('',#6619,#1632);
#1097=LINE('',#6620,#1633);
#1098=LINE('',#6622,#1634);
#1099=LINE('',#6624,#1635);
#1100=LINE('',#6626,#1636);
#1101=LINE('',#6633,#1637);
#1102=LINE('',#6637,#1638);
#1103=LINE('',#6638,#1639);
#1104=LINE('',#6641,#1640);
#1105=LINE('',#6642,#1641);
#1106=LINE('',#6644,#1642);
#1107=LINE('',#6648,#1643);
#1108=LINE('',#6649,#1644);
#1109=LINE('',#6652,#1645);
#1110=LINE('',#6653,#1646);
#1111=LINE('',#6655,#1647);
#1112=LINE('',#6660,#1648);
#1113=LINE('',#6665,#1649);
#1114=VECTOR('',#4446,6.);
#1115=VECTOR('',#4447,4.);
#1116=VECTOR('',#4448,6.);
#1117=VECTOR('',#4449,4.);
#1118=VECTOR('',#4452,10.);
#1119=VECTOR('',#4453,4.);
#1120=VECTOR('',#4454,10.);
#1121=VECTOR('',#4457,6.);
#1122=VECTOR('',#4458,4.);
#1123=VECTOR('',#4459,6.);
#1124=VECTOR('',#4462,10.);
#1125=VECTOR('',#4463,10.);
#1126=VECTOR('',#4474,2.5);
#1127=VECTOR('',#4479,6.);
#1128=VECTOR('',#4480,4.);
#1129=VECTOR('',#4481,6.);
#1130=VECTOR('',#4482,4.);
#1131=VECTOR('',#4485,10.);
#1132=VECTOR('',#4486,4.);
#1133=VECTOR('',#4487,10.);
#1134=VECTOR('',#4490,6.00000000000001);
#1135=VECTOR('',#4491,4.);
#1136=VECTOR('',#4492,6.00000000000001);
#1137=VECTOR('',#4495,10.);
#1138=VECTOR('',#4496,10.);
#1139=VECTOR('',#4507,2.5);
#1140=VECTOR('',#4512,6.);
#1141=VECTOR('',#4513,4.);
#1142=VECTOR('',#4514,6.);
#1143=VECTOR('',#4515,4.);
#1144=VECTOR('',#4518,9.99999999999999);
#1145=VECTOR('',#4519,4.);
#1146=VECTOR('',#4520,9.99999999999999);
#1147=VECTOR('',#4523,6.);
#1148=VECTOR('',#4524,4.);
#1149=VECTOR('',#4525,6.);
#1150=VECTOR('',#4528,10.);
#1151=VECTOR('',#4529,10.);
#1152=VECTOR('',#4540,2.5);
#1153=VECTOR('',#4545,0.0240654559680569);
#1154=VECTOR('',#4546,0.0450436370164281);
#1155=VECTOR('',#4547,0.0236415922399844);
#1156=VECTOR('',#4550,21.1872776723967);
#1157=VECTOR('',#4551,0.0378506191923532);
#1158=VECTOR('',#4552,0.166215917693593);
#1159=VECTOR('',#4553,22.3785871677954);
#1160=VECTOR('',#4554,0.0585401837725349);
#1161=VECTOR('',#4555,0.164708196187796);
#1162=VECTOR('',#4556,19.3498348478341);
#1163=VECTOR('',#4557,0.24688240039341);
#1164=VECTOR('',#4558,4.);
#1165=VECTOR('',#4559,5.00000000000107);
#1166=VECTOR('',#4560,4.00000000000006);
#1167=VECTOR('',#4561,5.);
#1168=VECTOR('',#4564,22.4512386579702);
#1169=VECTOR('',#4565,0.440672087938815);
#1170=VECTOR('',#4566,20.0112599223117);
#1171=VECTOR('',#4567,0.357889969865888);
#1172=VECTOR('',#4568,20.074908605881);
#1173=VECTOR('',#4569,0.441526012434757);
#1174=VECTOR('',#4570,0.0519796940680438);
#1175=VECTOR('',#4571,0.0996488715496203);
#1176=VECTOR('',#4572,4.99891097805647);
#1177=VECTOR('',#4573,2.38171197991686);
#1178=VECTOR('',#4576,5.89101401045645);
#1179=VECTOR('',#4579,0.723090917842923);
#1180=VECTOR('',#4580,3.96099081978392);
#1181=VECTOR('',#4581,12.5281125924457);
#1182=VECTOR('',#4582,0.522552206024022);
#1183=VECTOR('',#4583,7.60289918401413);
#1184=VECTOR('',#4584,12.6266711405911);
#1185=VECTOR('',#4585,1.62733809436693);
#1186=VECTOR('',#4586,21.5467936509867);
#1187=VECTOR('',#4587,3.34182780438013);
#1188=VECTOR('',#4588,17.6872279091393);
#1189=VECTOR('',#4589,0.672264105936462);
#1190=VECTOR('',#4590,0.086231378307618);
#1191=VECTOR('',#4591,2.4949280703805);
#1192=VECTOR('',#4592,11.587824294519);
#1193=VECTOR('',#4593,0.690192778384277);
#1194=VECTOR('',#4594,10.7746164037565);
#1195=VECTOR('',#4595,7.04047482583014);
#1196=VECTOR('',#4596,0.789212371776015);
#1197=VECTOR('',#4597,21.4987541454755);
#1198=VECTOR('',#4598,7.88485546998405);
#1199=VECTOR('',#4599,14.7730467389805);
#1200=VECTOR('',#4600,5.80348160089057);
#1201=VECTOR('',#4601,2.57369514648735);
#1202=VECTOR('',#4602,19.7881592410775);
#1203=VECTOR('',#4603,0.690192778384268);
#1204=VECTOR('',#4604,11.5878242945173);
#1205=VECTOR('',#4605,2.49492807038215);
#1206=VECTOR('',#4606,0.086231378307618);
#1207=VECTOR('',#4607,0.672264105936564);
#1208=VECTOR('',#4608,17.6872279091392);
#1209=VECTOR('',#4609,3.34182780438013);
#1210=VECTOR('',#4610,21.5467936509867);
#1211=VECTOR('',#4611,1.62733809436693);
#1212=VECTOR('',#4612,1.87933470787855);
#1213=VECTOR('',#4613,23.9011533960712);
#1214=VECTOR('',#4614,6.23225518646702);
#1215=VECTOR('',#4615,11.2616210367319);
#1216=VECTOR('',#4616,13.573948610938);
#1217=VECTOR('',#4621,0.631020572305187);
#1218=VECTOR('',#4622,12.5846779117443);
#1219=VECTOR('',#4623,10.4200830662026);
#1220=VECTOR('',#4624,5.71829378338641);
#1221=VECTOR('',#4625,22.4542679825359);
#1222=VECTOR('',#4626,2.06742059510417);
#1223=VECTOR('',#4627,1.65605448557318);
#1224=VECTOR('',#4628,19.9012772662756);
#1225=VECTOR('',#4629,3.24191256973879);
#1226=VECTOR('',#4630,16.9941930603841);
#1227=VECTOR('',#4631,0.116264618150076);
#1228=VECTOR('',#4632,12.7073034250985);
#1229=VECTOR('',#4633,1.23538075796698);
#1230=VECTOR('',#4634,18.7354285748966);
#1231=VECTOR('',#4635,2.57062041301878);
#1232=VECTOR('',#4636,4.89504192746175);
#1233=VECTOR('',#4637,14.5263142706061);
#1234=VECTOR('',#4638,6.73209888004575);
#1235=VECTOR('',#4639,20.3867964491891);
#1236=VECTOR('',#4640,0.531934689598928);
#1237=VECTOR('',#4641,5.27836563260403);
#1238=VECTOR('',#4642,1.26409282037018);
#1239=VECTOR('',#4643,6.);
#1240=VECTOR('',#4644,10.);
#1241=VECTOR('',#4645,6.);
#1242=VECTOR('',#4646,1.46835610462841);
#1243=VECTOR('',#4647,12.7073034250985);
#1244=VECTOR('',#4648,0.116264618150117);
#1245=VECTOR('',#4649,16.9941930603841);
#1246=VECTOR('',#4650,3.24191256973879);
#1247=VECTOR('',#4651,19.9012772662756);
#1248=VECTOR('',#4652,1.60305955345202);
#1249=VECTOR('',#4653,6.);
#1250=VECTOR('',#4654,10.);
#1251=VECTOR('',#4655,6.);
#1252=VECTOR('',#4656,4.13756958798233);
#1253=VECTOR('',#4657,4.55773944688577);
#1254=VECTOR('',#4658,0.453749167851175);
#1255=VECTOR('',#4659,15.4459280801164);
#1256=VECTOR('',#4660,0.591438110133983);
#1257=VECTOR('',#4663,19.2958288145316);
#1258=VECTOR('',#4664,24.2177947244578);
#1259=VECTOR('',#4665,22.1154381012178);
#1260=VECTOR('',#4668,21.9232896232278);
#1261=VECTOR('',#4669,19.0460198937576);
#1262=VECTOR('',#4672,31.179822095259);
#1263=VECTOR('',#4673,26.097487925396);
#1264=VECTOR('',#4676,14.414714655339);
#1265=VECTOR('',#4677,14.7872078384868);
#1266=VECTOR('',#4678,3.48352848286584);
#1267=VECTOR('',#4681,22.6547359760341);
#1268=VECTOR('',#4682,2.58813639106117);
#1269=VECTOR('',#4683,29.5138172213669);
#1270=VECTOR('',#4684,18.2501865663712);
#1271=VECTOR('',#4687,2.27415929958482);
#1272=VECTOR('',#4688,1.74347745878644);
#1273=VECTOR('',#4691,16.3536265967137);
#1274=VECTOR('',#4692,13.1294017462837);
#1275=VECTOR('',#4693,25.8552695487961);
#1276=VECTOR('',#4696,15.2257459793791);
#1277=VECTOR('',#4697,13.01863879699);
#1278=VECTOR('',#4698,20.3075712900215);
#1279=VECTOR('',#4701,21.5386197502126);
#1280=VECTOR('',#4702,4.51810726376981);
#1281=VECTOR('',#4705,2.49046008361998);
#1282=VECTOR('',#4706,3.29625641973575);
#1283=VECTOR('',#4709,3.85507433172106);
#1284=VECTOR('',#4710,5.45801492979255);
#1285=VECTOR('',#4713,19.8633167618391);
#1286=VECTOR('',#4714,3.96564741832295);
#1287=VECTOR('',#4717,16.436116315428);
#1288=VECTOR('',#4718,13.0709034982137);
#1289=VECTOR('',#4719,27.7332634570826);
#1290=VECTOR('',#4722,7.23853907354586);
#1291=VECTOR('',#4723,12.2622400920943);
#1292=VECTOR('',#4726,15.5490303404866);
#1293=VECTOR('',#4727,17.5885131846454);
#1294=VECTOR('',#4730,17.8707295854359);
#1295=VECTOR('',#4731,26.115408822632);
#1296=VECTOR('',#4734,19.2031758860064);
#1297=VECTOR('',#4735,22.3663911060937);
#1298=VECTOR('',#4738,15.822268956923);
#1299=VECTOR('',#4739,22.6144042005434);
#1300=VECTOR('',#4742,16.7307138882156);
#1301=VECTOR('',#4743,20.1801123723015);
#1302=VECTOR('',#4746,27.1327487469095);
#1303=VECTOR('',#4749,13.6556557215711);
#1304=VECTOR('',#4750,19.689366443186);
#1305=VECTOR('',#4753,3.96321450712796);
#1306=VECTOR('',#4754,19.2249542805534);
#1307=VECTOR('',#4755,24.3433686700942);
#1308=VECTOR('',#4758,14.6665590531428);
#1309=VECTOR('',#4759,25.3485523450811);
#1310=VECTOR('',#4762,14.1954907913647);
#1311=VECTOR('',#4765,21.3657409994516);
#1312=VECTOR('',#4766,29.9102746624715);
#1313=VECTOR('',#4769,5.33569080680666);
#1314=VECTOR('',#4770,19.6407402699251);
#1315=VECTOR('',#4771,19.5142717897836);
#1316=VECTOR('',#4774,3.30463775694298);
#1317=VECTOR('',#4775,5.03306667393579);
#1318=VECTOR('',#4776,1.02503859451365);
#1319=VECTOR('',#4777,8.5);
#1320=VECTOR('',#4780,8.5);
#1321=VECTOR('',#4785,17.1519969835021);
#1322=VECTOR('',#4786,17.4878742726833);
#1323=VECTOR('',#4789,23.8722465970725);
#1324=VECTOR('',#4790,25.9851960316708);
#1325=VECTOR('',#4793,16.471708431699);
#1326=VECTOR('',#4794,21.9067639616136);
#1327=VECTOR('',#4797,19.09237480902);
#1328=VECTOR('',#4798,19.055156305407);
#1329=VECTOR('',#4801,20.7776270097663);
#1330=VECTOR('',#4804,8.16835190155793);
#1331=VECTOR('',#4805,5.20246416378807);
#1332=VECTOR('',#4808,6.02080826073782);
#1333=VECTOR('',#4811,27.3152894452174);
#1334=VECTOR('',#4814,0.977077145132439);
#1335=VECTOR('',#4815,12.7173317735999);
#1336=VECTOR('',#4818,31.1301309840841);
#1337=VECTOR('',#4819,23.8041064857348);
#1338=VECTOR('',#4822,1.01154881683869);
#1339=VECTOR('',#4823,8.07607436691851);
#1340=VECTOR('',#4826,21.1684695778853);
#1341=VECTOR('',#4827,24.1257967944624);
#1342=VECTOR('',#4830,29.1242171144198);
#1343=VECTOR('',#4833,20.4206741759531);
#1344=VECTOR('',#4836,22.8707595582092);
#1345=VECTOR('',#4839,16.3695443283012);
#1346=VECTOR('',#4842,23.2922035393441);
#1347=VECTOR('',#4845,0.721425821392218);
#1348=VECTOR('',#4846,20.2905631150597);
#1349=VECTOR('',#4849,0.119347840831962);
#1350=VECTOR('',#4852,2.55283266873574);
#1351=VECTOR('',#4853,0.125574431717375);
#1352=VECTOR('',#4858,27.7779432000536);
#1353=VECTOR('',#4861,26.8700112395561);
#1354=VECTOR('',#4864,22.0709902759556);
#1355=VECTOR('',#4865,24.1126264866107);
#1356=VECTOR('',#4868,25.546613743593);
#1357=VECTOR('',#4871,24.2396779102085);
#1358=VECTOR('',#4874,1.56438088870153);
#1359=VECTOR('',#4875,2.67566691847209);
#1360=VECTOR('',#4878,2.05926063863604);
#1361=VECTOR('',#4881,24.5559109850705);
#1362=VECTOR('',#4882,25.5059659356406);
#1363=VECTOR('',#4885,3.40934807785472);
#1364=VECTOR('',#4888,21.8717091459866);
#1365=VECTOR('',#4891,16.9987832095317);
#1366=VECTOR('',#4894,22.0716624536144);
#1367=VECTOR('',#4895,19.927256422417);
#1368=VECTOR('',#4898,22.4301757604593);
#1369=VECTOR('',#4899,31.1471088458437);
#1370=VECTOR('',#4902,12.0846522709783);
#1371=VECTOR('',#4903,0.728241572226471);
#1372=VECTOR('',#4906,25.3009910440084);
#1373=VECTOR('',#4911,22.4172579114332);
#1374=VECTOR('',#4914,0.587740777780418);
#1375=VECTOR('',#4917,5.40139819763301);
#1376=VECTOR('',#4920,5.09840201787246);
#1377=VECTOR('',#4923,27.5695980976174);
#1378=VECTOR('',#4926,8.30593291949424);
#1379=VECTOR('',#4929,4.7832309448985);
#1380=VECTOR('',#4930,0.876694456530393);
#1381=VECTOR('',#4933,7.76911443665394);
#1382=VECTOR('',#4938,7.05290892219787);
#1383=VECTOR('',#4939,0.340267826725195);
#1384=VECTOR('',#4944,3.6835130520141);
#1385=VECTOR('',#4951,12.3826371653312);
#1386=VECTOR('',#4952,20.3349847866784);
#1387=VECTOR('',#4963,18.9852831661924);
#1388=VECTOR('',#4964,0.0510809027225821);
#1389=VECTOR('',#4965,20.2222878246418);
#1390=VECTOR('',#4966,20.5446716618111);
#1391=VECTOR('',#4967,0.0120195906811921);
#1392=VECTOR('',#4970,0.106451645908472);
#1393=VECTOR('',#4971,13.1701642245974);
#1394=VECTOR('',#4972,0.843103692475486);
#1395=VECTOR('',#4975,17.7838215348776);
#1396=VECTOR('',#4976,0.0756718133223255);
#1397=VECTOR('',#4977,0.113516988514112);
#1398=VECTOR('',#4978,20.4967276367791);
#1399=VECTOR('',#4979,22.5272684640922);
#1400=VECTOR('',#4980,0.10047889000001);
#1401=VECTOR('',#4983,20.2053964027345);
#1402=VECTOR('',#4984,17.5535874616193);
#1403=VECTOR('',#4987,29.1525192830725);
#1404=VECTOR('',#4988,24.3332839295902);
#1405=VECTOR('',#4989,0.187993928027299);
#1406=VECTOR('',#4990,0.0196367544471931);
#1407=VECTOR('',#4991,0.0379544830424725);
#1408=VECTOR('',#4994,7.61088960222593);
#1409=VECTOR('',#4995,1.82264627238178);
#1410=VECTOR('',#4996,7.74759852612555);
#1411=VECTOR('',#4999,23.5792575656518);
#1412=VECTOR('',#5000,15.8637932329845);
#1413=VECTOR('',#5001,0.00974866757307118);
#1414=VECTOR('',#5002,0.541137704280725);
#1415=VECTOR('',#5003,0.181344131956052);
#1416=VECTOR('',#5004,0.202013568599649);
#1417=VECTOR('',#5005,27.0601248452818);
#1418=VECTOR('',#5006,0.160514907594891);
#1419=VECTOR('',#5007,0.508467091926861);
#1420=VECTOR('',#5008,0.189122983689893);
#1421=VECTOR('',#5011,11.0187206786268);
#1422=VECTOR('',#5012,16.7467691079246);
#1423=VECTOR('',#5013,23.9458568365001);
#1424=VECTOR('',#5014,0.0320383110215343);
#1425=VECTOR('',#5017,12.9748177771188);
#1426=VECTOR('',#5018,17.2989264251362);
#1427=VECTOR('',#5019,11.0874995650216);
#1428=VECTOR('',#5022,22.5901793217894);
#1429=VECTOR('',#5023,0.19982426634991);
#1430=VECTOR('',#5024,0.0813271412333174);
#1431=VECTOR('',#5025,0.0121844984220597);
#1432=VECTOR('',#5026,0.711108489968675);
#1433=VECTOR('',#5027,1.46502581936794);
#1434=VECTOR('',#5030,0.807547964579355);
#1435=VECTOR('',#5031,1.06883269480878);
#1436=VECTOR('',#5034,2.9429389125922);
#1437=VECTOR('',#5035,2.32051240237485);
#1438=VECTOR('',#5038,0.197799259707808);
#1439=VECTOR('',#5039,2.37736448913607);
#1440=VECTOR('',#5040,20.2598831051309);
#1441=VECTOR('',#5043,16.8714884035186);
#1442=VECTOR('',#5044,25.6481158124658);
#1443=VECTOR('',#5045,0.0985050998196227);
#1444=VECTOR('',#5046,10.787226104152);
#1445=VECTOR('',#5049,0.143638569384055);
#1446=VECTOR('',#5050,0.0880537255750021);
#1447=VECTOR('',#5051,10.2087222296591);
#1448=VECTOR('',#5052,6.20162799639742);
#1449=VECTOR('',#5055,13.4318852772392);
#1450=VECTOR('',#5056,0.263200199216992);
#1451=VECTOR('',#5057,0.178984080763413);
#1452=VECTOR('',#5058,14.6893233201603);
#1453=VECTOR('',#5061,16.2207430822508);
#1454=VECTOR('',#5062,0.0236151645815675);
#1455=VECTOR('',#5063,24.4604018068045);
#1456=VECTOR('',#5066,17.4397641721018);
#1457=VECTOR('',#5067,0.0592895754109746);
#1458=VECTOR('',#5068,20.2065062442877);
#1459=VECTOR('',#5071,14.5608387451782);
#1460=VECTOR('',#5072,20.9204838827408);
#1461=VECTOR('',#5073,0.0965392998410613);
#1462=VECTOR('',#5076,18.5952271996075);
#1463=VECTOR('',#5077,0.129778708284815);
#1464=VECTOR('',#5078,15.3694425399148);
#1465=VECTOR('',#5079,0.0767147146157825);
#1466=VECTOR('',#5082,25.2527022411746);
#1467=VECTOR('',#5085,0.0989484447308784);
#1468=VECTOR('',#5086,0.264536551283886);
#1469=VECTOR('',#5087,17.997805062495);
#1470=VECTOR('',#5088,13.804391393987);
#1471=VECTOR('',#5091,9.37120882169922);
#1472=VECTOR('',#5092,16.7911138064921);
#1473=VECTOR('',#5095,12.748760644844);
#1474=VECTOR('',#5096,22.033977115545);
#1475=VECTOR('',#5099,12.7028035963351);
#1476=VECTOR('',#5100,0.135993832760096);
#1477=VECTOR('',#5103,27.8694613140189);
#1478=VECTOR('',#5104,0.0710280840270856);
#1479=VECTOR('',#5105,0.239363945708742);
#1480=VECTOR('',#5106,19.6456639725139);
#1481=VECTOR('',#5109,6.30711153145754);
#1482=VECTOR('',#5110,17.1817760364845);
#1483=VECTOR('',#5111,0.229748225535211);
#1484=VECTOR('',#5112,18.1796048904094);
#1485=VECTOR('',#5113,0.204287762424129);
#1486=VECTOR('',#5116,2.47619370373604);
#1487=VECTOR('',#5117,5.60553278498507);
#1488=VECTOR('',#5118,3.63823697646293);
#1489=VECTOR('',#5121,8.5);
#1490=VECTOR('',#5124,8.5);
#1491=VECTOR('',#5127,16.02306352438);
#1492=VECTOR('',#5128,14.8305236581128);
#1493=VECTOR('',#5131,24.3510074646279);
#1494=VECTOR('',#5132,0.0262385092139318);
#1495=VECTOR('',#5133,22.3530355369672);
#1496=VECTOR('',#5136,15.1144384146395);
#1497=VECTOR('',#5139,17.5552295327719);
#1498=VECTOR('',#5140,17.7171293585672);
#1499=VECTOR('',#5141,0.202759304315046);
#1500=VECTOR('',#5144,0.0987186657038498);
#1501=VECTOR('',#5145,0.0543066828464217);
#1502=VECTOR('',#5146,19.1232965305588);
#1503=VECTOR('',#5147,0.0431659375160987);
#1504=VECTOR('',#5148,0.300377949260686);
#1505=VECTOR('',#5151,4.79810553256714);
#1506=VECTOR('',#5152,0.0862194223517601);
#1507=VECTOR('',#5153,7.49472454218775);
#1508=VECTOR('',#5156,5.52428445534429);
#1509=VECTOR('',#5159,25.3268115169137);
#1510=VECTOR('',#5162,0.698688106959729);
#1511=VECTOR('',#5163,0.510650268333198);
#1512=VECTOR('',#5164,0.520158716327657);
#1513=VECTOR('',#5165,14.6686382381741);
#1514=VECTOR('',#5168,0.360489946033877);
#1515=VECTOR('',#5171,10.8633759586551);
#1516=VECTOR('',#5172,29.1035132852415);
#1517=VECTOR('',#5173,10.4254031610918);
#1518=VECTOR('',#5176,4.84139560807033);
#1519=VECTOR('',#5177,0.606397090553324);
#1520=VECTOR('',#5180,22.0530908872576);
#1521=VECTOR('',#5183,4.14620216941093);
#1522=VECTOR('',#5184,9.11001134601875);
#1523=VECTOR('',#5185,23.0301643494119);
#1524=VECTOR('',#5186,0.161681021736378);
#1525=VECTOR('',#5189,4.18468292416051);
#1526=VECTOR('',#5190,18.8611588955049);
#1527=VECTOR('',#5191,0.287489001546676);
#1528=VECTOR('',#5192,0.900644617393047);
#1529=VECTOR('',#5195,15.1194115318032);
#1530=VECTOR('',#5198,21.5699944569204);
#1531=VECTOR('',#5199,0.254359373857047);
#1532=VECTOR('',#5202,9.97499324824161);
#1533=VECTOR('',#5203,4.02326617304551);
#1534=VECTOR('',#5204,8.78302180537082);
#1535=VECTOR('',#5205,14.1563989819675);
#1536=VECTOR('',#5206,0.51440791128654);
#1537=VECTOR('',#5207,0.0989877274069982);
#1538=VECTOR('',#5212,25.7794875030731);
#1539=VECTOR('',#5215,1.34955110504861);
#1540=VECTOR('',#5216,4.19972387481714);
#1541=VECTOR('',#5217,24.2166333398397);
#1542=VECTOR('',#5220,21.9146737313273);
#1543=VECTOR('',#5223,4.20904256698439);
#1544=VECTOR('',#5224,1.8824827606335);
#1545=VECTOR('',#5225,19.1896770554408);
#1546=VECTOR('',#5228,2.631542746596);
#1547=VECTOR('',#5229,0.158736255444468);
#1548=VECTOR('',#5230,1.41485395908827);
#1549=VECTOR('',#5233,0.343584730069669);
#1550=VECTOR('',#5234,1.66988334324231);
#1551=VECTOR('',#5237,22.4270421513059);
#1552=VECTOR('',#5238,23.6331345430464);
#1553=VECTOR('',#5239,0.122956012654075);
#1554=VECTOR('',#5240,0.302877154005826);
#1555=VECTOR('',#5243,2.94475452453627);
#1556=VECTOR('',#5246,0.0367126964482531);
#1557=VECTOR('',#5247,3.82016150793808);
#1558=VECTOR('',#5248,1.86470651908888);
#1559=VECTOR('',#5249,3.34943334641787);
#1560=VECTOR('',#5252,0.211232066599471);
#1561=VECTOR('',#5253,15.4904770512064);
#1562=VECTOR('',#5256,20.46641459939);
#1563=VECTOR('',#5257,0.394078269972151);
#1564=VECTOR('',#5258,29.1154179007613);
#1565=VECTOR('',#5259,0.105403105648097);
#1566=VECTOR('',#5262,23.2146333077169);
#1567=VECTOR('',#5265,0.193014445024424);
#1568=VECTOR('',#5268,21.0317181421989);
#1569=VECTOR('',#5269,0.213707859357906);
#1570=VECTOR('',#5272,0.558351913106014);
#1571=VECTOR('',#5275,0.16639572737137);
#1572=VECTOR('',#5276,4.91581615769227);
#1573=VECTOR('',#5279,0.190861273850232);
#1574=VECTOR('',#5280,0.242944565052184);
#1575=VECTOR('',#5281,4.3003309662792);
#1576=VECTOR('',#5284,0.110576413151264);
#1577=VECTOR('',#5285,25.5680385031489);
#1578=VECTOR('',#5288,7.00577561603192);
#1579=VECTOR('',#5291,4.08392821019159);
#1580=VECTOR('',#5292,0.100452243849974);
#1581=VECTOR('',#5293,0.484895632728318);
#1582=VECTOR('',#5296,6.63327904957161);
#1583=VECTOR('',#5301,0.212072508917722);
#1584=VECTOR('',#5302,5.25580519036385);
#1585=VECTOR('',#5307,3.4057624310245);
#1586=VECTOR('',#5312,8.15655610504991);
#1587=VECTOR('',#5313,4.10637057817093);
#1588=VECTOR('',#5316,18.7300159980232);
#1589=VECTOR('',#5317,11.4328333116021);
#1590=VECTOR('',#5322,2.20539386532945);
#1591=VECTOR('',#5323,4.98777156987741);
#1592=VECTOR('',#5324,5.5167291470304);
#1593=VECTOR('',#5333,3.);
#1594=VECTOR('',#5334,3.);
#1595=VECTOR('',#5337,3.);
#1596=VECTOR('',#5340,3.);
#1597=VECTOR('',#5347,4.);
#1598=VECTOR('',#5352,0.831110990435553);
#1599=VECTOR('',#5353,3.8292956022521);
#1600=VECTOR('',#5364,2.);
#1601=VECTOR('',#5369,4.);
#1602=VECTOR('',#5374,1.11086490765983);
#1603=VECTOR('',#5379,4.09043958087703);
#1604=VECTOR('',#5386,2.);
#1605=VECTOR('',#5389,5.99999999999997);
#1606=VECTOR('',#5390,4.);
#1607=VECTOR('',#5391,6.);
#1608=VECTOR('',#5394,5.99999999999997);
#1609=VECTOR('',#5395,5.);
#1610=VECTOR('',#5400,5.99999999999997);
#1611=VECTOR('',#5401,4.);
#1612=VECTOR('',#5404,5.);
#1613=VECTOR('',#5411,2.);
#1614=VECTOR('',#5414,2.14904610984386);
#1615=VECTOR('',#5415,6.);
#1616=VECTOR('',#5416,4.);
#1617=VECTOR('',#5417,5.77394669025112);
#1618=VECTOR('',#5420,5.);
#1619=VECTOR('',#5421,6.);
#1620=VECTOR('',#5422,1.65820353054714);
#1621=VECTOR('',#5427,4.);
#1622=VECTOR('',#5428,5.);
#1623=VECTOR('',#5431,6.);
#1624=VECTOR('',#5432,5.);
#1625=VECTOR('',#5437,4.);
#1626=VECTOR('',#5442,2.);
#1627=VECTOR('',#5445,0.0374645379280268);
#1628=VECTOR('',#5446,6.);
#1629=VECTOR('',#5447,4.);
#1630=VECTOR('',#5448,5.30359249645464);
#1631=VECTOR('',#5451,4.72028103682521);
#1632=VECTOR('',#5452,4.);
#1633=VECTOR('',#5453,5.99999999999998);
#1634=VECTOR('',#5456,10.);
#1635=VECTOR('',#5459,10.);
#1636=VECTOR('',#5462,10.);
#1637=VECTOR('',#5471,2.5);
#1638=VECTOR('',#5476,4.);
#1639=VECTOR('',#5477,4.69002315643116);
#1640=VECTOR('',#5480,5.07141003383201);
#1641=VECTOR('',#5481,4.);
#1642=VECTOR('',#5484,10.);
#1643=VECTOR('',#5489,4.77054029111949);
#1644=VECTOR('',#5490,4.);
#1645=VECTOR('',#5493,4.90867400396218);
#1646=VECTOR('',#5494,4.);
#1647=VECTOR('',#5497,10.);
#1648=VECTOR('',#5504,2.5);
#1649=VECTOR('',#5511,2.5);
#1650=VERTEX_POINT('',#5516);
#1651=VERTEX_POINT('',#5517);
#1652=VERTEX_POINT('',#5519);
#1653=VERTEX_POINT('',#5521);
#1654=VERTEX_POINT('',#5525);
#1655=VERTEX_POINT('',#5527);
#1656=VERTEX_POINT('',#5531);
#1657=VERTEX_POINT('',#5533);
#1658=VERTEX_POINT('',#5541);
#1659=VERTEX_POINT('',#5544);
#1660=VERTEX_POINT('',#5549);
#1661=VERTEX_POINT('',#5550);
#1662=VERTEX_POINT('',#5552);
#1663=VERTEX_POINT('',#5554);
#1664=VERTEX_POINT('',#5558);
#1665=VERTEX_POINT('',#5560);
#1666=VERTEX_POINT('',#5564);
#1667=VERTEX_POINT('',#5566);
#1668=VERTEX_POINT('',#5574);
#1669=VERTEX_POINT('',#5577);
#1670=VERTEX_POINT('',#5582);
#1671=VERTEX_POINT('',#5583);
#1672=VERTEX_POINT('',#5585);
#1673=VERTEX_POINT('',#5587);
#1674=VERTEX_POINT('',#5591);
#1675=VERTEX_POINT('',#5593);
#1676=VERTEX_POINT('',#5597);
#1677=VERTEX_POINT('',#5599);
#1678=VERTEX_POINT('',#5607);
#1679=VERTEX_POINT('',#5610);
#1680=VERTEX_POINT('',#5615);
#1681=VERTEX_POINT('',#5616);
#1682=VERTEX_POINT('',#5618);
#1683=VERTEX_POINT('',#5622);
#1684=VERTEX_POINT('',#5623);
#1685=VERTEX_POINT('',#5625);
#1686=VERTEX_POINT('',#5627);
#1687=VERTEX_POINT('',#5629);
#1688=VERTEX_POINT('',#5631);
#1689=VERTEX_POINT('',#5633);
#1690=VERTEX_POINT('',#5635);
#1691=VERTEX_POINT('',#5638);
#1692=VERTEX_POINT('',#5639);
#1693=VERTEX_POINT('',#5641);
#1694=VERTEX_POINT('',#5643);
#1695=VERTEX_POINT('',#5647);
#1696=VERTEX_POINT('',#5648);
#1697=VERTEX_POINT('',#5650);
#1698=VERTEX_POINT('',#5652);
#1699=VERTEX_POINT('',#5654);
#1700=VERTEX_POINT('',#5656);
#1701=VERTEX_POINT('',#5658);
#1702=VERTEX_POINT('',#5660);
#1703=VERTEX_POINT('',#5663);
#1704=VERTEX_POINT('',#5664);
#1705=VERTEX_POINT('',#5666);
#1706=VERTEX_POINT('',#5668);
#1707=VERTEX_POINT('',#5672);
#1708=VERTEX_POINT('',#5673);
#1709=VERTEX_POINT('',#5675);
#1710=VERTEX_POINT('',#5677);
#1711=VERTEX_POINT('',#5679);
#1712=VERTEX_POINT('',#5681);
#1713=VERTEX_POINT('',#5683);
#1714=VERTEX_POINT('',#5685);
#1715=VERTEX_POINT('',#5687);
#1716=VERTEX_POINT('',#5689);
#1717=VERTEX_POINT('',#5691);
#1718=VERTEX_POINT('',#5693);
#1719=VERTEX_POINT('',#5695);
#1720=VERTEX_POINT('',#5697);
#1721=VERTEX_POINT('',#5699);
#1722=VERTEX_POINT('',#5701);
#1723=VERTEX_POINT('',#5703);
#1724=VERTEX_POINT('',#5705);
#1725=VERTEX_POINT('',#5707);
#1726=VERTEX_POINT('',#5709);
#1727=VERTEX_POINT('',#5711);
#1728=VERTEX_POINT('',#5713);
#1729=VERTEX_POINT('',#5715);
#1730=VERTEX_POINT('',#5717);
#1731=VERTEX_POINT('',#5719);
#1732=VERTEX_POINT('',#5721);
#1733=VERTEX_POINT('',#5723);
#1734=VERTEX_POINT('',#5725);
#1735=VERTEX_POINT('',#5727);
#1736=VERTEX_POINT('',#5729);
#1737=VERTEX_POINT('',#5731);
#1738=VERTEX_POINT('',#5733);
#1739=VERTEX_POINT('',#5735);
#1740=VERTEX_POINT('',#5737);
#1741=VERTEX_POINT('',#5739);
#1742=VERTEX_POINT('',#5741);
#1743=VERTEX_POINT('',#5743);
#1744=VERTEX_POINT('',#5745);
#1745=VERTEX_POINT('',#5748);
#1746=VERTEX_POINT('',#5750);
#1747=VERTEX_POINT('',#5752);
#1748=VERTEX_POINT('',#5753);
#1749=VERTEX_POINT('',#5755);
#1750=VERTEX_POINT('',#5757);
#1751=VERTEX_POINT('',#5759);
#1752=VERTEX_POINT('',#5761);
#1753=VERTEX_POINT('',#5763);
#1754=VERTEX_POINT('',#5765);
#1755=VERTEX_POINT('',#5767);
#1756=VERTEX_POINT('',#5769);
#1757=VERTEX_POINT('',#5771);
#1758=VERTEX_POINT('',#5773);
#1759=VERTEX_POINT('',#5775);
#1760=VERTEX_POINT('',#5777);
#1761=VERTEX_POINT('',#5779);
#1762=VERTEX_POINT('',#5781);
#1763=VERTEX_POINT('',#5783);
#1764=VERTEX_POINT('',#5785);
#1765=VERTEX_POINT('',#5787);
#1766=VERTEX_POINT('',#5789);
#1767=VERTEX_POINT('',#5791);
#1768=VERTEX_POINT('',#5793);
#1769=VERTEX_POINT('',#5795);
#1770=VERTEX_POINT('',#5797);
#1771=VERTEX_POINT('',#5799);
#1772=VERTEX_POINT('',#5801);
#1773=VERTEX_POINT('',#5803);
#1774=VERTEX_POINT('',#5806);
#1775=VERTEX_POINT('',#5808);
#1776=VERTEX_POINT('',#5810);
#1777=VERTEX_POINT('',#5812);
#1778=VERTEX_POINT('',#5814);
#1779=VERTEX_POINT('',#5816);
#1780=VERTEX_POINT('',#5818);
#1781=VERTEX_POINT('',#5820);
#1782=VERTEX_POINT('',#5822);
#1783=VERTEX_POINT('',#5824);
#1784=VERTEX_POINT('',#5826);
#1785=VERTEX_POINT('',#5828);
#1786=VERTEX_POINT('',#5832);
#1787=VERTEX_POINT('',#5833);
#1788=VERTEX_POINT('',#5835);
#1789=VERTEX_POINT('',#5839);
#1790=VERTEX_POINT('',#5843);
#1791=VERTEX_POINT('',#5847);
#1792=VERTEX_POINT('',#5848);
#1793=VERTEX_POINT('',#5850);
#1794=VERTEX_POINT('',#5854);
#1795=VERTEX_POINT('',#5855);
#1796=VERTEX_POINT('',#5857);
#1797=VERTEX_POINT('',#5859);
#1798=VERTEX_POINT('',#5863);
#1799=VERTEX_POINT('',#5867);
#1800=VERTEX_POINT('',#5869);
#1801=VERTEX_POINT('',#5873);
#1802=VERTEX_POINT('',#5874);
#1803=VERTEX_POINT('',#5879);
#1804=VERTEX_POINT('',#5883);
#1805=VERTEX_POINT('',#5887);
#1806=VERTEX_POINT('',#5891);
#1807=VERTEX_POINT('',#5895);
#1808=VERTEX_POINT('',#5897);
#1809=VERTEX_POINT('',#5901);
#1810=VERTEX_POINT('',#5905);
#1811=VERTEX_POINT('',#5909);
#1812=VERTEX_POINT('',#5913);
#1813=VERTEX_POINT('',#5917);
#1814=VERTEX_POINT('',#5921);
#1815=VERTEX_POINT('',#5930);
#1816=VERTEX_POINT('',#5932);
#1817=VERTEX_POINT('',#5936);
#1818=VERTEX_POINT('',#5942);
#1819=VERTEX_POINT('',#5946);
#1820=VERTEX_POINT('',#5948);
#1821=VERTEX_POINT('',#5952);
#1822=VERTEX_POINT('',#5956);
#1823=VERTEX_POINT('',#5957);
#1824=VERTEX_POINT('',#5959);
#1825=VERTEX_POINT('',#5961);
#1826=VERTEX_POINT('',#5965);
#1827=VERTEX_POINT('',#5969);
#1828=VERTEX_POINT('',#5973);
#1829=VERTEX_POINT('',#5977);
#1830=VERTEX_POINT('',#5990);
#1831=VERTEX_POINT('',#6000);
#1832=VERTEX_POINT('',#6014);
#1833=VERTEX_POINT('',#6028);
#1834=VERTEX_POINT('',#6041);
#1835=VERTEX_POINT('',#6054);
#1836=VERTEX_POINT('',#6097);
#1837=VERTEX_POINT('',#6099);
#1838=VERTEX_POINT('',#6101);
#1839=VERTEX_POINT('',#6103);
#1840=VERTEX_POINT('',#6107);
#1841=VERTEX_POINT('',#6109);
#1842=VERTEX_POINT('',#6113);
#1843=VERTEX_POINT('',#6114);
#1844=VERTEX_POINT('',#6116);
#1845=VERTEX_POINT('',#6118);
#1846=VERTEX_POINT('',#6120);
#1847=VERTEX_POINT('',#6122);
#1848=VERTEX_POINT('',#6126);
#1849=VERTEX_POINT('',#6130);
#1850=VERTEX_POINT('',#6131);
#1851=VERTEX_POINT('',#6133);
#1852=VERTEX_POINT('',#6135);
#1853=VERTEX_POINT('',#6140);
#1854=VERTEX_POINT('',#6141);
#1855=VERTEX_POINT('',#6146);
#1856=VERTEX_POINT('',#6147);
#1857=VERTEX_POINT('',#6149);
#1858=VERTEX_POINT('',#6151);
#1859=VERTEX_POINT('',#6153);
#1860=VERTEX_POINT('',#6155);
#1861=VERTEX_POINT('',#6157);
#1862=VERTEX_POINT('',#6159);
#1863=VERTEX_POINT('',#6161);
#1864=VERTEX_POINT('',#6163);
#1865=VERTEX_POINT('',#6167);
#1866=VERTEX_POINT('',#6168);
#1867=VERTEX_POINT('',#6171);
#1868=VERTEX_POINT('',#6175);
#1869=VERTEX_POINT('',#6176);
#1870=VERTEX_POINT('',#6178);
#1871=VERTEX_POINT('',#6182);
#1872=VERTEX_POINT('',#6184);
#1873=VERTEX_POINT('',#6187);
#1874=VERTEX_POINT('',#6189);
#1875=VERTEX_POINT('',#6193);
#1876=VERTEX_POINT('',#6197);
#1877=VERTEX_POINT('',#6201);
#1878=VERTEX_POINT('',#6203);
#1879=VERTEX_POINT('',#6207);
#1880=VERTEX_POINT('',#6209);
#1881=VERTEX_POINT('',#6211);
#1882=VERTEX_POINT('',#6215);
#1883=VERTEX_POINT('',#6217);
#1884=VERTEX_POINT('',#6219);
#1885=VERTEX_POINT('',#6223);
#1886=VERTEX_POINT('',#6225);
#1887=VERTEX_POINT('',#6227);
#1888=VERTEX_POINT('',#6231);
#1889=VERTEX_POINT('',#6233);
#1890=VERTEX_POINT('',#6237);
#1891=VERTEX_POINT('',#6238);
#1892=VERTEX_POINT('',#6243);
#1893=VERTEX_POINT('',#6245);
#1894=VERTEX_POINT('',#6249);
#1895=VERTEX_POINT('',#6251);
#1896=VERTEX_POINT('',#6253);
#1897=VERTEX_POINT('',#6259);
#1898=VERTEX_POINT('',#6261);
#1899=VERTEX_POINT('',#6266);
#1900=VERTEX_POINT('',#6270);
#1901=VERTEX_POINT('',#6277);
#1902=VERTEX_POINT('',#6279);
#1903=VERTEX_POINT('',#6281);
#1904=VERTEX_POINT('',#6285);
#1905=VERTEX_POINT('',#6287);
#1906=VERTEX_POINT('',#6289);
#1907=VERTEX_POINT('',#6291);
#1908=VERTEX_POINT('',#6296);
#1909=VERTEX_POINT('',#6299);
#1910=VERTEX_POINT('',#6300);
#1911=VERTEX_POINT('',#6302);
#1912=VERTEX_POINT('',#6304);
#1913=VERTEX_POINT('',#6308);
#1914=VERTEX_POINT('',#6312);
#1915=VERTEX_POINT('',#6314);
#1916=VERTEX_POINT('',#6320);
#1917=VERTEX_POINT('',#6321);
#1918=VERTEX_POINT('',#6326);
#1919=VERTEX_POINT('',#6328);
#1920=VERTEX_POINT('',#6330);
#1921=VERTEX_POINT('',#6332);
#1922=VERTEX_POINT('',#6337);
#1923=VERTEX_POINT('',#6345);
#1924=VERTEX_POINT('',#6347);
#1925=VERTEX_POINT('',#6349);
#1926=VERTEX_POINT('',#6353);
#1927=VERTEX_POINT('',#6354);
#1928=VERTEX_POINT('',#6356);
#1929=VERTEX_POINT('',#6362);
#1930=VERTEX_POINT('',#6368);
#1931=VERTEX_POINT('',#6370);
#1932=VERTEX_POINT('',#6375);
#1933=VERTEX_POINT('',#6377);
#1934=VERTEX_POINT('',#6384);
#1935=VERTEX_POINT('',#6388);
#1936=VERTEX_POINT('',#6390);
#1937=VERTEX_POINT('',#6392);
#1938=VERTEX_POINT('',#6394);
#1939=VERTEX_POINT('',#6402);
#1940=VERTEX_POINT('',#6409);
#1941=VERTEX_POINT('',#6411);
#1942=VERTEX_POINT('',#6416);
#1943=VERTEX_POINT('',#6420);
#1944=VERTEX_POINT('',#6424);
#1945=VERTEX_POINT('',#6427);
#1946=VERTEX_POINT('',#6434);
#1947=VERTEX_POINT('',#6435);
#1948=VERTEX_POINT('',#6437);
#1949=VERTEX_POINT('',#6441);
#1950=VERTEX_POINT('',#6445);
#1951=VERTEX_POINT('',#6446);
#1952=VERTEX_POINT('',#6449);
#1953=VERTEX_POINT('',#6457);
#1954=VERTEX_POINT('',#6463);
#1955=VERTEX_POINT('',#6467);
#1956=VERTEX_POINT('',#6469);
#1957=VERTEX_POINT('',#6473);
#1958=VERTEX_POINT('',#6479);
#1959=VERTEX_POINT('',#6494);
#1960=VERTEX_POINT('',#6501);
#1961=VERTEX_POINT('',#6503);
#1962=VERTEX_POINT('',#6505);
#1963=VERTEX_POINT('',#6520);
#1964=VERTEX_POINT('',#6522);
#1965=VERTEX_POINT('',#6529);
#1966=VERTEX_POINT('',#6532);
#1967=VERTEX_POINT('',#6537);
#1968=VERTEX_POINT('',#6539);
#1969=VERTEX_POINT('',#6544);
#1970=VERTEX_POINT('',#6549);
#1971=VERTEX_POINT('',#6554);
#1972=VERTEX_POINT('',#6556);
#1973=VERTEX_POINT('',#6560);
#1974=VERTEX_POINT('',#6563);
#1975=VERTEX_POINT('',#6566);
#1976=VERTEX_POINT('',#6571);
#1977=VERTEX_POINT('',#6577);
#1978=VERTEX_POINT('',#6579);
#1979=VERTEX_POINT('',#6581);
#1980=VERTEX_POINT('',#6585);
#1981=VERTEX_POINT('',#6587);
#1982=VERTEX_POINT('',#6590);
#1983=VERTEX_POINT('',#6593);
#1984=VERTEX_POINT('',#6597);
#1985=VERTEX_POINT('',#6600);
#1986=VERTEX_POINT('',#6608);
#1987=VERTEX_POINT('',#6610);
#1988=VERTEX_POINT('',#6612);
#1989=VERTEX_POINT('',#6616);
#1990=VERTEX_POINT('',#6618);
#1991=VERTEX_POINT('',#6628);
#1992=VERTEX_POINT('',#6631);
#1993=VERTEX_POINT('',#6636);
#1994=VERTEX_POINT('',#6640);
#1995=VERTEX_POINT('',#6647);
#1996=VERTEX_POINT('',#6651);
#1997=VERTEX_POINT('',#6658);
#1998=VERTEX_POINT('',#6663);
#1999=EDGE_CURVE('',#1650,#1651,#578,.T.);
#2000=EDGE_CURVE('',#1652,#1650,#579,.T.);
#2001=EDGE_CURVE('',#1652,#1653,#580,.T.);
#2002=EDGE_CURVE('',#1653,#1651,#581,.T.);
#2003=EDGE_CURVE('',#1654,#1650,#582,.T.);
#2004=EDGE_CURVE('',#1655,#1654,#583,.T.);
#2005=EDGE_CURVE('',#1655,#1652,#584,.T.);
#2006=EDGE_CURVE('',#1656,#1654,#585,.T.);
#2007=EDGE_CURVE('',#1657,#1656,#586,.T.);
#2008=EDGE_CURVE('',#1657,#1655,#587,.T.);
#2009=EDGE_CURVE('',#1651,#1656,#588,.T.);
#2010=EDGE_CURVE('',#1653,#1657,#589,.T.);
#2011=EDGE_CURVE('',#1658,#1658,#58,.T.);
#2012=EDGE_CURVE('',#1659,#1659,#59,.T.);
#2013=EDGE_CURVE('',#1659,#1658,#590,.T.);
#2014=EDGE_CURVE('',#1660,#1661,#591,.T.);
#2015=EDGE_CURVE('',#1662,#1660,#592,.T.);
#2016=EDGE_CURVE('',#1662,#1663,#593,.T.);
#2017=EDGE_CURVE('',#1663,#1661,#594,.T.);
#2018=EDGE_CURVE('',#1664,#1660,#595,.T.);
#2019=EDGE_CURVE('',#1665,#1664,#596,.T.);
#2020=EDGE_CURVE('',#1665,#1662,#597,.T.);
#2021=EDGE_CURVE('',#1666,#1664,#598,.T.);
#2022=EDGE_CURVE('',#1667,#1666,#599,.T.);
#2023=EDGE_CURVE('',#1667,#1665,#600,.T.);
#2024=EDGE_CURVE('',#1661,#1666,#601,.T.);
#2025=EDGE_CURVE('',#1663,#1667,#602,.T.);
#2026=EDGE_CURVE('',#1668,#1668,#60,.T.);
#2027=EDGE_CURVE('',#1669,#1669,#61,.T.);
#2028=EDGE_CURVE('',#1669,#1668,#603,.T.);
#2029=EDGE_CURVE('',#1670,#1671,#604,.T.);
#2030=EDGE_CURVE('',#1672,#1671,#605,.T.);
#2031=EDGE_CURVE('',#1673,#1672,#606,.T.);
#2032=EDGE_CURVE('',#1673,#1670,#607,.T.);
#2033=EDGE_CURVE('',#1671,#1674,#608,.T.);
#2034=EDGE_CURVE('',#1675,#1674,#609,.T.);
#2035=EDGE_CURVE('',#1672,#1675,#610,.T.);
#2036=EDGE_CURVE('',#1674,#1676,#611,.T.);
#2037=EDGE_CURVE('',#1677,#1676,#612,.T.);
#2038=EDGE_CURVE('',#1675,#1677,#613,.T.);
#2039=EDGE_CURVE('',#1676,#1670,#614,.T.);
#2040=EDGE_CURVE('',#1677,#1673,#615,.T.);
#2041=EDGE_CURVE('',#1678,#1678,#62,.T.);
#2042=EDGE_CURVE('',#1679,#1679,#63,.T.);
#2043=EDGE_CURVE('',#1679,#1678,#616,.T.);
#2044=EDGE_CURVE('',#1680,#1681,#617,.F.);
#2045=EDGE_CURVE('',#1681,#1682,#618,.T.);
#2046=EDGE_CURVE('',#1680,#1682,#619,.T.);
#2047=EDGE_CURVE('',#1683,#1684,#620,.T.);
#2048=EDGE_CURVE('',#1685,#1683,#621,.T.);
#2049=EDGE_CURVE('',#1686,#1685,#622,.T.);
#2050=EDGE_CURVE('',#1686,#1687,#623,.T.);
#2051=EDGE_CURVE('',#1687,#1688,#624,.T.);
#2052=EDGE_CURVE('',#1689,#1688,#625,.T.);
#2053=EDGE_CURVE('',#1690,#1689,#626,.T.);
#2054=EDGE_CURVE('',#1690,#1684,#627,.F.);
#2055=EDGE_CURVE('',#1691,#1692,#628,.T.);
#2056=EDGE_CURVE('',#1693,#1691,#629,.T.);
#2057=EDGE_CURVE('',#1694,#1693,#630,.T.);
#2058=EDGE_CURVE('',#1692,#1694,#631,.T.);
#2059=EDGE_CURVE('',#1695,#1696,#632,.T.);
#2060=EDGE_CURVE('',#1697,#1695,#633,.F.);
#2061=EDGE_CURVE('',#1698,#1697,#634,.T.);
#2062=EDGE_CURVE('',#1699,#1698,#635,.T.);
#2063=EDGE_CURVE('',#1700,#1699,#636,.T.);
#2064=EDGE_CURVE('',#1700,#1701,#637,.F.);
#2065=EDGE_CURVE('',#1702,#1701,#638,.T.);
#2066=EDGE_CURVE('',#1696,#1702,#639,.T.);
#2067=EDGE_CURVE('',#1703,#1704,#640,.T.);
#2068=EDGE_CURVE('',#1704,#1705,#641,.T.);
#2069=EDGE_CURVE('',#1705,#1706,#13,.F.);
#2070=EDGE_CURVE('',#1703,#1706,#642,.T.);
#2071=EDGE_CURVE('',#1707,#1708,#643,.T.);
#2072=EDGE_CURVE('',#1708,#1709,#644,.T.);
#2073=EDGE_CURVE('',#1710,#1709,#645,.T.);
#2074=EDGE_CURVE('',#1710,#1711,#646,.T.);
#2075=EDGE_CURVE('',#1711,#1712,#647,.T.);
#2076=EDGE_CURVE('',#1712,#1713,#648,.T.);
#2077=EDGE_CURVE('',#1713,#1714,#649,.T.);
#2078=EDGE_CURVE('',#1714,#1715,#650,.T.);
#2079=EDGE_CURVE('',#1715,#1716,#651,.T.);
#2080=EDGE_CURVE('',#1717,#1716,#652,.T.);
#2081=EDGE_CURVE('',#1717,#1718,#653,.T.);
#2082=EDGE_CURVE('',#1719,#1718,#654,.T.);
#2083=EDGE_CURVE('',#1720,#1719,#655,.T.);
#2084=EDGE_CURVE('',#1721,#1720,#656,.T.);
#2085=EDGE_CURVE('',#1722,#1721,#657,.T.);
#2086=EDGE_CURVE('',#1723,#1722,#658,.T.);
#2087=EDGE_CURVE('',#1723,#1724,#659,.T.);
#2088=EDGE_CURVE('',#1724,#1725,#660,.T.);
#2089=EDGE_CURVE('',#1726,#1725,#661,.T.);
#2090=EDGE_CURVE('',#1727,#1726,#662,.T.);
#2091=EDGE_CURVE('',#1728,#1727,#663,.T.);
#2092=EDGE_CURVE('',#1728,#1729,#664,.T.);
#2093=EDGE_CURVE('',#1730,#1729,#665,.T.);
#2094=EDGE_CURVE('',#1731,#1730,#666,.T.);
#2095=EDGE_CURVE('',#1732,#1731,#667,.T.);
#2096=EDGE_CURVE('',#1733,#1732,#668,.T.);
#2097=EDGE_CURVE('',#1734,#1733,#669,.T.);
#2098=EDGE_CURVE('',#1735,#1734,#670,.T.);
#2099=EDGE_CURVE('',#1735,#1736,#671,.T.);
#2100=EDGE_CURVE('',#1737,#1736,#672,.T.);
#2101=EDGE_CURVE('',#1737,#1738,#673,.T.);
#2102=EDGE_CURVE('',#1738,#1739,#674,.T.);
#2103=EDGE_CURVE('',#1739,#1740,#675,.T.);
#2104=EDGE_CURVE('',#1740,#1741,#676,.T.);
#2105=EDGE_CURVE('',#1741,#1742,#677,.T.);
#2106=EDGE_CURVE('',#1742,#1743,#678,.T.);
#2107=EDGE_CURVE('',#1743,#1744,#679,.T.);
#2108=EDGE_CURVE('',#1707,#1744,#680,.T.);
#2109=EDGE_CURVE('',#1745,#1745,#64,.T.);
#2110=EDGE_CURVE('',#1746,#1746,#65,.T.);
#2111=EDGE_CURVE('',#1747,#1748,#681,.T.);
#2112=EDGE_CURVE('',#1747,#1749,#682,.T.);
#2113=EDGE_CURVE('',#1750,#1749,#683,.T.);
#2114=EDGE_CURVE('',#1751,#1750,#684,.T.);
#2115=EDGE_CURVE('',#1752,#1751,#685,.T.);
#2116=EDGE_CURVE('',#1753,#1752,#686,.T.);
#2117=EDGE_CURVE('',#1754,#1753,#687,.T.);
#2118=EDGE_CURVE('',#1755,#1754,#688,.T.);
#2119=EDGE_CURVE('',#1756,#1755,#689,.T.);
#2120=EDGE_CURVE('',#1756,#1757,#690,.T.);
#2121=EDGE_CURVE('',#1758,#1757,#691,.T.);
#2122=EDGE_CURVE('',#1758,#1759,#692,.T.);
#2123=EDGE_CURVE('',#1759,#1760,#693,.T.);
#2124=EDGE_CURVE('',#1760,#1761,#694,.T.);
#2125=EDGE_CURVE('',#1761,#1762,#695,.T.);
#2126=EDGE_CURVE('',#1763,#1762,#696,.T.);
#2127=EDGE_CURVE('',#1763,#1764,#697,.T.);
#2128=EDGE_CURVE('',#1764,#1765,#698,.T.);
#2129=EDGE_CURVE('',#1765,#1766,#699,.T.);
#2130=EDGE_CURVE('',#1767,#1766,#700,.T.);
#2131=EDGE_CURVE('',#1768,#1767,#701,.T.);
#2132=EDGE_CURVE('',#1768,#1769,#702,.T.);
#2133=EDGE_CURVE('',#1769,#1770,#703,.T.);
#2134=EDGE_CURVE('',#1770,#1771,#704,.T.);
#2135=EDGE_CURVE('',#1771,#1772,#705,.T.);
#2136=EDGE_CURVE('',#1772,#1773,#706,.T.);
#2137=EDGE_CURVE('',#1773,#1681,#707,.T.);
#2138=EDGE_CURVE('',#1774,#1681,#708,.T.);
#2139=EDGE_CURVE('',#1774,#1775,#709,.T.);
#2140=EDGE_CURVE('',#1776,#1775,#710,.T.);
#2141=EDGE_CURVE('',#1777,#1776,#711,.T.);
#2142=EDGE_CURVE('',#1778,#1777,#712,.T.);
#2143=EDGE_CURVE('',#1778,#1779,#713,.T.);
#2144=EDGE_CURVE('',#1779,#1780,#714,.T.);
#2145=EDGE_CURVE('',#1780,#1781,#715,.T.);
#2146=EDGE_CURVE('',#1782,#1781,#716,.T.);
#2147=EDGE_CURVE('',#1783,#1782,#717,.T.);
#2148=EDGE_CURVE('',#1784,#1783,#718,.T.);
#2149=EDGE_CURVE('',#1784,#1785,#719,.T.);
#2150=EDGE_CURVE('',#1748,#1785,#720,.T.);
#2151=EDGE_CURVE('',#1786,#1787,#721,.T.);
#2152=EDGE_CURVE('',#1788,#1787,#722,.T.);
#2153=EDGE_CURVE('',#1786,#1788,#723,.T.);
#2154=EDGE_CURVE('',#1786,#1789,#724,.T.);
#2155=EDGE_CURVE('',#1787,#1789,#725,.T.);
#2156=EDGE_CURVE('',#1787,#1790,#726,.T.);
#2157=EDGE_CURVE('',#1789,#1790,#727,.T.);
#2158=EDGE_CURVE('',#1791,#1792,#728,.T.);
#2159=EDGE_CURVE('',#1793,#1791,#729,.T.);
#2160=EDGE_CURVE('',#1793,#1792,#730,.T.);
#2161=EDGE_CURVE('',#1794,#1795,#731,.T.);
#2162=EDGE_CURVE('',#1794,#1796,#732,.T.);
#2163=EDGE_CURVE('',#1797,#1796,#733,.T.);
#2164=EDGE_CURVE('',#1797,#1795,#734,.T.);
#2165=EDGE_CURVE('',#1798,#1794,#735,.T.);
#2166=EDGE_CURVE('',#1796,#1798,#736,.T.);
#2167=EDGE_CURVE('',#1798,#1799,#737,.T.);
#2168=EDGE_CURVE('',#1799,#1800,#738,.T.);
#2169=EDGE_CURVE('',#1796,#1800,#739,.T.);
#2170=EDGE_CURVE('',#1801,#1802,#740,.T.);
#2171=EDGE_CURVE('',#1801,#1790,#741,.T.);
#2172=EDGE_CURVE('',#1802,#1790,#742,.T.);
#2173=EDGE_CURVE('',#1803,#1801,#743,.T.);
#2174=EDGE_CURVE('',#1787,#1803,#744,.T.);
#2175=EDGE_CURVE('',#1804,#1803,#745,.T.);
#2176=EDGE_CURVE('',#1804,#1787,#746,.T.);
#2177=EDGE_CURVE('',#1804,#1805,#747,.T.);
#2178=EDGE_CURVE('',#1805,#1787,#748,.T.);
#2179=EDGE_CURVE('',#1805,#1806,#749,.T.);
#2180=EDGE_CURVE('',#1788,#1806,#750,.T.);
#2181=EDGE_CURVE('',#1807,#1806,#751,.T.);
#2182=EDGE_CURVE('',#1808,#1807,#752,.T.);
#2183=EDGE_CURVE('',#1808,#1788,#753,.T.);
#2184=EDGE_CURVE('',#1807,#1809,#754,.T.);
#2185=EDGE_CURVE('',#1808,#1809,#755,.T.);
#2186=EDGE_CURVE('',#1810,#1799,#756,.T.);
#2187=EDGE_CURVE('',#1800,#1810,#757,.T.);
#2188=EDGE_CURVE('',#1796,#1811,#758,.T.);
#2189=EDGE_CURVE('',#1811,#1800,#759,.T.);
#2190=EDGE_CURVE('',#1812,#1811,#760,.T.);
#2191=EDGE_CURVE('',#1812,#1796,#761,.T.);
#2192=EDGE_CURVE('',#1813,#1788,#762,.T.);
#2193=EDGE_CURVE('',#1813,#1786,#763,.T.);
#2194=EDGE_CURVE('',#1786,#1814,#764,.T.);
#2195=EDGE_CURVE('',#1814,#1789,#765,.T.);
#2196=EDGE_CURVE('',#1808,#1813,#766,.T.);
#2197=EDGE_CURVE('',#1809,#1792,#767,.T.);
#2198=EDGE_CURVE('',#1793,#1808,#768,.T.);
#2199=EDGE_CURVE('',#1815,#1791,#769,.T.);
#2200=EDGE_CURVE('',#1816,#1815,#770,.T.);
#2201=EDGE_CURVE('',#1816,#1793,#771,.T.);
#2202=EDGE_CURVE('',#1795,#1817,#772,.T.);
#2203=EDGE_CURVE('',#1797,#1817,#773,.T.);
#2204=EDGE_CURVE('',#1797,#1812,#774,.T.);
#2205=EDGE_CURVE('',#1789,#1818,#775,.T.);
#2206=EDGE_CURVE('',#1790,#1818,#776,.T.);
#2207=EDGE_CURVE('',#1802,#1819,#777,.T.);
#2208=EDGE_CURVE('',#1790,#1820,#778,.T.);
#2209=EDGE_CURVE('',#1819,#1820,#779,.T.);
#2210=EDGE_CURVE('',#1821,#1819,#780,.T.);
#2211=EDGE_CURVE('',#1821,#1810,#781,.T.);
#2212=EDGE_CURVE('',#1817,#1815,#782,.T.);
#2213=EDGE_CURVE('',#1822,#1823,#783,.T.);
#2214=EDGE_CURVE('',#1823,#1824,#66,.T.);
#2215=EDGE_CURVE('',#1824,#1825,#784,.T.);
#2216=EDGE_CURVE('',#1825,#1822,#67,.T.);
#2217=EDGE_CURVE('',#1821,#1826,#785,.T.);
#2218=EDGE_CURVE('',#1800,#1826,#786,.T.);
#2219=EDGE_CURVE('',#1800,#1827,#787,.T.);
#2220=EDGE_CURVE('',#1811,#1827,#788,.T.);
#2221=EDGE_CURVE('',#1828,#1811,#789,.T.);
#2222=EDGE_CURVE('',#1812,#1828,#790,.T.);
#2223=EDGE_CURVE('',#1814,#1829,#791,.T.);
#2224=EDGE_CURVE('',#1829,#1786,#792,.T.);
#2225=EDGE_CURVE('',#1829,#1813,#793,.T.);
#2226=EDGE_CURVE('',#1814,#1743,#794,.T.);
#2227=EDGE_CURVE('',#1744,#1829,#795,.T.);
#2228=EDGE_CURVE('',#1814,#1742,#796,.T.);
#2229=EDGE_CURVE('',#1814,#1818,#797,.T.);
#2230=EDGE_CURVE('',#1710,#1830,#798,.T.);
#2231=EDGE_CURVE('',#1830,#1709,#799,.T.);
#2232=EDGE_CURVE('',#1830,#1808,#800,.T.);
#2233=EDGE_CURVE('',#1830,#1813,#801,.T.);
#2234=EDGE_CURVE('',#1830,#1711,#802,.T.);
#2235=EDGE_CURVE('',#1712,#1830,#803,.T.);
#2236=EDGE_CURVE('',#1831,#1793,#804,.T.);
#2237=EDGE_CURVE('',#1831,#1808,#805,.T.);
#2238=EDGE_CURVE('',#1713,#1808,#806,.T.);
#2239=EDGE_CURVE('',#1714,#1831,#807,.T.);
#2240=EDGE_CURVE('',#1816,#1831,#808,.T.);
#2241=EDGE_CURVE('',#1715,#1831,#809,.T.);
#2242=EDGE_CURVE('',#1716,#1816,#810,.T.);
#2243=EDGE_CURVE('',#1717,#1832,#811,.T.);
#2244=EDGE_CURVE('',#1832,#1816,#812,.T.);
#2245=EDGE_CURVE('',#1718,#1832,#813,.T.);
#2246=EDGE_CURVE('',#1720,#1832,#814,.T.);
#2247=EDGE_CURVE('',#1832,#1719,#815,.T.);
#2248=EDGE_CURVE('',#1816,#1797,#816,.T.);
#2249=EDGE_CURVE('',#1721,#1816,#817,.T.);
#2250=EDGE_CURVE('',#1833,#1812,#818,.T.);
#2251=EDGE_CURVE('',#1833,#1797,#819,.T.);
#2252=EDGE_CURVE('',#1722,#1797,#820,.T.);
#2253=EDGE_CURVE('',#1828,#1833,#821,.T.);
#2254=EDGE_CURVE('',#1818,#1740,#822,.T.);
#2255=EDGE_CURVE('',#1741,#1818,#823,.T.);
#2256=EDGE_CURVE('',#1818,#1739,#824,.T.);
#2257=EDGE_CURVE('',#1834,#1818,#825,.T.);
#2258=EDGE_CURVE('',#1790,#1834,#826,.T.);
#2259=EDGE_CURVE('',#1834,#1738,#827,.T.);
#2260=EDGE_CURVE('',#1820,#1834,#828,.T.);
#2261=EDGE_CURVE('',#1826,#1820,#829,.T.);
#2262=EDGE_CURVE('',#1820,#1735,#830,.T.);
#2263=EDGE_CURVE('',#1736,#1834,#831,.T.);
#2264=EDGE_CURVE('',#1826,#1835,#832,.T.);
#2265=EDGE_CURVE('',#1800,#1835,#833,.T.);
#2266=EDGE_CURVE('',#1733,#1835,#834,.T.);
#2267=EDGE_CURVE('',#1835,#1732,#835,.T.);
#2268=EDGE_CURVE('',#1826,#1734,#836,.T.);
#2269=EDGE_CURVE('',#1835,#1827,#837,.T.);
#2270=EDGE_CURVE('',#1835,#1731,#838,.T.);
#2271=EDGE_CURVE('',#1827,#1730,#839,.T.);
#2272=EDGE_CURVE('',#1827,#1729,#840,.T.);
#2273=EDGE_CURVE('',#1827,#1828,#841,.T.);
#2274=EDGE_CURVE('',#1827,#1728,#842,.T.);
#2275=EDGE_CURVE('',#1726,#1828,#843,.T.);
#2276=EDGE_CURVE('',#1833,#1725,#844,.T.);
#2277=EDGE_CURVE('',#1828,#1727,#845,.T.);
#2278=EDGE_CURVE('',#1833,#1723,#846,.T.);
#2279=EDGE_CURVE('',#1724,#1833,#847,.T.);
#2280=EDGE_CURVE('',#1834,#1737,#848,.T.);
#2281=EDGE_CURVE('',#1829,#1707,#849,.T.);
#2282=EDGE_CURVE('',#1708,#1813,#850,.T.);
#2283=EDGE_CURVE('',#1757,#1836,#851,.T.);
#2284=EDGE_CURVE('',#1837,#1836,#852,.F.);
#2285=EDGE_CURVE('',#1838,#1837,#853,.T.);
#2286=EDGE_CURVE('',#1838,#1839,#854,.T.);
#2287=EDGE_CURVE('',#1758,#1839,#855,.T.);
#2288=EDGE_CURVE('',#1840,#1839,#856,.T.);
#2289=EDGE_CURVE('',#1840,#1841,#857,.T.);
#2290=EDGE_CURVE('',#1841,#1759,#858,.T.);
#2291=EDGE_CURVE('',#1842,#1843,#859,.T.);
#2292=EDGE_CURVE('',#1842,#1844,#860,.F.);
#2293=EDGE_CURVE('',#1845,#1844,#861,.T.);
#2294=EDGE_CURVE('',#1845,#1846,#862,.T.);
#2295=EDGE_CURVE('',#1846,#1847,#863,.T.);
#2296=EDGE_CURVE('',#1843,#1847,#864,.F.);
#2297=EDGE_CURVE('',#1842,#1848,#865,.T.);
#2298=EDGE_CURVE('',#1843,#1848,#866,.T.);
#2299=EDGE_CURVE('',#1849,#1850,#867,.T.);
#2300=EDGE_CURVE('',#1851,#1850,#868,.T.);
#2301=EDGE_CURVE('',#1851,#1852,#869,.T.);
#2302=EDGE_CURVE('',#1848,#1852,#870,.T.);
#2303=EDGE_CURVE('',#1847,#1849,#871,.T.);
#2304=EDGE_CURVE('',#1853,#1854,#872,.T.);
#2305=EDGE_CURVE('',#1688,#1854,#873,.T.);
#2306=EDGE_CURVE('',#1687,#1853,#874,.T.);
#2307=EDGE_CURVE('',#1855,#1856,#875,.T.);
#2308=EDGE_CURVE('',#1857,#1856,#876,.T.);
#2309=EDGE_CURVE('',#1857,#1858,#877,.T.);
#2310=EDGE_CURVE('',#1858,#1859,#878,.T.);
#2311=EDGE_CURVE('',#1860,#1859,#879,.T.);
#2312=EDGE_CURVE('',#1861,#1860,#880,.T.);
#2313=EDGE_CURVE('',#1861,#1862,#881,.T.);
#2314=EDGE_CURVE('',#1862,#1863,#882,.F.);
#2315=EDGE_CURVE('',#1863,#1864,#883,.T.);
#2316=EDGE_CURVE('',#1864,#1855,#884,.T.);
#2317=EDGE_CURVE('',#1865,#1866,#885,.T.);
#2318=EDGE_CURVE('',#1855,#1865,#886,.T.);
#2319=EDGE_CURVE('',#1864,#1867,#887,.T.);
#2320=EDGE_CURVE('',#1866,#1867,#888,.T.);
#2321=EDGE_CURVE('',#1868,#1869,#889,.T.);
#2322=EDGE_CURVE('',#1869,#1870,#890,.T.);
#2323=EDGE_CURVE('',#1868,#1870,#891,.T.);
#2324=EDGE_CURVE('',#1871,#1868,#892,.T.);
#2325=EDGE_CURVE('',#1872,#1870,#893,.T.);
#2326=EDGE_CURVE('',#1850,#1872,#894,.T.);
#2327=EDGE_CURVE('',#1873,#1849,#895,.F.);
#2328=EDGE_CURVE('',#1874,#1873,#896,.F.);
#2329=EDGE_CURVE('',#1874,#1871,#897,.T.);
#2330=EDGE_CURVE('',#1875,#1871,#898,.T.);
#2331=EDGE_CURVE('',#1875,#1874,#899,.T.);
#2332=EDGE_CURVE('',#1876,#1873,#900,.T.);
#2333=EDGE_CURVE('',#1875,#1876,#901,.T.);
#2334=EDGE_CURVE('',#1877,#1846,#902,.T.);
#2335=EDGE_CURVE('',#1877,#1878,#903,.T.);
#2336=EDGE_CURVE('',#1876,#1878,#904,.T.);
#2337=EDGE_CURVE('',#1879,#1878,#905,.T.);
#2338=EDGE_CURVE('',#1880,#1877,#906,.T.);
#2339=EDGE_CURVE('',#1880,#1881,#907,.T.);
#2340=EDGE_CURVE('',#1881,#1879,#908,.T.);
#2341=EDGE_CURVE('',#1881,#1882,#909,.F.);
#2342=EDGE_CURVE('',#1883,#1882,#910,.T.);
#2343=EDGE_CURVE('',#1883,#1884,#911,.T.);
#2344=EDGE_CURVE('',#1879,#1884,#912,.T.);
#2345=EDGE_CURVE('',#1885,#1865,#913,.T.);
#2346=EDGE_CURVE('',#1886,#1866,#914,.F.);
#2347=EDGE_CURVE('',#1887,#1886,#915,.F.);
#2348=EDGE_CURVE('',#1887,#1885,#916,.T.);
#2349=EDGE_CURVE('',#1863,#1888,#917,.T.);
#2350=EDGE_CURVE('',#1889,#1888,#918,.T.);
#2351=EDGE_CURVE('',#1889,#1867,#919,.T.);
#2352=EDGE_CURVE('',#1890,#1891,#920,.T.);
#2353=EDGE_CURVE('',#1891,#1888,#921,.T.);
#2354=EDGE_CURVE('',#1890,#1862,#922,.T.);
#2355=EDGE_CURVE('',#1892,#1846,#923,.T.);
#2356=EDGE_CURVE('',#1893,#1845,#924,.T.);
#2357=EDGE_CURVE('',#1892,#1893,#925,.F.);
#2358=EDGE_CURVE('',#1894,#1852,#926,.T.);
#2359=EDGE_CURVE('',#1894,#1895,#927,.F.);
#2360=EDGE_CURVE('',#1896,#1895,#928,.T.);
#2361=EDGE_CURVE('',#1896,#1844,#929,.T.);
#2362=EDGE_CURVE('',#1880,#1892,#930,.T.);
#2363=EDGE_CURVE('',#1897,#1883,#931,.T.);
#2364=EDGE_CURVE('',#1898,#1897,#932,.T.);
#2365=EDGE_CURVE('',#1689,#1898,#933,.T.);
#2366=EDGE_CURVE('',#1884,#1854,#934,.T.);
#2367=EDGE_CURVE('',#1899,#1853,#935,.T.);
#2368=EDGE_CURVE('',#1686,#1899,#936,.T.);
#2369=EDGE_CURVE('',#1856,#1900,#937,.T.);
#2370=EDGE_CURVE('',#1857,#1900,#938,.T.);
#2371=EDGE_CURVE('',#1861,#1699,#939,.T.);
#2372=EDGE_CURVE('',#1890,#1698,#940,.F.);
#2373=EDGE_CURVE('',#1872,#1901,#941,.T.);
#2374=EDGE_CURVE('',#1902,#1901,#942,.F.);
#2375=EDGE_CURVE('',#1903,#1902,#943,.F.);
#2376=EDGE_CURVE('',#1851,#1903,#944,.T.);
#2377=EDGE_CURVE('',#1869,#1904,#945,.T.);
#2378=EDGE_CURVE('',#1904,#1905,#946,.T.);
#2379=EDGE_CURVE('',#1905,#1906,#947,.T.);
#2380=EDGE_CURVE('',#1907,#1906,#948,.T.);
#2381=EDGE_CURVE('',#1907,#1870,#949,.T.);
#2382=EDGE_CURVE('',#1900,#1899,#950,.T.);
#2383=EDGE_CURVE('',#1908,#1885,#951,.T.);
#2384=EDGE_CURVE('',#1908,#1904,#952,.T.);
#2385=EDGE_CURVE('',#1909,#1910,#68,.T.);
#2386=EDGE_CURVE('',#1911,#1909,#953,.T.);
#2387=EDGE_CURVE('',#1912,#1911,#69,.T.);
#2388=EDGE_CURVE('',#1910,#1912,#954,.T.);
#2389=EDGE_CURVE('',#1887,#1913,#955,.T.);
#2390=EDGE_CURVE('',#1908,#1913,#956,.T.);
#2391=EDGE_CURVE('',#1889,#1914,#957,.T.);
#2392=EDGE_CURVE('',#1915,#1914,#958,.T.);
#2393=EDGE_CURVE('',#1866,#1915,#959,.T.);
#2394=EDGE_CURVE('',#1697,#1891,#960,.T.);
#2395=EDGE_CURVE('',#1916,#1917,#961,.T.);
#2396=EDGE_CURVE('',#1917,#1896,#962,.T.);
#2397=EDGE_CURVE('',#1916,#1895,#963,.T.);
#2398=EDGE_CURVE('',#1917,#1918,#964,.T.);
#2399=EDGE_CURVE('',#1919,#1918,#965,.T.);
#2400=EDGE_CURVE('',#1919,#1920,#966,.T.);
#2401=EDGE_CURVE('',#1920,#1921,#967,.T.);
#2402=EDGE_CURVE('',#1893,#1921,#968,.T.);
#2403=EDGE_CURVE('',#1749,#1918,#969,.T.);
#2404=EDGE_CURVE('',#1922,#1916,#970,.T.);
#2405=EDGE_CURVE('',#1922,#1750,#971,.T.);
#2406=EDGE_CURVE('',#1922,#1751,#972,.T.);
#2407=EDGE_CURVE('',#1894,#1903,#973,.T.);
#2408=EDGE_CURVE('',#1784,#1923,#974,.T.);
#2409=EDGE_CURVE('',#1923,#1924,#975,.T.);
#2410=EDGE_CURVE('',#1925,#1924,#976,.T.);
#2411=EDGE_CURVE('',#1925,#1785,#977,.T.);
#2412=EDGE_CURVE('',#1926,#1927,#978,.T.);
#2413=EDGE_CURVE('',#1927,#1928,#14,.T.);
#2414=EDGE_CURVE('',#1925,#1928,#979,.T.);
#2415=EDGE_CURVE('',#1924,#1882,#980,.T.);
#2416=EDGE_CURVE('',#1926,#1921,#981,.T.);
#2417=EDGE_CURVE('',#1782,#1929,#982,.T.);
#2418=EDGE_CURVE('',#1929,#1783,#983,.T.);
#2419=EDGE_CURVE('',#1690,#1898,#984,.T.);
#2420=EDGE_CURVE('',#1930,#1781,#985,.T.);
#2421=EDGE_CURVE('',#1930,#1931,#986,.T.);
#2422=EDGE_CURVE('',#1931,#1897,#987,.T.);
#2423=EDGE_CURVE('',#1929,#1923,#988,.T.);
#2424=EDGE_CURVE('',#1778,#1932,#989,.T.);
#2425=EDGE_CURVE('',#1777,#1933,#990,.T.);
#2426=EDGE_CURVE('',#1933,#1684,#991,.T.);
#2427=EDGE_CURVE('',#1931,#1932,#992,.T.);
#2428=EDGE_CURVE('',#1776,#1933,#993,.T.);
#2429=EDGE_CURVE('',#1775,#1934,#994,.T.);
#2430=EDGE_CURVE('',#1934,#1683,#995,.T.);
#2431=EDGE_CURVE('',#1682,#1935,#996,.T.);
#2432=EDGE_CURVE('',#1935,#1936,#997,.T.);
#2433=EDGE_CURVE('',#1937,#1936,#998,.T.);
#2434=EDGE_CURVE('',#1937,#1938,#999,.T.);
#2435=EDGE_CURVE('',#1938,#1934,#1000,.T.);
#2436=EDGE_CURVE('',#1774,#1680,#1001,.T.);
#2437=EDGE_CURVE('',#1685,#1858,#1002,.T.);
#2438=EDGE_CURVE('',#1939,#1937,#1003,.T.);
#2439=EDGE_CURVE('',#1939,#1681,#1004,.T.);
#2440=EDGE_CURVE('',#1773,#1938,#1005,.T.);
#2441=EDGE_CURVE('',#1700,#1860,#1006,.T.);
#2442=EDGE_CURVE('',#1772,#1940,#1007,.T.);
#2443=EDGE_CURVE('',#1940,#1941,#1008,.T.);
#2444=EDGE_CURVE('',#1941,#1859,#1009,.T.);
#2445=EDGE_CURVE('',#1752,#1902,#1010,.T.);
#2446=EDGE_CURVE('',#1942,#1901,#1011,.T.);
#2447=EDGE_CURVE('',#1942,#1753,#1012,.T.);
#2448=EDGE_CURVE('',#1943,#1942,#1013,.F.);
#2449=EDGE_CURVE('',#1943,#1754,#1014,.T.);
#2450=EDGE_CURVE('',#1944,#1943,#1015,.T.);
#2451=EDGE_CURVE('',#1907,#1837,#1016,.T.);
#2452=EDGE_CURVE('',#1945,#1836,#1017,.T.);
#2453=EDGE_CURVE('',#1944,#1945,#1018,.F.);
#2454=EDGE_CURVE('',#1944,#1755,#1019,.T.);
#2455=EDGE_CURVE('',#1838,#1906,#1020,.T.);
#2456=EDGE_CURVE('',#1946,#1947,#1021,.T.);
#2457=EDGE_CURVE('',#1946,#1948,#1022,.T.);
#2458=EDGE_CURVE('',#1948,#1947,#1023,.T.);
#2459=EDGE_CURVE('',#1913,#1949,#1024,.T.);
#2460=EDGE_CURVE('',#1949,#1905,#1025,.T.);
#2461=EDGE_CURVE('',#1950,#1951,#1026,.T.);
#2462=EDGE_CURVE('',#1950,#1949,#1027,.T.);
#2463=EDGE_CURVE('',#1886,#1952,#1028,.T.);
#2464=EDGE_CURVE('',#1952,#1951,#1029,.T.);
#2465=EDGE_CURVE('',#1950,#1840,#1030,.T.);
#2466=EDGE_CURVE('',#1841,#1951,#1031,.T.);
#2467=EDGE_CURVE('',#1953,#1915,#1032,.T.);
#2468=EDGE_CURVE('',#1953,#1952,#1033,.F.);
#2469=EDGE_CURVE('',#1953,#1760,#1034,.T.);
#2470=EDGE_CURVE('',#1954,#1914,#1035,.T.);
#2471=EDGE_CURVE('',#1954,#1761,#1036,.T.);
#2472=EDGE_CURVE('',#1955,#1954,#1037,.T.);
#2473=EDGE_CURVE('',#1956,#1955,#1038,.T.);
#2474=EDGE_CURVE('',#1956,#1762,#1039,.T.);
#2475=EDGE_CURVE('',#1957,#1695,#1040,.T.);
#2476=EDGE_CURVE('',#1955,#1957,#1041,.T.);
#2477=EDGE_CURVE('',#1956,#1763,#1042,.T.);
#2478=EDGE_CURVE('',#1765,#1958,#1043,.T.);
#2479=EDGE_CURVE('',#1958,#1957,#1044,.T.);
#2480=EDGE_CURVE('',#1696,#1766,#1045,.T.);
#2481=EDGE_CURVE('',#1958,#1764,#1046,.T.);
#2482=EDGE_CURVE('',#1767,#1702,#1047,.T.);
#2483=EDGE_CURVE('',#1701,#1768,#1048,.T.);
#2484=EDGE_CURVE('',#1945,#1756,#1049,.T.);
#2485=EDGE_CURVE('',#1941,#1959,#1050,.T.);
#2486=EDGE_CURVE('',#1959,#1769,#1051,.T.);
#2487=EDGE_CURVE('',#1748,#1920,#1052,.T.);
#2488=EDGE_CURVE('',#1919,#1747,#1053,.T.);
#2489=EDGE_CURVE('',#1960,#1928,#15,.T.);
#2490=EDGE_CURVE('',#1960,#1961,#1054,.T.);
#2491=EDGE_CURVE('',#1962,#1961,#1055,.T.);
#2492=EDGE_CURVE('',#1926,#1962,#1056,.T.);
#2493=EDGE_CURVE('',#1824,#1910,#1057,.T.);
#2494=EDGE_CURVE('',#1823,#1909,#1058,.T.);
#2495=EDGE_CURVE('',#1822,#1911,#1059,.T.);
#2496=EDGE_CURVE('',#1825,#1912,#1060,.T.);
#2497=EDGE_CURVE('',#1963,#1705,#70,.T.);
#2498=EDGE_CURVE('',#1963,#1964,#1061,.T.);
#2499=EDGE_CURVE('',#1964,#1706,#71,.T.);
#2500=EDGE_CURVE('',#1703,#1964,#1062,.T.);
#2501=EDGE_CURVE('',#1704,#1963,#1063,.T.);
#2502=EDGE_CURVE('',#1965,#1965,#72,.T.);
#2503=EDGE_CURVE('',#1966,#1966,#73,.T.);
#2504=EDGE_CURVE('',#1966,#1965,#1064,.T.);
#2505=EDGE_CURVE('',#1967,#1927,#74,.T.);
#2506=EDGE_CURVE('',#1968,#1967,#1065,.T.);
#2507=EDGE_CURVE('',#1968,#1960,#75,.T.);
#2508=EDGE_CURVE('',#1962,#1967,#1066,.T.);
#2509=EDGE_CURVE('',#1969,#1969,#76,.T.);
#2510=EDGE_CURVE('',#1961,#1968,#1067,.T.);
#2511=EDGE_CURVE('',#1970,#1970,#77,.T.);
#2512=EDGE_CURVE('',#1969,#1970,#1068,.T.);
#2513=EDGE_CURVE('',#1971,#1692,#1069,.T.);
#2514=EDGE_CURVE('',#1972,#1971,#1070,.T.);
#2515=EDGE_CURVE('',#1972,#1691,#1071,.T.);
#2516=EDGE_CURVE('',#1973,#1694,#1072,.T.);
#2517=EDGE_CURVE('',#1971,#1973,#1073,.T.);
#2518=EDGE_CURVE('',#1974,#1974,#78,.T.);
#2519=EDGE_CURVE('',#1975,#1693,#1074,.T.);
#2520=EDGE_CURVE('',#1973,#1975,#1075,.T.);
#2521=EDGE_CURVE('',#1975,#1972,#1076,.T.);
#2522=EDGE_CURVE('',#1976,#1976,#79,.T.);
#2523=EDGE_CURVE('',#1976,#1974,#1077,.T.);
#2524=EDGE_CURVE('',#1977,#1946,#1078,.T.);
#2525=EDGE_CURVE('',#1978,#1977,#1079,.T.);
#2526=EDGE_CURVE('',#1978,#1979,#1080,.T.);
#2527=EDGE_CURVE('',#1979,#1948,#1081,.T.);
#2528=EDGE_CURVE('',#1979,#1980,#1082,.T.);
#2529=EDGE_CURVE('',#1980,#1981,#1083,.T.);
#2530=EDGE_CURVE('',#1947,#1981,#1084,.T.);
#2531=EDGE_CURVE('',#1982,#1982,#80,.T.);
#2532=EDGE_CURVE('',#1981,#1983,#1085,.T.);
#2533=EDGE_CURVE('',#1983,#1977,#1086,.T.);
#2534=EDGE_CURVE('',#1984,#1983,#1087,.T.);
#2535=EDGE_CURVE('',#1984,#1978,#1088,.T.);
#2536=EDGE_CURVE('',#1985,#1985,#81,.F.);
#2537=EDGE_CURVE('',#1980,#1984,#1089,.T.);
#2538=EDGE_CURVE('',#1985,#1982,#1090,.T.);
#2539=EDGE_CURVE('',#1935,#1986,#1091,.T.);
#2540=EDGE_CURVE('',#1987,#1986,#1092,.T.);
#2541=EDGE_CURVE('',#1988,#1987,#1093,.T.);
#2542=EDGE_CURVE('',#1988,#1936,#1094,.T.);
#2543=EDGE_CURVE('',#1939,#1989,#1095,.T.);
#2544=EDGE_CURVE('',#1989,#1990,#1096,.T.);
#2545=EDGE_CURVE('',#1681,#1990,#1097,.T.);
#2546=EDGE_CURVE('',#1986,#1681,#1098,.T.);
#2547=EDGE_CURVE('',#1989,#1988,#1099,.T.);
#2548=EDGE_CURVE('',#1990,#1987,#1100,.T.);
#2549=EDGE_CURVE('',#1991,#1991,#82,.T.);
#2550=EDGE_CURVE('',#1992,#1992,#83,.T.);
#2551=EDGE_CURVE('',#1992,#1991,#1101,.T.);
#2552=EDGE_CURVE('',#1993,#1771,#1102,.T.);
#2553=EDGE_CURVE('',#1993,#1940,#1103,.T.);
#2554=EDGE_CURVE('',#1959,#1994,#1104,.T.);
#2555=EDGE_CURVE('',#1994,#1770,#1105,.T.);
#2556=EDGE_CURVE('',#1994,#1993,#1106,.T.);
#2557=EDGE_CURVE('',#1932,#1995,#1107,.T.);
#2558=EDGE_CURVE('',#1995,#1779,#1108,.T.);
#2559=EDGE_CURVE('',#1996,#1930,#1109,.T.);
#2560=EDGE_CURVE('',#1996,#1780,#1110,.T.);
#2561=EDGE_CURVE('',#1995,#1996,#1111,.T.);
#2562=EDGE_CURVE('',#1997,#1997,#84,.T.);
#2563=EDGE_CURVE('',#1997,#1746,#1112,.T.);
#2564=EDGE_CURVE('',#1998,#1998,#85,.T.);
#2565=EDGE_CURVE('',#1998,#1745,#1113,.T.);
#2566=ORIENTED_EDGE('',*,*,#1999,.F.);
#2567=ORIENTED_EDGE('',*,*,#2000,.F.);
#2568=ORIENTED_EDGE('',*,*,#2001,.T.);
#2569=ORIENTED_EDGE('',*,*,#2002,.T.);
#2570=ORIENTED_EDGE('',*,*,#2003,.F.);
#2571=ORIENTED_EDGE('',*,*,#2004,.F.);
#2572=ORIENTED_EDGE('',*,*,#2005,.T.);
#2573=ORIENTED_EDGE('',*,*,#2000,.T.);
#2574=ORIENTED_EDGE('',*,*,#2006,.F.);
#2575=ORIENTED_EDGE('',*,*,#2007,.F.);
#2576=ORIENTED_EDGE('',*,*,#2008,.T.);
#2577=ORIENTED_EDGE('',*,*,#2004,.T.);
#2578=ORIENTED_EDGE('',*,*,#2009,.F.);
#2579=ORIENTED_EDGE('',*,*,#2002,.F.);
#2580=ORIENTED_EDGE('',*,*,#2010,.T.);
#2581=ORIENTED_EDGE('',*,*,#2007,.T.);
#2582=ORIENTED_EDGE('',*,*,#2001,.F.);
#2583=ORIENTED_EDGE('',*,*,#2005,.F.);
#2584=ORIENTED_EDGE('',*,*,#2008,.F.);
#2585=ORIENTED_EDGE('',*,*,#2010,.F.);
#2586=ORIENTED_EDGE('',*,*,#1999,.T.);
#2587=ORIENTED_EDGE('',*,*,#2009,.T.);
#2588=ORIENTED_EDGE('',*,*,#2006,.T.);
#2589=ORIENTED_EDGE('',*,*,#2003,.T.);
#2590=ORIENTED_EDGE('',*,*,#2011,.F.);
#2591=ORIENTED_EDGE('',*,*,#2012,.F.);
#2592=ORIENTED_EDGE('',*,*,#2013,.T.);
#2593=ORIENTED_EDGE('',*,*,#2011,.T.);
#2594=ORIENTED_EDGE('',*,*,#2013,.F.);
#2595=ORIENTED_EDGE('',*,*,#2012,.T.);
#2596=ORIENTED_EDGE('',*,*,#2014,.F.);
#2597=ORIENTED_EDGE('',*,*,#2015,.F.);
#2598=ORIENTED_EDGE('',*,*,#2016,.T.);
#2599=ORIENTED_EDGE('',*,*,#2017,.T.);
#2600=ORIENTED_EDGE('',*,*,#2018,.F.);
#2601=ORIENTED_EDGE('',*,*,#2019,.F.);
#2602=ORIENTED_EDGE('',*,*,#2020,.T.);
#2603=ORIENTED_EDGE('',*,*,#2015,.T.);
#2604=ORIENTED_EDGE('',*,*,#2021,.F.);
#2605=ORIENTED_EDGE('',*,*,#2022,.F.);
#2606=ORIENTED_EDGE('',*,*,#2023,.T.);
#2607=ORIENTED_EDGE('',*,*,#2019,.T.);
#2608=ORIENTED_EDGE('',*,*,#2024,.F.);
#2609=ORIENTED_EDGE('',*,*,#2017,.F.);
#2610=ORIENTED_EDGE('',*,*,#2025,.T.);
#2611=ORIENTED_EDGE('',*,*,#2022,.T.);
#2612=ORIENTED_EDGE('',*,*,#2016,.F.);
#2613=ORIENTED_EDGE('',*,*,#2020,.F.);
#2614=ORIENTED_EDGE('',*,*,#2023,.F.);
#2615=ORIENTED_EDGE('',*,*,#2025,.F.);
#2616=ORIENTED_EDGE('',*,*,#2014,.T.);
#2617=ORIENTED_EDGE('',*,*,#2024,.T.);
#2618=ORIENTED_EDGE('',*,*,#2021,.T.);
#2619=ORIENTED_EDGE('',*,*,#2018,.T.);
#2620=ORIENTED_EDGE('',*,*,#2026,.F.);
#2621=ORIENTED_EDGE('',*,*,#2027,.F.);
#2622=ORIENTED_EDGE('',*,*,#2028,.T.);
#2623=ORIENTED_EDGE('',*,*,#2026,.T.);
#2624=ORIENTED_EDGE('',*,*,#2028,.F.);
#2625=ORIENTED_EDGE('',*,*,#2027,.T.);
#2626=ORIENTED_EDGE('',*,*,#2029,.T.);
#2627=ORIENTED_EDGE('',*,*,#2030,.F.);
#2628=ORIENTED_EDGE('',*,*,#2031,.F.);
#2629=ORIENTED_EDGE('',*,*,#2032,.T.);
#2630=ORIENTED_EDGE('',*,*,#2033,.T.);
#2631=ORIENTED_EDGE('',*,*,#2034,.F.);
#2632=ORIENTED_EDGE('',*,*,#2035,.F.);
#2633=ORIENTED_EDGE('',*,*,#2030,.T.);
#2634=ORIENTED_EDGE('',*,*,#2036,.T.);
#2635=ORIENTED_EDGE('',*,*,#2037,.F.);
#2636=ORIENTED_EDGE('',*,*,#2038,.F.);
#2637=ORIENTED_EDGE('',*,*,#2034,.T.);
#2638=ORIENTED_EDGE('',*,*,#2039,.T.);
#2639=ORIENTED_EDGE('',*,*,#2032,.F.);
#2640=ORIENTED_EDGE('',*,*,#2040,.F.);
#2641=ORIENTED_EDGE('',*,*,#2037,.T.);
#2642=ORIENTED_EDGE('',*,*,#2031,.T.);
#2643=ORIENTED_EDGE('',*,*,#2035,.T.);
#2644=ORIENTED_EDGE('',*,*,#2038,.T.);
#2645=ORIENTED_EDGE('',*,*,#2040,.T.);
#2646=ORIENTED_EDGE('',*,*,#2029,.F.);
#2647=ORIENTED_EDGE('',*,*,#2039,.F.);
#2648=ORIENTED_EDGE('',*,*,#2036,.F.);
#2649=ORIENTED_EDGE('',*,*,#2033,.F.);
#2650=ORIENTED_EDGE('',*,*,#2041,.F.);
#2651=ORIENTED_EDGE('',*,*,#2042,.F.);
#2652=ORIENTED_EDGE('',*,*,#2043,.T.);
#2653=ORIENTED_EDGE('',*,*,#2041,.T.);
#2654=ORIENTED_EDGE('',*,*,#2043,.F.);
#2655=ORIENTED_EDGE('',*,*,#2042,.T.);
#2656=ORIENTED_EDGE('',*,*,#2044,.T.);
#2657=ORIENTED_EDGE('',*,*,#2045,.T.);
#2658=ORIENTED_EDGE('',*,*,#2046,.F.);
#2659=ORIENTED_EDGE('',*,*,#2047,.F.);
#2660=ORIENTED_EDGE('',*,*,#2048,.F.);
#2661=ORIENTED_EDGE('',*,*,#2049,.F.);
#2662=ORIENTED_EDGE('',*,*,#2050,.T.);
#2663=ORIENTED_EDGE('',*,*,#2051,.T.);
#2664=ORIENTED_EDGE('',*,*,#2052,.F.);
#2665=ORIENTED_EDGE('',*,*,#2053,.F.);
#2666=ORIENTED_EDGE('',*,*,#2054,.T.);
#2667=ORIENTED_EDGE('',*,*,#2055,.F.);
#2668=ORIENTED_EDGE('',*,*,#2056,.F.);
#2669=ORIENTED_EDGE('',*,*,#2057,.F.);
#2670=ORIENTED_EDGE('',*,*,#2058,.F.);
#2671=ORIENTED_EDGE('',*,*,#2059,.F.);
#2672=ORIENTED_EDGE('',*,*,#2060,.F.);
#2673=ORIENTED_EDGE('',*,*,#2061,.F.);
#2674=ORIENTED_EDGE('',*,*,#2062,.F.);
#2675=ORIENTED_EDGE('',*,*,#2063,.F.);
#2676=ORIENTED_EDGE('',*,*,#2064,.T.);
#2677=ORIENTED_EDGE('',*,*,#2065,.F.);
#2678=ORIENTED_EDGE('',*,*,#2066,.F.);
#2679=ORIENTED_EDGE('',*,*,#2067,.T.);
#2680=ORIENTED_EDGE('',*,*,#2068,.T.);
#2681=ORIENTED_EDGE('',*,*,#2069,.T.);
#2682=ORIENTED_EDGE('',*,*,#2070,.F.);
#2683=ORIENTED_EDGE('',*,*,#2071,.T.);
#2684=ORIENTED_EDGE('',*,*,#2072,.T.);
#2685=ORIENTED_EDGE('',*,*,#2073,.F.);
#2686=ORIENTED_EDGE('',*,*,#2074,.T.);
#2687=ORIENTED_EDGE('',*,*,#2075,.T.);
#2688=ORIENTED_EDGE('',*,*,#2076,.T.);
#2689=ORIENTED_EDGE('',*,*,#2077,.T.);
#2690=ORIENTED_EDGE('',*,*,#2078,.T.);
#2691=ORIENTED_EDGE('',*,*,#2079,.T.);
#2692=ORIENTED_EDGE('',*,*,#2080,.F.);
#2693=ORIENTED_EDGE('',*,*,#2081,.T.);
#2694=ORIENTED_EDGE('',*,*,#2082,.F.);
#2695=ORIENTED_EDGE('',*,*,#2083,.F.);
#2696=ORIENTED_EDGE('',*,*,#2084,.F.);
#2697=ORIENTED_EDGE('',*,*,#2085,.F.);
#2698=ORIENTED_EDGE('',*,*,#2086,.F.);
#2699=ORIENTED_EDGE('',*,*,#2087,.T.);
#2700=ORIENTED_EDGE('',*,*,#2088,.T.);
#2701=ORIENTED_EDGE('',*,*,#2089,.F.);
#2702=ORIENTED_EDGE('',*,*,#2090,.F.);
#2703=ORIENTED_EDGE('',*,*,#2091,.F.);
#2704=ORIENTED_EDGE('',*,*,#2092,.T.);
#2705=ORIENTED_EDGE('',*,*,#2093,.F.);
#2706=ORIENTED_EDGE('',*,*,#2094,.F.);
#2707=ORIENTED_EDGE('',*,*,#2095,.F.);
#2708=ORIENTED_EDGE('',*,*,#2096,.F.);
#2709=ORIENTED_EDGE('',*,*,#2097,.F.);
#2710=ORIENTED_EDGE('',*,*,#2098,.F.);
#2711=ORIENTED_EDGE('',*,*,#2099,.T.);
#2712=ORIENTED_EDGE('',*,*,#2100,.F.);
#2713=ORIENTED_EDGE('',*,*,#2101,.T.);
#2714=ORIENTED_EDGE('',*,*,#2102,.T.);
#2715=ORIENTED_EDGE('',*,*,#2103,.T.);
#2716=ORIENTED_EDGE('',*,*,#2104,.T.);
#2717=ORIENTED_EDGE('',*,*,#2105,.T.);
#2718=ORIENTED_EDGE('',*,*,#2106,.T.);
#2719=ORIENTED_EDGE('',*,*,#2107,.T.);
#2720=ORIENTED_EDGE('',*,*,#2108,.F.);
#2721=ORIENTED_EDGE('',*,*,#2109,.F.);
#2722=ORIENTED_EDGE('',*,*,#2110,.F.);
#2723=ORIENTED_EDGE('',*,*,#2111,.F.);
#2724=ORIENTED_EDGE('',*,*,#2112,.T.);
#2725=ORIENTED_EDGE('',*,*,#2113,.F.);
#2726=ORIENTED_EDGE('',*,*,#2114,.F.);
#2727=ORIENTED_EDGE('',*,*,#2115,.F.);
#2728=ORIENTED_EDGE('',*,*,#2116,.F.);
#2729=ORIENTED_EDGE('',*,*,#2117,.F.);
#2730=ORIENTED_EDGE('',*,*,#2118,.F.);
#2731=ORIENTED_EDGE('',*,*,#2119,.F.);
#2732=ORIENTED_EDGE('',*,*,#2120,.T.);
#2733=ORIENTED_EDGE('',*,*,#2121,.F.);
#2734=ORIENTED_EDGE('',*,*,#2122,.T.);
#2735=ORIENTED_EDGE('',*,*,#2123,.T.);
#2736=ORIENTED_EDGE('',*,*,#2124,.T.);
#2737=ORIENTED_EDGE('',*,*,#2125,.T.);
#2738=ORIENTED_EDGE('',*,*,#2126,.F.);
#2739=ORIENTED_EDGE('',*,*,#2127,.T.);
#2740=ORIENTED_EDGE('',*,*,#2128,.T.);
#2741=ORIENTED_EDGE('',*,*,#2129,.T.);
#2742=ORIENTED_EDGE('',*,*,#2130,.F.);
#2743=ORIENTED_EDGE('',*,*,#2131,.F.);
#2744=ORIENTED_EDGE('',*,*,#2132,.T.);
#2745=ORIENTED_EDGE('',*,*,#2133,.T.);
#2746=ORIENTED_EDGE('',*,*,#2134,.T.);
#2747=ORIENTED_EDGE('',*,*,#2135,.T.);
#2748=ORIENTED_EDGE('',*,*,#2136,.T.);
#2749=ORIENTED_EDGE('',*,*,#2137,.T.);
#2750=ORIENTED_EDGE('',*,*,#2138,.F.);
#2751=ORIENTED_EDGE('',*,*,#2139,.T.);
#2752=ORIENTED_EDGE('',*,*,#2140,.F.);
#2753=ORIENTED_EDGE('',*,*,#2141,.F.);
#2754=ORIENTED_EDGE('',*,*,#2142,.F.);
#2755=ORIENTED_EDGE('',*,*,#2143,.T.);
#2756=ORIENTED_EDGE('',*,*,#2144,.T.);
#2757=ORIENTED_EDGE('',*,*,#2145,.T.);
#2758=ORIENTED_EDGE('',*,*,#2146,.F.);
#2759=ORIENTED_EDGE('',*,*,#2147,.F.);
#2760=ORIENTED_EDGE('',*,*,#2148,.F.);
#2761=ORIENTED_EDGE('',*,*,#2149,.T.);
#2762=ORIENTED_EDGE('',*,*,#2150,.F.);
#2763=ORIENTED_EDGE('',*,*,#2151,.T.);
#2764=ORIENTED_EDGE('',*,*,#2152,.F.);
#2765=ORIENTED_EDGE('',*,*,#2153,.F.);
#2766=ORIENTED_EDGE('',*,*,#2154,.T.);
#2767=ORIENTED_EDGE('',*,*,#2155,.F.);
#2768=ORIENTED_EDGE('',*,*,#2151,.F.);
#2769=ORIENTED_EDGE('',*,*,#2156,.F.);
#2770=ORIENTED_EDGE('',*,*,#2155,.T.);
#2771=ORIENTED_EDGE('',*,*,#2157,.T.);
#2772=ORIENTED_EDGE('',*,*,#2158,.F.);
#2773=ORIENTED_EDGE('',*,*,#2159,.F.);
#2774=ORIENTED_EDGE('',*,*,#2160,.T.);
#2775=ORIENTED_EDGE('',*,*,#2161,.F.);
#2776=ORIENTED_EDGE('',*,*,#2162,.T.);
#2777=ORIENTED_EDGE('',*,*,#2163,.F.);
#2778=ORIENTED_EDGE('',*,*,#2164,.T.);
#2779=ORIENTED_EDGE('',*,*,#2165,.F.);
#2780=ORIENTED_EDGE('',*,*,#2166,.F.);
#2781=ORIENTED_EDGE('',*,*,#2162,.F.);
#2782=ORIENTED_EDGE('',*,*,#2166,.T.);
#2783=ORIENTED_EDGE('',*,*,#2167,.T.);
#2784=ORIENTED_EDGE('',*,*,#2168,.T.);
#2785=ORIENTED_EDGE('',*,*,#2169,.F.);
#2786=ORIENTED_EDGE('',*,*,#2170,.F.);
#2787=ORIENTED_EDGE('',*,*,#2171,.T.);
#2788=ORIENTED_EDGE('',*,*,#2172,.F.);
#2789=ORIENTED_EDGE('',*,*,#2173,.F.);
#2790=ORIENTED_EDGE('',*,*,#2174,.F.);
#2791=ORIENTED_EDGE('',*,*,#2156,.T.);
#2792=ORIENTED_EDGE('',*,*,#2171,.F.);
#2793=ORIENTED_EDGE('',*,*,#2175,.F.);
#2794=ORIENTED_EDGE('',*,*,#2176,.T.);
#2795=ORIENTED_EDGE('',*,*,#2174,.T.);
#2796=ORIENTED_EDGE('',*,*,#2176,.F.);
#2797=ORIENTED_EDGE('',*,*,#2177,.T.);
#2798=ORIENTED_EDGE('',*,*,#2178,.T.);
#2799=ORIENTED_EDGE('',*,*,#2178,.F.);
#2800=ORIENTED_EDGE('',*,*,#2179,.T.);
#2801=ORIENTED_EDGE('',*,*,#2180,.F.);
#2802=ORIENTED_EDGE('',*,*,#2152,.T.);
#2803=ORIENTED_EDGE('',*,*,#2181,.F.);
#2804=ORIENTED_EDGE('',*,*,#2182,.F.);
#2805=ORIENTED_EDGE('',*,*,#2183,.T.);
#2806=ORIENTED_EDGE('',*,*,#2180,.T.);
#2807=ORIENTED_EDGE('',*,*,#2182,.T.);
#2808=ORIENTED_EDGE('',*,*,#2184,.T.);
#2809=ORIENTED_EDGE('',*,*,#2185,.F.);
#2810=ORIENTED_EDGE('',*,*,#2186,.F.);
#2811=ORIENTED_EDGE('',*,*,#2187,.F.);
#2812=ORIENTED_EDGE('',*,*,#2168,.F.);
#2813=ORIENTED_EDGE('',*,*,#2188,.F.);
#2814=ORIENTED_EDGE('',*,*,#2169,.T.);
#2815=ORIENTED_EDGE('',*,*,#2189,.F.);
#2816=ORIENTED_EDGE('',*,*,#2190,.F.);
#2817=ORIENTED_EDGE('',*,*,#2191,.T.);
#2818=ORIENTED_EDGE('',*,*,#2188,.T.);
#2819=ORIENTED_EDGE('',*,*,#2192,.F.);
#2820=ORIENTED_EDGE('',*,*,#2193,.T.);
#2821=ORIENTED_EDGE('',*,*,#2153,.T.);
#2822=ORIENTED_EDGE('',*,*,#2154,.F.);
#2823=ORIENTED_EDGE('',*,*,#2194,.T.);
#2824=ORIENTED_EDGE('',*,*,#2195,.T.);
#2825=ORIENTED_EDGE('',*,*,#2192,.T.);
#2826=ORIENTED_EDGE('',*,*,#2183,.F.);
#2827=ORIENTED_EDGE('',*,*,#2196,.T.);
#2828=ORIENTED_EDGE('',*,*,#2185,.T.);
#2829=ORIENTED_EDGE('',*,*,#2197,.T.);
#2830=ORIENTED_EDGE('',*,*,#2160,.F.);
#2831=ORIENTED_EDGE('',*,*,#2198,.T.);
#2832=ORIENTED_EDGE('',*,*,#2199,.F.);
#2833=ORIENTED_EDGE('',*,*,#2200,.F.);
#2834=ORIENTED_EDGE('',*,*,#2201,.T.);
#2835=ORIENTED_EDGE('',*,*,#2159,.T.);
#2836=ORIENTED_EDGE('',*,*,#2202,.F.);
#2837=ORIENTED_EDGE('',*,*,#2164,.F.);
#2838=ORIENTED_EDGE('',*,*,#2203,.T.);
#2839=ORIENTED_EDGE('',*,*,#2204,.F.);
#2840=ORIENTED_EDGE('',*,*,#2163,.T.);
#2841=ORIENTED_EDGE('',*,*,#2191,.F.);
#2842=ORIENTED_EDGE('',*,*,#2157,.F.);
#2843=ORIENTED_EDGE('',*,*,#2205,.T.);
#2844=ORIENTED_EDGE('',*,*,#2206,.F.);
#2845=ORIENTED_EDGE('',*,*,#2207,.F.);
#2846=ORIENTED_EDGE('',*,*,#2172,.T.);
#2847=ORIENTED_EDGE('',*,*,#2208,.T.);
#2848=ORIENTED_EDGE('',*,*,#2209,.F.);
#2849=ORIENTED_EDGE('',*,*,#2184,.F.);
#2850=ORIENTED_EDGE('',*,*,#2181,.T.);
#2851=ORIENTED_EDGE('',*,*,#2179,.F.);
#2852=ORIENTED_EDGE('',*,*,#2177,.F.);
#2853=ORIENTED_EDGE('',*,*,#2175,.T.);
#2854=ORIENTED_EDGE('',*,*,#2173,.T.);
#2855=ORIENTED_EDGE('',*,*,#2170,.T.);
#2856=ORIENTED_EDGE('',*,*,#2207,.T.);
#2857=ORIENTED_EDGE('',*,*,#2210,.F.);
#2858=ORIENTED_EDGE('',*,*,#2211,.T.);
#2859=ORIENTED_EDGE('',*,*,#2186,.T.);
#2860=ORIENTED_EDGE('',*,*,#2167,.F.);
#2861=ORIENTED_EDGE('',*,*,#2165,.T.);
#2862=ORIENTED_EDGE('',*,*,#2161,.T.);
#2863=ORIENTED_EDGE('',*,*,#2202,.T.);
#2864=ORIENTED_EDGE('',*,*,#2212,.T.);
#2865=ORIENTED_EDGE('',*,*,#2199,.T.);
#2866=ORIENTED_EDGE('',*,*,#2158,.T.);
#2867=ORIENTED_EDGE('',*,*,#2197,.F.);
#2868=ORIENTED_EDGE('',*,*,#2213,.T.);
#2869=ORIENTED_EDGE('',*,*,#2214,.T.);
#2870=ORIENTED_EDGE('',*,*,#2215,.T.);
#2871=ORIENTED_EDGE('',*,*,#2216,.T.);
#2872=ORIENTED_EDGE('',*,*,#2211,.F.);
#2873=ORIENTED_EDGE('',*,*,#2217,.T.);
#2874=ORIENTED_EDGE('',*,*,#2218,.F.);
#2875=ORIENTED_EDGE('',*,*,#2187,.T.);
#2876=ORIENTED_EDGE('',*,*,#2219,.T.);
#2877=ORIENTED_EDGE('',*,*,#2220,.F.);
#2878=ORIENTED_EDGE('',*,*,#2189,.T.);
#2879=ORIENTED_EDGE('',*,*,#2190,.T.);
#2880=ORIENTED_EDGE('',*,*,#2221,.F.);
#2881=ORIENTED_EDGE('',*,*,#2222,.F.);
#2882=ORIENTED_EDGE('',*,*,#2223,.F.);
#2883=ORIENTED_EDGE('',*,*,#2194,.F.);
#2884=ORIENTED_EDGE('',*,*,#2224,.F.);
#2885=ORIENTED_EDGE('',*,*,#2224,.T.);
#2886=ORIENTED_EDGE('',*,*,#2193,.F.);
#2887=ORIENTED_EDGE('',*,*,#2225,.F.);
#2888=ORIENTED_EDGE('',*,*,#2107,.F.);
#2889=ORIENTED_EDGE('',*,*,#2226,.F.);
#2890=ORIENTED_EDGE('',*,*,#2223,.T.);
#2891=ORIENTED_EDGE('',*,*,#2227,.F.);
#2892=ORIENTED_EDGE('',*,*,#2106,.F.);
#2893=ORIENTED_EDGE('',*,*,#2228,.F.);
#2894=ORIENTED_EDGE('',*,*,#2226,.T.);
#2895=ORIENTED_EDGE('',*,*,#2205,.F.);
#2896=ORIENTED_EDGE('',*,*,#2195,.F.);
#2897=ORIENTED_EDGE('',*,*,#2229,.T.);
#2898=ORIENTED_EDGE('',*,*,#2230,.F.);
#2899=ORIENTED_EDGE('',*,*,#2073,.T.);
#2900=ORIENTED_EDGE('',*,*,#2231,.F.);
#2901=ORIENTED_EDGE('',*,*,#2232,.F.);
#2902=ORIENTED_EDGE('',*,*,#2233,.T.);
#2903=ORIENTED_EDGE('',*,*,#2196,.F.);
#2904=ORIENTED_EDGE('',*,*,#2075,.F.);
#2905=ORIENTED_EDGE('',*,*,#2234,.F.);
#2906=ORIENTED_EDGE('',*,*,#2235,.F.);
#2907=ORIENTED_EDGE('',*,*,#2198,.F.);
#2908=ORIENTED_EDGE('',*,*,#2236,.F.);
#2909=ORIENTED_EDGE('',*,*,#2237,.T.);
#2910=ORIENTED_EDGE('',*,*,#2076,.F.);
#2911=ORIENTED_EDGE('',*,*,#2235,.T.);
#2912=ORIENTED_EDGE('',*,*,#2232,.T.);
#2913=ORIENTED_EDGE('',*,*,#2238,.F.);
#2914=ORIENTED_EDGE('',*,*,#2077,.F.);
#2915=ORIENTED_EDGE('',*,*,#2238,.T.);
#2916=ORIENTED_EDGE('',*,*,#2237,.F.);
#2917=ORIENTED_EDGE('',*,*,#2239,.F.);
#2918=ORIENTED_EDGE('',*,*,#2240,.T.);
#2919=ORIENTED_EDGE('',*,*,#2236,.T.);
#2920=ORIENTED_EDGE('',*,*,#2201,.F.);
#2921=ORIENTED_EDGE('',*,*,#2078,.F.);
#2922=ORIENTED_EDGE('',*,*,#2239,.T.);
#2923=ORIENTED_EDGE('',*,*,#2241,.F.);
#2924=ORIENTED_EDGE('',*,*,#2079,.F.);
#2925=ORIENTED_EDGE('',*,*,#2241,.T.);
#2926=ORIENTED_EDGE('',*,*,#2240,.F.);
#2927=ORIENTED_EDGE('',*,*,#2242,.F.);
#2928=ORIENTED_EDGE('',*,*,#2243,.F.);
#2929=ORIENTED_EDGE('',*,*,#2080,.T.);
#2930=ORIENTED_EDGE('',*,*,#2242,.T.);
#2931=ORIENTED_EDGE('',*,*,#2244,.F.);
#2932=ORIENTED_EDGE('',*,*,#2081,.F.);
#2933=ORIENTED_EDGE('',*,*,#2243,.T.);
#2934=ORIENTED_EDGE('',*,*,#2245,.F.);
#2935=ORIENTED_EDGE('',*,*,#2246,.F.);
#2936=ORIENTED_EDGE('',*,*,#2083,.T.);
#2937=ORIENTED_EDGE('',*,*,#2247,.F.);
#2938=ORIENTED_EDGE('',*,*,#2247,.T.);
#2939=ORIENTED_EDGE('',*,*,#2082,.T.);
#2940=ORIENTED_EDGE('',*,*,#2245,.T.);
#2941=ORIENTED_EDGE('',*,*,#2212,.F.);
#2942=ORIENTED_EDGE('',*,*,#2203,.F.);
#2943=ORIENTED_EDGE('',*,*,#2248,.F.);
#2944=ORIENTED_EDGE('',*,*,#2200,.T.);
#2945=ORIENTED_EDGE('',*,*,#2249,.F.);
#2946=ORIENTED_EDGE('',*,*,#2084,.T.);
#2947=ORIENTED_EDGE('',*,*,#2246,.T.);
#2948=ORIENTED_EDGE('',*,*,#2244,.T.);
#2949=ORIENTED_EDGE('',*,*,#2204,.T.);
#2950=ORIENTED_EDGE('',*,*,#2250,.F.);
#2951=ORIENTED_EDGE('',*,*,#2251,.T.);
#2952=ORIENTED_EDGE('',*,*,#2252,.F.);
#2953=ORIENTED_EDGE('',*,*,#2085,.T.);
#2954=ORIENTED_EDGE('',*,*,#2249,.T.);
#2955=ORIENTED_EDGE('',*,*,#2248,.T.);
#2956=ORIENTED_EDGE('',*,*,#2253,.T.);
#2957=ORIENTED_EDGE('',*,*,#2250,.T.);
#2958=ORIENTED_EDGE('',*,*,#2222,.T.);
#2959=ORIENTED_EDGE('',*,*,#2104,.F.);
#2960=ORIENTED_EDGE('',*,*,#2254,.F.);
#2961=ORIENTED_EDGE('',*,*,#2255,.F.);
#2962=ORIENTED_EDGE('',*,*,#2103,.F.);
#2963=ORIENTED_EDGE('',*,*,#2256,.F.);
#2964=ORIENTED_EDGE('',*,*,#2254,.T.);
#2965=ORIENTED_EDGE('',*,*,#2257,.F.);
#2966=ORIENTED_EDGE('',*,*,#2258,.F.);
#2967=ORIENTED_EDGE('',*,*,#2206,.T.);
#2968=ORIENTED_EDGE('',*,*,#2102,.F.);
#2969=ORIENTED_EDGE('',*,*,#2259,.F.);
#2970=ORIENTED_EDGE('',*,*,#2257,.T.);
#2971=ORIENTED_EDGE('',*,*,#2256,.T.);
#2972=ORIENTED_EDGE('',*,*,#2260,.F.);
#2973=ORIENTED_EDGE('',*,*,#2208,.F.);
#2974=ORIENTED_EDGE('',*,*,#2258,.T.);
#2975=ORIENTED_EDGE('',*,*,#2217,.F.);
#2976=ORIENTED_EDGE('',*,*,#2210,.T.);
#2977=ORIENTED_EDGE('',*,*,#2209,.T.);
#2978=ORIENTED_EDGE('',*,*,#2261,.F.);
#2979=ORIENTED_EDGE('',*,*,#2099,.F.);
#2980=ORIENTED_EDGE('',*,*,#2262,.F.);
#2981=ORIENTED_EDGE('',*,*,#2260,.T.);
#2982=ORIENTED_EDGE('',*,*,#2263,.F.);
#2983=ORIENTED_EDGE('',*,*,#2264,.T.);
#2984=ORIENTED_EDGE('',*,*,#2265,.F.);
#2985=ORIENTED_EDGE('',*,*,#2218,.T.);
#2986=ORIENTED_EDGE('',*,*,#2266,.F.);
#2987=ORIENTED_EDGE('',*,*,#2096,.T.);
#2988=ORIENTED_EDGE('',*,*,#2267,.F.);
#2989=ORIENTED_EDGE('',*,*,#2262,.T.);
#2990=ORIENTED_EDGE('',*,*,#2098,.T.);
#2991=ORIENTED_EDGE('',*,*,#2268,.F.);
#2992=ORIENTED_EDGE('',*,*,#2261,.T.);
#2993=ORIENTED_EDGE('',*,*,#2268,.T.);
#2994=ORIENTED_EDGE('',*,*,#2097,.T.);
#2995=ORIENTED_EDGE('',*,*,#2266,.T.);
#2996=ORIENTED_EDGE('',*,*,#2264,.F.);
#2997=ORIENTED_EDGE('',*,*,#2219,.F.);
#2998=ORIENTED_EDGE('',*,*,#2265,.T.);
#2999=ORIENTED_EDGE('',*,*,#2269,.T.);
#3000=ORIENTED_EDGE('',*,*,#2267,.T.);
#3001=ORIENTED_EDGE('',*,*,#2095,.T.);
#3002=ORIENTED_EDGE('',*,*,#2270,.F.);
#3003=ORIENTED_EDGE('',*,*,#2270,.T.);
#3004=ORIENTED_EDGE('',*,*,#2094,.T.);
#3005=ORIENTED_EDGE('',*,*,#2271,.F.);
#3006=ORIENTED_EDGE('',*,*,#2269,.F.);
#3007=ORIENTED_EDGE('',*,*,#2271,.T.);
#3008=ORIENTED_EDGE('',*,*,#2093,.T.);
#3009=ORIENTED_EDGE('',*,*,#2272,.F.);
#3010=ORIENTED_EDGE('',*,*,#2221,.T.);
#3011=ORIENTED_EDGE('',*,*,#2220,.T.);
#3012=ORIENTED_EDGE('',*,*,#2273,.T.);
#3013=ORIENTED_EDGE('',*,*,#2092,.F.);
#3014=ORIENTED_EDGE('',*,*,#2274,.F.);
#3015=ORIENTED_EDGE('',*,*,#2272,.T.);
#3016=ORIENTED_EDGE('',*,*,#2275,.F.);
#3017=ORIENTED_EDGE('',*,*,#2089,.T.);
#3018=ORIENTED_EDGE('',*,*,#2276,.F.);
#3019=ORIENTED_EDGE('',*,*,#2253,.F.);
#3020=ORIENTED_EDGE('',*,*,#2274,.T.);
#3021=ORIENTED_EDGE('',*,*,#2091,.T.);
#3022=ORIENTED_EDGE('',*,*,#2277,.F.);
#3023=ORIENTED_EDGE('',*,*,#2273,.F.);
#3024=ORIENTED_EDGE('',*,*,#2277,.T.);
#3025=ORIENTED_EDGE('',*,*,#2090,.T.);
#3026=ORIENTED_EDGE('',*,*,#2275,.T.);
#3027=ORIENTED_EDGE('',*,*,#2087,.F.);
#3028=ORIENTED_EDGE('',*,*,#2278,.F.);
#3029=ORIENTED_EDGE('',*,*,#2279,.F.);
#3030=ORIENTED_EDGE('',*,*,#2088,.F.);
#3031=ORIENTED_EDGE('',*,*,#2279,.T.);
#3032=ORIENTED_EDGE('',*,*,#2276,.T.);
#3033=ORIENTED_EDGE('',*,*,#2101,.F.);
#3034=ORIENTED_EDGE('',*,*,#2280,.F.);
#3035=ORIENTED_EDGE('',*,*,#2259,.T.);
#3036=ORIENTED_EDGE('',*,*,#2280,.T.);
#3037=ORIENTED_EDGE('',*,*,#2100,.T.);
#3038=ORIENTED_EDGE('',*,*,#2263,.T.);
#3039=ORIENTED_EDGE('',*,*,#2278,.T.);
#3040=ORIENTED_EDGE('',*,*,#2086,.T.);
#3041=ORIENTED_EDGE('',*,*,#2252,.T.);
#3042=ORIENTED_EDGE('',*,*,#2251,.F.);
#3043=ORIENTED_EDGE('',*,*,#2071,.F.);
#3044=ORIENTED_EDGE('',*,*,#2281,.F.);
#3045=ORIENTED_EDGE('',*,*,#2225,.T.);
#3046=ORIENTED_EDGE('',*,*,#2282,.F.);
#3047=ORIENTED_EDGE('',*,*,#2072,.F.);
#3048=ORIENTED_EDGE('',*,*,#2282,.T.);
#3049=ORIENTED_EDGE('',*,*,#2233,.F.);
#3050=ORIENTED_EDGE('',*,*,#2231,.T.);
#3051=ORIENTED_EDGE('',*,*,#2074,.F.);
#3052=ORIENTED_EDGE('',*,*,#2230,.T.);
#3053=ORIENTED_EDGE('',*,*,#2234,.T.);
#3054=ORIENTED_EDGE('',*,*,#2105,.F.);
#3055=ORIENTED_EDGE('',*,*,#2255,.T.);
#3056=ORIENTED_EDGE('',*,*,#2229,.F.);
#3057=ORIENTED_EDGE('',*,*,#2228,.T.);
#3058=ORIENTED_EDGE('',*,*,#2281,.T.);
#3059=ORIENTED_EDGE('',*,*,#2108,.T.);
#3060=ORIENTED_EDGE('',*,*,#2227,.T.);
#3061=ORIENTED_EDGE('',*,*,#2121,.T.);
#3062=ORIENTED_EDGE('',*,*,#2283,.T.);
#3063=ORIENTED_EDGE('',*,*,#2284,.F.);
#3064=ORIENTED_EDGE('',*,*,#2285,.F.);
#3065=ORIENTED_EDGE('',*,*,#2286,.T.);
#3066=ORIENTED_EDGE('',*,*,#2287,.F.);
#3067=ORIENTED_EDGE('',*,*,#2287,.T.);
#3068=ORIENTED_EDGE('',*,*,#2288,.F.);
#3069=ORIENTED_EDGE('',*,*,#2289,.T.);
#3070=ORIENTED_EDGE('',*,*,#2290,.T.);
#3071=ORIENTED_EDGE('',*,*,#2122,.F.);
#3072=ORIENTED_EDGE('',*,*,#2291,.F.);
#3073=ORIENTED_EDGE('',*,*,#2292,.T.);
#3074=ORIENTED_EDGE('',*,*,#2293,.F.);
#3075=ORIENTED_EDGE('',*,*,#2294,.T.);
#3076=ORIENTED_EDGE('',*,*,#2295,.T.);
#3077=ORIENTED_EDGE('',*,*,#2296,.F.);
#3078=ORIENTED_EDGE('',*,*,#2297,.F.);
#3079=ORIENTED_EDGE('',*,*,#2291,.T.);
#3080=ORIENTED_EDGE('',*,*,#2298,.T.);
#3081=ORIENTED_EDGE('',*,*,#2299,.T.);
#3082=ORIENTED_EDGE('',*,*,#2300,.F.);
#3083=ORIENTED_EDGE('',*,*,#2301,.T.);
#3084=ORIENTED_EDGE('',*,*,#2302,.F.);
#3085=ORIENTED_EDGE('',*,*,#2298,.F.);
#3086=ORIENTED_EDGE('',*,*,#2296,.T.);
#3087=ORIENTED_EDGE('',*,*,#2303,.T.);
#3088=ORIENTED_EDGE('',*,*,#2304,.T.);
#3089=ORIENTED_EDGE('',*,*,#2305,.F.);
#3090=ORIENTED_EDGE('',*,*,#2051,.F.);
#3091=ORIENTED_EDGE('',*,*,#2306,.T.);
#3092=ORIENTED_EDGE('',*,*,#2307,.T.);
#3093=ORIENTED_EDGE('',*,*,#2308,.F.);
#3094=ORIENTED_EDGE('',*,*,#2309,.T.);
#3095=ORIENTED_EDGE('',*,*,#2310,.T.);
#3096=ORIENTED_EDGE('',*,*,#2311,.F.);
#3097=ORIENTED_EDGE('',*,*,#2312,.F.);
#3098=ORIENTED_EDGE('',*,*,#2313,.T.);
#3099=ORIENTED_EDGE('',*,*,#2314,.T.);
#3100=ORIENTED_EDGE('',*,*,#2315,.T.);
#3101=ORIENTED_EDGE('',*,*,#2316,.T.);
#3102=ORIENTED_EDGE('',*,*,#2317,.F.);
#3103=ORIENTED_EDGE('',*,*,#2318,.F.);
#3104=ORIENTED_EDGE('',*,*,#2316,.F.);
#3105=ORIENTED_EDGE('',*,*,#2319,.T.);
#3106=ORIENTED_EDGE('',*,*,#2320,.F.);
#3107=ORIENTED_EDGE('',*,*,#2321,.T.);
#3108=ORIENTED_EDGE('',*,*,#2322,.T.);
#3109=ORIENTED_EDGE('',*,*,#2323,.F.);
#3110=ORIENTED_EDGE('',*,*,#2324,.T.);
#3111=ORIENTED_EDGE('',*,*,#2323,.T.);
#3112=ORIENTED_EDGE('',*,*,#2325,.F.);
#3113=ORIENTED_EDGE('',*,*,#2326,.F.);
#3114=ORIENTED_EDGE('',*,*,#2299,.F.);
#3115=ORIENTED_EDGE('',*,*,#2327,.F.);
#3116=ORIENTED_EDGE('',*,*,#2328,.F.);
#3117=ORIENTED_EDGE('',*,*,#2329,.T.);
#3118=ORIENTED_EDGE('',*,*,#2330,.T.);
#3119=ORIENTED_EDGE('',*,*,#2329,.F.);
#3120=ORIENTED_EDGE('',*,*,#2331,.F.);
#3121=ORIENTED_EDGE('',*,*,#2331,.T.);
#3122=ORIENTED_EDGE('',*,*,#2328,.T.);
#3123=ORIENTED_EDGE('',*,*,#2332,.F.);
#3124=ORIENTED_EDGE('',*,*,#2333,.F.);
#3125=ORIENTED_EDGE('',*,*,#2332,.T.);
#3126=ORIENTED_EDGE('',*,*,#2327,.T.);
#3127=ORIENTED_EDGE('',*,*,#2303,.F.);
#3128=ORIENTED_EDGE('',*,*,#2295,.F.);
#3129=ORIENTED_EDGE('',*,*,#2334,.F.);
#3130=ORIENTED_EDGE('',*,*,#2335,.T.);
#3131=ORIENTED_EDGE('',*,*,#2336,.F.);
#3132=ORIENTED_EDGE('',*,*,#2337,.T.);
#3133=ORIENTED_EDGE('',*,*,#2335,.F.);
#3134=ORIENTED_EDGE('',*,*,#2338,.F.);
#3135=ORIENTED_EDGE('',*,*,#2339,.T.);
#3136=ORIENTED_EDGE('',*,*,#2340,.T.);
#3137=ORIENTED_EDGE('',*,*,#2340,.F.);
#3138=ORIENTED_EDGE('',*,*,#2341,.T.);
#3139=ORIENTED_EDGE('',*,*,#2342,.F.);
#3140=ORIENTED_EDGE('',*,*,#2343,.T.);
#3141=ORIENTED_EDGE('',*,*,#2344,.F.);
#3142=ORIENTED_EDGE('',*,*,#2345,.T.);
#3143=ORIENTED_EDGE('',*,*,#2317,.T.);
#3144=ORIENTED_EDGE('',*,*,#2346,.F.);
#3145=ORIENTED_EDGE('',*,*,#2347,.F.);
#3146=ORIENTED_EDGE('',*,*,#2348,.T.);
#3147=ORIENTED_EDGE('',*,*,#2349,.T.);
#3148=ORIENTED_EDGE('',*,*,#2350,.F.);
#3149=ORIENTED_EDGE('',*,*,#2351,.T.);
#3150=ORIENTED_EDGE('',*,*,#2319,.F.);
#3151=ORIENTED_EDGE('',*,*,#2315,.F.);
#3152=ORIENTED_EDGE('',*,*,#2352,.T.);
#3153=ORIENTED_EDGE('',*,*,#2353,.T.);
#3154=ORIENTED_EDGE('',*,*,#2349,.F.);
#3155=ORIENTED_EDGE('',*,*,#2314,.F.);
#3156=ORIENTED_EDGE('',*,*,#2354,.F.);
#3157=ORIENTED_EDGE('',*,*,#2355,.T.);
#3158=ORIENTED_EDGE('',*,*,#2294,.F.);
#3159=ORIENTED_EDGE('',*,*,#2356,.F.);
#3160=ORIENTED_EDGE('',*,*,#2357,.F.);
#3161=ORIENTED_EDGE('',*,*,#2297,.T.);
#3162=ORIENTED_EDGE('',*,*,#2302,.T.);
#3163=ORIENTED_EDGE('',*,*,#2358,.F.);
#3164=ORIENTED_EDGE('',*,*,#2359,.T.);
#3165=ORIENTED_EDGE('',*,*,#2360,.F.);
#3166=ORIENTED_EDGE('',*,*,#2361,.T.);
#3167=ORIENTED_EDGE('',*,*,#2292,.F.);
#3168=ORIENTED_EDGE('',*,*,#2355,.F.);
#3169=ORIENTED_EDGE('',*,*,#2362,.F.);
#3170=ORIENTED_EDGE('',*,*,#2338,.T.);
#3171=ORIENTED_EDGE('',*,*,#2334,.T.);
#3172=ORIENTED_EDGE('',*,*,#2343,.F.);
#3173=ORIENTED_EDGE('',*,*,#2363,.F.);
#3174=ORIENTED_EDGE('',*,*,#2364,.F.);
#3175=ORIENTED_EDGE('',*,*,#2365,.F.);
#3176=ORIENTED_EDGE('',*,*,#2052,.T.);
#3177=ORIENTED_EDGE('',*,*,#2305,.T.);
#3178=ORIENTED_EDGE('',*,*,#2366,.F.);
#3179=ORIENTED_EDGE('',*,*,#2367,.T.);
#3180=ORIENTED_EDGE('',*,*,#2306,.F.);
#3181=ORIENTED_EDGE('',*,*,#2050,.F.);
#3182=ORIENTED_EDGE('',*,*,#2368,.T.);
#3183=ORIENTED_EDGE('',*,*,#2369,.T.);
#3184=ORIENTED_EDGE('',*,*,#2370,.F.);
#3185=ORIENTED_EDGE('',*,*,#2308,.T.);
#3186=ORIENTED_EDGE('',*,*,#2371,.T.);
#3187=ORIENTED_EDGE('',*,*,#2062,.T.);
#3188=ORIENTED_EDGE('',*,*,#2372,.F.);
#3189=ORIENTED_EDGE('',*,*,#2354,.T.);
#3190=ORIENTED_EDGE('',*,*,#2313,.F.);
#3191=ORIENTED_EDGE('',*,*,#2300,.T.);
#3192=ORIENTED_EDGE('',*,*,#2326,.T.);
#3193=ORIENTED_EDGE('',*,*,#2373,.T.);
#3194=ORIENTED_EDGE('',*,*,#2374,.F.);
#3195=ORIENTED_EDGE('',*,*,#2375,.F.);
#3196=ORIENTED_EDGE('',*,*,#2376,.F.);
#3197=ORIENTED_EDGE('',*,*,#2377,.T.);
#3198=ORIENTED_EDGE('',*,*,#2378,.T.);
#3199=ORIENTED_EDGE('',*,*,#2379,.T.);
#3200=ORIENTED_EDGE('',*,*,#2380,.F.);
#3201=ORIENTED_EDGE('',*,*,#2381,.T.);
#3202=ORIENTED_EDGE('',*,*,#2322,.F.);
#3203=ORIENTED_EDGE('',*,*,#2344,.T.);
#3204=ORIENTED_EDGE('',*,*,#2366,.T.);
#3205=ORIENTED_EDGE('',*,*,#2304,.F.);
#3206=ORIENTED_EDGE('',*,*,#2367,.F.);
#3207=ORIENTED_EDGE('',*,*,#2382,.F.);
#3208=ORIENTED_EDGE('',*,*,#2369,.F.);
#3209=ORIENTED_EDGE('',*,*,#2307,.F.);
#3210=ORIENTED_EDGE('',*,*,#2318,.T.);
#3211=ORIENTED_EDGE('',*,*,#2345,.F.);
#3212=ORIENTED_EDGE('',*,*,#2383,.F.);
#3213=ORIENTED_EDGE('',*,*,#2384,.T.);
#3214=ORIENTED_EDGE('',*,*,#2377,.F.);
#3215=ORIENTED_EDGE('',*,*,#2321,.F.);
#3216=ORIENTED_EDGE('',*,*,#2324,.F.);
#3217=ORIENTED_EDGE('',*,*,#2330,.F.);
#3218=ORIENTED_EDGE('',*,*,#2333,.T.);
#3219=ORIENTED_EDGE('',*,*,#2336,.T.);
#3220=ORIENTED_EDGE('',*,*,#2337,.F.);
#3221=ORIENTED_EDGE('',*,*,#2385,.F.);
#3222=ORIENTED_EDGE('',*,*,#2386,.F.);
#3223=ORIENTED_EDGE('',*,*,#2387,.F.);
#3224=ORIENTED_EDGE('',*,*,#2388,.F.);
#3225=ORIENTED_EDGE('',*,*,#2383,.T.);
#3226=ORIENTED_EDGE('',*,*,#2348,.F.);
#3227=ORIENTED_EDGE('',*,*,#2389,.T.);
#3228=ORIENTED_EDGE('',*,*,#2390,.F.);
#3229=ORIENTED_EDGE('',*,*,#2320,.T.);
#3230=ORIENTED_EDGE('',*,*,#2351,.F.);
#3231=ORIENTED_EDGE('',*,*,#2391,.T.);
#3232=ORIENTED_EDGE('',*,*,#2392,.F.);
#3233=ORIENTED_EDGE('',*,*,#2393,.F.);
#3234=ORIENTED_EDGE('',*,*,#2352,.F.);
#3235=ORIENTED_EDGE('',*,*,#2372,.T.);
#3236=ORIENTED_EDGE('',*,*,#2061,.T.);
#3237=ORIENTED_EDGE('',*,*,#2394,.T.);
#3238=ORIENTED_EDGE('',*,*,#2395,.T.);
#3239=ORIENTED_EDGE('',*,*,#2396,.T.);
#3240=ORIENTED_EDGE('',*,*,#2360,.T.);
#3241=ORIENTED_EDGE('',*,*,#2397,.F.);
#3242=ORIENTED_EDGE('',*,*,#2396,.F.);
#3243=ORIENTED_EDGE('',*,*,#2398,.T.);
#3244=ORIENTED_EDGE('',*,*,#2399,.F.);
#3245=ORIENTED_EDGE('',*,*,#2400,.T.);
#3246=ORIENTED_EDGE('',*,*,#2401,.T.);
#3247=ORIENTED_EDGE('',*,*,#2402,.F.);
#3248=ORIENTED_EDGE('',*,*,#2356,.T.);
#3249=ORIENTED_EDGE('',*,*,#2293,.T.);
#3250=ORIENTED_EDGE('',*,*,#2361,.F.);
#3251=ORIENTED_EDGE('',*,*,#2113,.T.);
#3252=ORIENTED_EDGE('',*,*,#2403,.T.);
#3253=ORIENTED_EDGE('',*,*,#2398,.F.);
#3254=ORIENTED_EDGE('',*,*,#2395,.F.);
#3255=ORIENTED_EDGE('',*,*,#2404,.F.);
#3256=ORIENTED_EDGE('',*,*,#2405,.T.);
#3257=ORIENTED_EDGE('',*,*,#2114,.T.);
#3258=ORIENTED_EDGE('',*,*,#2405,.F.);
#3259=ORIENTED_EDGE('',*,*,#2406,.T.);
#3260=ORIENTED_EDGE('',*,*,#2376,.T.);
#3261=ORIENTED_EDGE('',*,*,#2407,.F.);
#3262=ORIENTED_EDGE('',*,*,#2358,.T.);
#3263=ORIENTED_EDGE('',*,*,#2301,.F.);
#3264=ORIENTED_EDGE('',*,*,#2408,.T.);
#3265=ORIENTED_EDGE('',*,*,#2409,.T.);
#3266=ORIENTED_EDGE('',*,*,#2410,.F.);
#3267=ORIENTED_EDGE('',*,*,#2411,.T.);
#3268=ORIENTED_EDGE('',*,*,#2149,.F.);
#3269=ORIENTED_EDGE('',*,*,#2412,.T.);
#3270=ORIENTED_EDGE('',*,*,#2413,.T.);
#3271=ORIENTED_EDGE('',*,*,#2414,.F.);
#3272=ORIENTED_EDGE('',*,*,#2410,.T.);
#3273=ORIENTED_EDGE('',*,*,#2415,.T.);
#3274=ORIENTED_EDGE('',*,*,#2341,.F.);
#3275=ORIENTED_EDGE('',*,*,#2339,.F.);
#3276=ORIENTED_EDGE('',*,*,#2362,.T.);
#3277=ORIENTED_EDGE('',*,*,#2357,.T.);
#3278=ORIENTED_EDGE('',*,*,#2402,.T.);
#3279=ORIENTED_EDGE('',*,*,#2416,.F.);
#3280=ORIENTED_EDGE('',*,*,#2147,.T.);
#3281=ORIENTED_EDGE('',*,*,#2417,.T.);
#3282=ORIENTED_EDGE('',*,*,#2418,.T.);
#3283=ORIENTED_EDGE('',*,*,#2365,.T.);
#3284=ORIENTED_EDGE('',*,*,#2419,.F.);
#3285=ORIENTED_EDGE('',*,*,#2053,.T.);
#3286=ORIENTED_EDGE('',*,*,#2420,.F.);
#3287=ORIENTED_EDGE('',*,*,#2421,.T.);
#3288=ORIENTED_EDGE('',*,*,#2422,.T.);
#3289=ORIENTED_EDGE('',*,*,#2363,.T.);
#3290=ORIENTED_EDGE('',*,*,#2342,.T.);
#3291=ORIENTED_EDGE('',*,*,#2415,.F.);
#3292=ORIENTED_EDGE('',*,*,#2409,.F.);
#3293=ORIENTED_EDGE('',*,*,#2423,.F.);
#3294=ORIENTED_EDGE('',*,*,#2417,.F.);
#3295=ORIENTED_EDGE('',*,*,#2146,.T.);
#3296=ORIENTED_EDGE('',*,*,#2424,.F.);
#3297=ORIENTED_EDGE('',*,*,#2142,.T.);
#3298=ORIENTED_EDGE('',*,*,#2425,.T.);
#3299=ORIENTED_EDGE('',*,*,#2426,.T.);
#3300=ORIENTED_EDGE('',*,*,#2054,.F.);
#3301=ORIENTED_EDGE('',*,*,#2419,.T.);
#3302=ORIENTED_EDGE('',*,*,#2364,.T.);
#3303=ORIENTED_EDGE('',*,*,#2422,.F.);
#3304=ORIENTED_EDGE('',*,*,#2427,.T.);
#3305=ORIENTED_EDGE('',*,*,#2141,.T.);
#3306=ORIENTED_EDGE('',*,*,#2428,.T.);
#3307=ORIENTED_EDGE('',*,*,#2425,.F.);
#3308=ORIENTED_EDGE('',*,*,#2140,.T.);
#3309=ORIENTED_EDGE('',*,*,#2429,.T.);
#3310=ORIENTED_EDGE('',*,*,#2430,.T.);
#3311=ORIENTED_EDGE('',*,*,#2047,.T.);
#3312=ORIENTED_EDGE('',*,*,#2426,.F.);
#3313=ORIENTED_EDGE('',*,*,#2428,.F.);
#3314=ORIENTED_EDGE('',*,*,#2046,.T.);
#3315=ORIENTED_EDGE('',*,*,#2431,.T.);
#3316=ORIENTED_EDGE('',*,*,#2432,.T.);
#3317=ORIENTED_EDGE('',*,*,#2433,.F.);
#3318=ORIENTED_EDGE('',*,*,#2434,.T.);
#3319=ORIENTED_EDGE('',*,*,#2435,.T.);
#3320=ORIENTED_EDGE('',*,*,#2429,.F.);
#3321=ORIENTED_EDGE('',*,*,#2139,.F.);
#3322=ORIENTED_EDGE('',*,*,#2436,.T.);
#3323=ORIENTED_EDGE('',*,*,#2044,.F.);
#3324=ORIENTED_EDGE('',*,*,#2436,.F.);
#3325=ORIENTED_EDGE('',*,*,#2138,.T.);
#3326=ORIENTED_EDGE('',*,*,#2382,.T.);
#3327=ORIENTED_EDGE('',*,*,#2368,.F.);
#3328=ORIENTED_EDGE('',*,*,#2049,.T.);
#3329=ORIENTED_EDGE('',*,*,#2437,.T.);
#3330=ORIENTED_EDGE('',*,*,#2309,.F.);
#3331=ORIENTED_EDGE('',*,*,#2370,.T.);
#3332=ORIENTED_EDGE('',*,*,#2438,.F.);
#3333=ORIENTED_EDGE('',*,*,#2439,.T.);
#3334=ORIENTED_EDGE('',*,*,#2137,.F.);
#3335=ORIENTED_EDGE('',*,*,#2440,.T.);
#3336=ORIENTED_EDGE('',*,*,#2434,.F.);
#3337=ORIENTED_EDGE('',*,*,#2371,.F.);
#3338=ORIENTED_EDGE('',*,*,#2312,.T.);
#3339=ORIENTED_EDGE('',*,*,#2441,.F.);
#3340=ORIENTED_EDGE('',*,*,#2063,.T.);
#3341=ORIENTED_EDGE('',*,*,#2136,.F.);
#3342=ORIENTED_EDGE('',*,*,#2442,.T.);
#3343=ORIENTED_EDGE('',*,*,#2443,.T.);
#3344=ORIENTED_EDGE('',*,*,#2444,.T.);
#3345=ORIENTED_EDGE('',*,*,#2310,.F.);
#3346=ORIENTED_EDGE('',*,*,#2437,.F.);
#3347=ORIENTED_EDGE('',*,*,#2048,.T.);
#3348=ORIENTED_EDGE('',*,*,#2430,.F.);
#3349=ORIENTED_EDGE('',*,*,#2435,.F.);
#3350=ORIENTED_EDGE('',*,*,#2440,.F.);
#3351=ORIENTED_EDGE('',*,*,#2116,.T.);
#3352=ORIENTED_EDGE('',*,*,#2445,.T.);
#3353=ORIENTED_EDGE('',*,*,#2374,.T.);
#3354=ORIENTED_EDGE('',*,*,#2446,.F.);
#3355=ORIENTED_EDGE('',*,*,#2447,.T.);
#3356=ORIENTED_EDGE('',*,*,#2117,.T.);
#3357=ORIENTED_EDGE('',*,*,#2447,.F.);
#3358=ORIENTED_EDGE('',*,*,#2448,.F.);
#3359=ORIENTED_EDGE('',*,*,#2449,.T.);
#3360=ORIENTED_EDGE('',*,*,#2450,.T.);
#3361=ORIENTED_EDGE('',*,*,#2448,.T.);
#3362=ORIENTED_EDGE('',*,*,#2446,.T.);
#3363=ORIENTED_EDGE('',*,*,#2373,.F.);
#3364=ORIENTED_EDGE('',*,*,#2325,.T.);
#3365=ORIENTED_EDGE('',*,*,#2381,.F.);
#3366=ORIENTED_EDGE('',*,*,#2451,.T.);
#3367=ORIENTED_EDGE('',*,*,#2284,.T.);
#3368=ORIENTED_EDGE('',*,*,#2452,.F.);
#3369=ORIENTED_EDGE('',*,*,#2453,.F.);
#3370=ORIENTED_EDGE('',*,*,#2118,.T.);
#3371=ORIENTED_EDGE('',*,*,#2449,.F.);
#3372=ORIENTED_EDGE('',*,*,#2450,.F.);
#3373=ORIENTED_EDGE('',*,*,#2454,.T.);
#3374=ORIENTED_EDGE('',*,*,#2285,.T.);
#3375=ORIENTED_EDGE('',*,*,#2451,.F.);
#3376=ORIENTED_EDGE('',*,*,#2380,.T.);
#3377=ORIENTED_EDGE('',*,*,#2455,.F.);
#3378=ORIENTED_EDGE('',*,*,#2456,.F.);
#3379=ORIENTED_EDGE('',*,*,#2457,.T.);
#3380=ORIENTED_EDGE('',*,*,#2458,.T.);
#3381=ORIENTED_EDGE('',*,*,#2390,.T.);
#3382=ORIENTED_EDGE('',*,*,#2459,.T.);
#3383=ORIENTED_EDGE('',*,*,#2460,.T.);
#3384=ORIENTED_EDGE('',*,*,#2378,.F.);
#3385=ORIENTED_EDGE('',*,*,#2384,.F.);
#3386=ORIENTED_EDGE('',*,*,#2461,.F.);
#3387=ORIENTED_EDGE('',*,*,#2462,.T.);
#3388=ORIENTED_EDGE('',*,*,#2459,.F.);
#3389=ORIENTED_EDGE('',*,*,#2389,.F.);
#3390=ORIENTED_EDGE('',*,*,#2347,.T.);
#3391=ORIENTED_EDGE('',*,*,#2463,.T.);
#3392=ORIENTED_EDGE('',*,*,#2464,.T.);
#3393=ORIENTED_EDGE('',*,*,#2288,.T.);
#3394=ORIENTED_EDGE('',*,*,#2286,.F.);
#3395=ORIENTED_EDGE('',*,*,#2455,.T.);
#3396=ORIENTED_EDGE('',*,*,#2379,.F.);
#3397=ORIENTED_EDGE('',*,*,#2460,.F.);
#3398=ORIENTED_EDGE('',*,*,#2462,.F.);
#3399=ORIENTED_EDGE('',*,*,#2465,.T.);
#3400=ORIENTED_EDGE('',*,*,#2465,.F.);
#3401=ORIENTED_EDGE('',*,*,#2461,.T.);
#3402=ORIENTED_EDGE('',*,*,#2466,.F.);
#3403=ORIENTED_EDGE('',*,*,#2289,.F.);
#3404=ORIENTED_EDGE('',*,*,#2393,.T.);
#3405=ORIENTED_EDGE('',*,*,#2467,.F.);
#3406=ORIENTED_EDGE('',*,*,#2468,.T.);
#3407=ORIENTED_EDGE('',*,*,#2463,.F.);
#3408=ORIENTED_EDGE('',*,*,#2346,.T.);
#3409=ORIENTED_EDGE('',*,*,#2290,.F.);
#3410=ORIENTED_EDGE('',*,*,#2466,.T.);
#3411=ORIENTED_EDGE('',*,*,#2464,.F.);
#3412=ORIENTED_EDGE('',*,*,#2468,.F.);
#3413=ORIENTED_EDGE('',*,*,#2469,.T.);
#3414=ORIENTED_EDGE('',*,*,#2123,.F.);
#3415=ORIENTED_EDGE('',*,*,#2469,.F.);
#3416=ORIENTED_EDGE('',*,*,#2467,.T.);
#3417=ORIENTED_EDGE('',*,*,#2392,.T.);
#3418=ORIENTED_EDGE('',*,*,#2470,.F.);
#3419=ORIENTED_EDGE('',*,*,#2471,.T.);
#3420=ORIENTED_EDGE('',*,*,#2124,.F.);
#3421=ORIENTED_EDGE('',*,*,#2471,.F.);
#3422=ORIENTED_EDGE('',*,*,#2472,.F.);
#3423=ORIENTED_EDGE('',*,*,#2473,.F.);
#3424=ORIENTED_EDGE('',*,*,#2474,.T.);
#3425=ORIENTED_EDGE('',*,*,#2125,.F.);
#3426=ORIENTED_EDGE('',*,*,#2394,.F.);
#3427=ORIENTED_EDGE('',*,*,#2060,.T.);
#3428=ORIENTED_EDGE('',*,*,#2475,.F.);
#3429=ORIENTED_EDGE('',*,*,#2476,.F.);
#3430=ORIENTED_EDGE('',*,*,#2472,.T.);
#3431=ORIENTED_EDGE('',*,*,#2470,.T.);
#3432=ORIENTED_EDGE('',*,*,#2391,.F.);
#3433=ORIENTED_EDGE('',*,*,#2350,.T.);
#3434=ORIENTED_EDGE('',*,*,#2353,.F.);
#3435=ORIENTED_EDGE('',*,*,#2126,.T.);
#3436=ORIENTED_EDGE('',*,*,#2474,.F.);
#3437=ORIENTED_EDGE('',*,*,#2477,.T.);
#3438=ORIENTED_EDGE('',*,*,#2478,.T.);
#3439=ORIENTED_EDGE('',*,*,#2479,.T.);
#3440=ORIENTED_EDGE('',*,*,#2475,.T.);
#3441=ORIENTED_EDGE('',*,*,#2059,.T.);
#3442=ORIENTED_EDGE('',*,*,#2480,.T.);
#3443=ORIENTED_EDGE('',*,*,#2129,.F.);
#3444=ORIENTED_EDGE('',*,*,#2477,.F.);
#3445=ORIENTED_EDGE('',*,*,#2473,.T.);
#3446=ORIENTED_EDGE('',*,*,#2476,.T.);
#3447=ORIENTED_EDGE('',*,*,#2479,.F.);
#3448=ORIENTED_EDGE('',*,*,#2481,.T.);
#3449=ORIENTED_EDGE('',*,*,#2127,.F.);
#3450=ORIENTED_EDGE('',*,*,#2481,.F.);
#3451=ORIENTED_EDGE('',*,*,#2478,.F.);
#3452=ORIENTED_EDGE('',*,*,#2128,.F.);
#3453=ORIENTED_EDGE('',*,*,#2131,.T.);
#3454=ORIENTED_EDGE('',*,*,#2482,.T.);
#3455=ORIENTED_EDGE('',*,*,#2065,.T.);
#3456=ORIENTED_EDGE('',*,*,#2483,.T.);
#3457=ORIENTED_EDGE('',*,*,#2130,.T.);
#3458=ORIENTED_EDGE('',*,*,#2480,.F.);
#3459=ORIENTED_EDGE('',*,*,#2066,.T.);
#3460=ORIENTED_EDGE('',*,*,#2482,.F.);
#3461=ORIENTED_EDGE('',*,*,#2119,.T.);
#3462=ORIENTED_EDGE('',*,*,#2454,.F.);
#3463=ORIENTED_EDGE('',*,*,#2453,.T.);
#3464=ORIENTED_EDGE('',*,*,#2484,.T.);
#3465=ORIENTED_EDGE('',*,*,#2484,.F.);
#3466=ORIENTED_EDGE('',*,*,#2452,.T.);
#3467=ORIENTED_EDGE('',*,*,#2283,.F.);
#3468=ORIENTED_EDGE('',*,*,#2120,.F.);
#3469=ORIENTED_EDGE('',*,*,#2485,.T.);
#3470=ORIENTED_EDGE('',*,*,#2486,.T.);
#3471=ORIENTED_EDGE('',*,*,#2132,.F.);
#3472=ORIENTED_EDGE('',*,*,#2483,.F.);
#3473=ORIENTED_EDGE('',*,*,#2064,.F.);
#3474=ORIENTED_EDGE('',*,*,#2441,.T.);
#3475=ORIENTED_EDGE('',*,*,#2311,.T.);
#3476=ORIENTED_EDGE('',*,*,#2444,.F.);
#3477=ORIENTED_EDGE('',*,*,#2111,.T.);
#3478=ORIENTED_EDGE('',*,*,#2487,.T.);
#3479=ORIENTED_EDGE('',*,*,#2400,.F.);
#3480=ORIENTED_EDGE('',*,*,#2488,.T.);
#3481=ORIENTED_EDGE('',*,*,#2489,.F.);
#3482=ORIENTED_EDGE('',*,*,#2490,.T.);
#3483=ORIENTED_EDGE('',*,*,#2491,.F.);
#3484=ORIENTED_EDGE('',*,*,#2492,.F.);
#3485=ORIENTED_EDGE('',*,*,#2416,.T.);
#3486=ORIENTED_EDGE('',*,*,#2401,.F.);
#3487=ORIENTED_EDGE('',*,*,#2487,.F.);
#3488=ORIENTED_EDGE('',*,*,#2150,.T.);
#3489=ORIENTED_EDGE('',*,*,#2411,.F.);
#3490=ORIENTED_EDGE('',*,*,#2414,.T.);
#3491=ORIENTED_EDGE('',*,*,#2148,.T.);
#3492=ORIENTED_EDGE('',*,*,#2418,.F.);
#3493=ORIENTED_EDGE('',*,*,#2423,.T.);
#3494=ORIENTED_EDGE('',*,*,#2408,.F.);
#3495=ORIENTED_EDGE('',*,*,#2115,.T.);
#3496=ORIENTED_EDGE('',*,*,#2406,.F.);
#3497=ORIENTED_EDGE('',*,*,#2404,.T.);
#3498=ORIENTED_EDGE('',*,*,#2397,.T.);
#3499=ORIENTED_EDGE('',*,*,#2359,.F.);
#3500=ORIENTED_EDGE('',*,*,#2407,.T.);
#3501=ORIENTED_EDGE('',*,*,#2375,.T.);
#3502=ORIENTED_EDGE('',*,*,#2445,.F.);
#3503=ORIENTED_EDGE('',*,*,#2488,.F.);
#3504=ORIENTED_EDGE('',*,*,#2399,.T.);
#3505=ORIENTED_EDGE('',*,*,#2403,.F.);
#3506=ORIENTED_EDGE('',*,*,#2112,.F.);
#3507=ORIENTED_EDGE('',*,*,#2385,.T.);
#3508=ORIENTED_EDGE('',*,*,#2493,.F.);
#3509=ORIENTED_EDGE('',*,*,#2214,.F.);
#3510=ORIENTED_EDGE('',*,*,#2494,.T.);
#3511=ORIENTED_EDGE('',*,*,#2386,.T.);
#3512=ORIENTED_EDGE('',*,*,#2494,.F.);
#3513=ORIENTED_EDGE('',*,*,#2213,.F.);
#3514=ORIENTED_EDGE('',*,*,#2495,.T.);
#3515=ORIENTED_EDGE('',*,*,#2387,.T.);
#3516=ORIENTED_EDGE('',*,*,#2495,.F.);
#3517=ORIENTED_EDGE('',*,*,#2216,.F.);
#3518=ORIENTED_EDGE('',*,*,#2496,.T.);
#3519=ORIENTED_EDGE('',*,*,#2388,.T.);
#3520=ORIENTED_EDGE('',*,*,#2496,.F.);
#3521=ORIENTED_EDGE('',*,*,#2215,.F.);
#3522=ORIENTED_EDGE('',*,*,#2493,.T.);
#3523=ORIENTED_EDGE('',*,*,#2069,.F.);
#3524=ORIENTED_EDGE('',*,*,#2497,.F.);
#3525=ORIENTED_EDGE('',*,*,#2498,.T.);
#3526=ORIENTED_EDGE('',*,*,#2499,.T.);
#3527=ORIENTED_EDGE('',*,*,#2067,.F.);
#3528=ORIENTED_EDGE('',*,*,#2500,.T.);
#3529=ORIENTED_EDGE('',*,*,#2498,.F.);
#3530=ORIENTED_EDGE('',*,*,#2501,.F.);
#3531=ORIENTED_EDGE('',*,*,#2068,.F.);
#3532=ORIENTED_EDGE('',*,*,#2501,.T.);
#3533=ORIENTED_EDGE('',*,*,#2497,.T.);
#3534=ORIENTED_EDGE('',*,*,#2502,.F.);
#3535=ORIENTED_EDGE('',*,*,#2500,.F.);
#3536=ORIENTED_EDGE('',*,*,#2070,.T.);
#3537=ORIENTED_EDGE('',*,*,#2499,.F.);
#3538=ORIENTED_EDGE('',*,*,#2503,.T.);
#3539=ORIENTED_EDGE('',*,*,#2503,.F.);
#3540=ORIENTED_EDGE('',*,*,#2504,.T.);
#3541=ORIENTED_EDGE('',*,*,#2502,.T.);
#3542=ORIENTED_EDGE('',*,*,#2504,.F.);
#3543=ORIENTED_EDGE('',*,*,#2413,.F.);
#3544=ORIENTED_EDGE('',*,*,#2505,.F.);
#3545=ORIENTED_EDGE('',*,*,#2506,.F.);
#3546=ORIENTED_EDGE('',*,*,#2507,.T.);
#3547=ORIENTED_EDGE('',*,*,#2489,.T.);
#3548=ORIENTED_EDGE('',*,*,#2412,.F.);
#3549=ORIENTED_EDGE('',*,*,#2492,.T.);
#3550=ORIENTED_EDGE('',*,*,#2508,.T.);
#3551=ORIENTED_EDGE('',*,*,#2505,.T.);
#3552=ORIENTED_EDGE('',*,*,#2509,.F.);
#3553=ORIENTED_EDGE('',*,*,#2508,.F.);
#3554=ORIENTED_EDGE('',*,*,#2491,.T.);
#3555=ORIENTED_EDGE('',*,*,#2510,.T.);
#3556=ORIENTED_EDGE('',*,*,#2506,.T.);
#3557=ORIENTED_EDGE('',*,*,#2490,.F.);
#3558=ORIENTED_EDGE('',*,*,#2507,.F.);
#3559=ORIENTED_EDGE('',*,*,#2510,.F.);
#3560=ORIENTED_EDGE('',*,*,#2511,.T.);
#3561=ORIENTED_EDGE('',*,*,#2509,.T.);
#3562=ORIENTED_EDGE('',*,*,#2512,.T.);
#3563=ORIENTED_EDGE('',*,*,#2511,.F.);
#3564=ORIENTED_EDGE('',*,*,#2512,.F.);
#3565=ORIENTED_EDGE('',*,*,#2055,.T.);
#3566=ORIENTED_EDGE('',*,*,#2513,.F.);
#3567=ORIENTED_EDGE('',*,*,#2514,.F.);
#3568=ORIENTED_EDGE('',*,*,#2515,.T.);
#3569=ORIENTED_EDGE('',*,*,#2058,.T.);
#3570=ORIENTED_EDGE('',*,*,#2516,.F.);
#3571=ORIENTED_EDGE('',*,*,#2517,.F.);
#3572=ORIENTED_EDGE('',*,*,#2513,.T.);
#3573=ORIENTED_EDGE('',*,*,#2518,.F.);
#3574=ORIENTED_EDGE('',*,*,#2057,.T.);
#3575=ORIENTED_EDGE('',*,*,#2519,.F.);
#3576=ORIENTED_EDGE('',*,*,#2520,.F.);
#3577=ORIENTED_EDGE('',*,*,#2516,.T.);
#3578=ORIENTED_EDGE('',*,*,#2056,.T.);
#3579=ORIENTED_EDGE('',*,*,#2515,.F.);
#3580=ORIENTED_EDGE('',*,*,#2521,.F.);
#3581=ORIENTED_EDGE('',*,*,#2519,.T.);
#3582=ORIENTED_EDGE('',*,*,#2522,.T.);
#3583=ORIENTED_EDGE('',*,*,#2514,.T.);
#3584=ORIENTED_EDGE('',*,*,#2517,.T.);
#3585=ORIENTED_EDGE('',*,*,#2520,.T.);
#3586=ORIENTED_EDGE('',*,*,#2521,.T.);
#3587=ORIENTED_EDGE('',*,*,#2522,.F.);
#3588=ORIENTED_EDGE('',*,*,#2523,.T.);
#3589=ORIENTED_EDGE('',*,*,#2518,.T.);
#3590=ORIENTED_EDGE('',*,*,#2523,.F.);
#3591=ORIENTED_EDGE('',*,*,#2457,.F.);
#3592=ORIENTED_EDGE('',*,*,#2524,.F.);
#3593=ORIENTED_EDGE('',*,*,#2525,.F.);
#3594=ORIENTED_EDGE('',*,*,#2526,.T.);
#3595=ORIENTED_EDGE('',*,*,#2527,.T.);
#3596=ORIENTED_EDGE('',*,*,#2458,.F.);
#3597=ORIENTED_EDGE('',*,*,#2527,.F.);
#3598=ORIENTED_EDGE('',*,*,#2528,.T.);
#3599=ORIENTED_EDGE('',*,*,#2529,.T.);
#3600=ORIENTED_EDGE('',*,*,#2530,.F.);
#3601=ORIENTED_EDGE('',*,*,#2531,.T.);
#3602=ORIENTED_EDGE('',*,*,#2524,.T.);
#3603=ORIENTED_EDGE('',*,*,#2456,.T.);
#3604=ORIENTED_EDGE('',*,*,#2530,.T.);
#3605=ORIENTED_EDGE('',*,*,#2532,.T.);
#3606=ORIENTED_EDGE('',*,*,#2533,.T.);
#3607=ORIENTED_EDGE('',*,*,#2533,.F.);
#3608=ORIENTED_EDGE('',*,*,#2534,.F.);
#3609=ORIENTED_EDGE('',*,*,#2535,.T.);
#3610=ORIENTED_EDGE('',*,*,#2525,.T.);
#3611=ORIENTED_EDGE('',*,*,#2536,.T.);
#3612=ORIENTED_EDGE('',*,*,#2532,.F.);
#3613=ORIENTED_EDGE('',*,*,#2529,.F.);
#3614=ORIENTED_EDGE('',*,*,#2537,.T.);
#3615=ORIENTED_EDGE('',*,*,#2534,.T.);
#3616=ORIENTED_EDGE('',*,*,#2526,.F.);
#3617=ORIENTED_EDGE('',*,*,#2535,.F.);
#3618=ORIENTED_EDGE('',*,*,#2537,.F.);
#3619=ORIENTED_EDGE('',*,*,#2528,.F.);
#3620=ORIENTED_EDGE('',*,*,#2536,.F.);
#3621=ORIENTED_EDGE('',*,*,#2538,.T.);
#3622=ORIENTED_EDGE('',*,*,#2531,.F.);
#3623=ORIENTED_EDGE('',*,*,#2538,.F.);
#3624=ORIENTED_EDGE('',*,*,#2432,.F.);
#3625=ORIENTED_EDGE('',*,*,#2539,.T.);
#3626=ORIENTED_EDGE('',*,*,#2540,.F.);
#3627=ORIENTED_EDGE('',*,*,#2541,.F.);
#3628=ORIENTED_EDGE('',*,*,#2542,.T.);
#3629=ORIENTED_EDGE('',*,*,#2439,.F.);
#3630=ORIENTED_EDGE('',*,*,#2543,.T.);
#3631=ORIENTED_EDGE('',*,*,#2544,.T.);
#3632=ORIENTED_EDGE('',*,*,#2545,.F.);
#3633=ORIENTED_EDGE('',*,*,#2431,.F.);
#3634=ORIENTED_EDGE('',*,*,#2045,.F.);
#3635=ORIENTED_EDGE('',*,*,#2546,.F.);
#3636=ORIENTED_EDGE('',*,*,#2539,.F.);
#3637=ORIENTED_EDGE('',*,*,#2438,.T.);
#3638=ORIENTED_EDGE('',*,*,#2433,.T.);
#3639=ORIENTED_EDGE('',*,*,#2542,.F.);
#3640=ORIENTED_EDGE('',*,*,#2547,.F.);
#3641=ORIENTED_EDGE('',*,*,#2543,.F.);
#3642=ORIENTED_EDGE('',*,*,#2548,.F.);
#3643=ORIENTED_EDGE('',*,*,#2544,.F.);
#3644=ORIENTED_EDGE('',*,*,#2547,.T.);
#3645=ORIENTED_EDGE('',*,*,#2541,.T.);
#3646=ORIENTED_EDGE('',*,*,#2545,.T.);
#3647=ORIENTED_EDGE('',*,*,#2548,.T.);
#3648=ORIENTED_EDGE('',*,*,#2540,.T.);
#3649=ORIENTED_EDGE('',*,*,#2546,.T.);
#3650=ORIENTED_EDGE('',*,*,#2549,.F.);
#3651=ORIENTED_EDGE('',*,*,#2550,.F.);
#3652=ORIENTED_EDGE('',*,*,#2551,.T.);
#3653=ORIENTED_EDGE('',*,*,#2549,.T.);
#3654=ORIENTED_EDGE('',*,*,#2551,.F.);
#3655=ORIENTED_EDGE('',*,*,#2550,.T.);
#3656=ORIENTED_EDGE('',*,*,#2442,.F.);
#3657=ORIENTED_EDGE('',*,*,#2135,.F.);
#3658=ORIENTED_EDGE('',*,*,#2552,.F.);
#3659=ORIENTED_EDGE('',*,*,#2553,.T.);
#3660=ORIENTED_EDGE('',*,*,#2486,.F.);
#3661=ORIENTED_EDGE('',*,*,#2554,.T.);
#3662=ORIENTED_EDGE('',*,*,#2555,.T.);
#3663=ORIENTED_EDGE('',*,*,#2133,.F.);
#3664=ORIENTED_EDGE('',*,*,#2443,.F.);
#3665=ORIENTED_EDGE('',*,*,#2553,.F.);
#3666=ORIENTED_EDGE('',*,*,#2556,.F.);
#3667=ORIENTED_EDGE('',*,*,#2554,.F.);
#3668=ORIENTED_EDGE('',*,*,#2485,.F.);
#3669=ORIENTED_EDGE('',*,*,#2134,.F.);
#3670=ORIENTED_EDGE('',*,*,#2555,.F.);
#3671=ORIENTED_EDGE('',*,*,#2556,.T.);
#3672=ORIENTED_EDGE('',*,*,#2552,.T.);
#3673=ORIENTED_EDGE('',*,*,#2143,.F.);
#3674=ORIENTED_EDGE('',*,*,#2424,.T.);
#3675=ORIENTED_EDGE('',*,*,#2557,.T.);
#3676=ORIENTED_EDGE('',*,*,#2558,.T.);
#3677=ORIENTED_EDGE('',*,*,#2559,.T.);
#3678=ORIENTED_EDGE('',*,*,#2420,.T.);
#3679=ORIENTED_EDGE('',*,*,#2145,.F.);
#3680=ORIENTED_EDGE('',*,*,#2560,.F.);
#3681=ORIENTED_EDGE('',*,*,#2144,.F.);
#3682=ORIENTED_EDGE('',*,*,#2558,.F.);
#3683=ORIENTED_EDGE('',*,*,#2561,.T.);
#3684=ORIENTED_EDGE('',*,*,#2560,.T.);
#3685=ORIENTED_EDGE('',*,*,#2421,.F.);
#3686=ORIENTED_EDGE('',*,*,#2559,.F.);
#3687=ORIENTED_EDGE('',*,*,#2561,.F.);
#3688=ORIENTED_EDGE('',*,*,#2557,.F.);
#3689=ORIENTED_EDGE('',*,*,#2427,.F.);
#3690=ORIENTED_EDGE('',*,*,#2562,.F.);
#3691=ORIENTED_EDGE('',*,*,#2563,.T.);
#3692=ORIENTED_EDGE('',*,*,#2110,.T.);
#3693=ORIENTED_EDGE('',*,*,#2563,.F.);
#3694=ORIENTED_EDGE('',*,*,#2562,.T.);
#3695=ORIENTED_EDGE('',*,*,#2564,.F.);
#3696=ORIENTED_EDGE('',*,*,#2565,.T.);
#3697=ORIENTED_EDGE('',*,*,#2109,.T.);
#3698=ORIENTED_EDGE('',*,*,#2565,.F.);
#3699=ORIENTED_EDGE('',*,*,#2564,.T.);
#3700=PLANE('',#4175);
#3701=PLANE('',#4176);
#3702=PLANE('',#4177);
#3703=PLANE('',#4178);
#3704=PLANE('',#4179);
#3705=PLANE('',#4180);
#3706=PLANE('',#4184);
#3707=PLANE('',#4185);
#3708=PLANE('',#4186);
#3709=PLANE('',#4187);
#3710=PLANE('',#4188);
#3711=PLANE('',#4189);
#3712=PLANE('',#4190);
#3713=PLANE('',#4194);
#3714=PLANE('',#4195);
#3715=PLANE('',#4196);
#3716=PLANE('',#4197);
#3717=PLANE('',#4198);
#3718=PLANE('',#4199);
#3719=PLANE('',#4200);
#3720=PLANE('',#4204);
#3721=PLANE('',#4205);
#3722=PLANE('',#4206);
#3723=PLANE('',#4207);
#3724=PLANE('',#4209);
#3725=PLANE('',#4212);
#3726=PLANE('',#4213);
#3727=PLANE('',#4214);
#3728=PLANE('',#4215);
#3729=PLANE('',#4216);
#3730=PLANE('',#4217);
#3731=PLANE('',#4218);
#3732=PLANE('',#4219);
#3733=PLANE('',#4220);
#3734=PLANE('',#4221);
#3735=PLANE('',#4222);
#3736=PLANE('',#4223);
#3737=PLANE('',#4224);
#3738=PLANE('',#4225);
#3739=PLANE('',#4226);
#3740=PLANE('',#4227);
#3741=PLANE('',#4228);
#3742=PLANE('',#4229);
#3743=PLANE('',#4230);
#3744=PLANE('',#4231);
#3745=PLANE('',#4232);
#3746=PLANE('',#4233);
#3747=PLANE('',#4234);
#3748=PLANE('',#4235);
#3749=PLANE('',#4236);
#3750=PLANE('',#4237);
#3751=PLANE('',#4238);
#3752=PLANE('',#4241);
#3753=PLANE('',#4242);
#3754=PLANE('',#4243);
#3755=PLANE('',#4244);
#3756=PLANE('',#4245);
#3757=PLANE('',#4246);
#3758=PLANE('',#4247);
#3759=PLANE('',#4248);
#3760=PLANE('',#4249);
#3761=PLANE('',#4250);
#3762=PLANE('',#4251);
#3763=PLANE('',#4252);
#3764=PLANE('',#4253);
#3765=PLANE('',#4254);
#3766=PLANE('',#4255);
#3767=PLANE('',#4256);
#3768=PLANE('',#4257);
#3769=PLANE('',#4258);
#3770=PLANE('',#4259);
#3771=PLANE('',#4260);
#3772=PLANE('',#4261);
#3773=PLANE('',#4262);
#3774=PLANE('',#4263);
#3775=PLANE('',#4264);
#3776=PLANE('',#4265);
#3777=PLANE('',#4266);
#3778=PLANE('',#4267);
#3779=PLANE('',#4268);
#3780=PLANE('',#4269);
#3781=PLANE('',#4270);
#3782=PLANE('',#4271);
#3783=PLANE('',#4272);
#3784=PLANE('',#4273);
#3785=PLANE('',#4274);
#3786=PLANE('',#4275);
#3787=PLANE('',#4276);
#3788=PLANE('',#4277);
#3789=PLANE('',#4278);
#3790=PLANE('',#4279);
#3791=PLANE('',#4280);
#3792=PLANE('',#4281);
#3793=PLANE('',#4282);
#3794=PLANE('',#4283);
#3795=PLANE('',#4284);
#3796=PLANE('',#4285);
#3797=PLANE('',#4286);
#3798=PLANE('',#4287);
#3799=PLANE('',#4288);
#3800=PLANE('',#4289);
#3801=PLANE('',#4290);
#3802=PLANE('',#4291);
#3803=PLANE('',#4292);
#3804=PLANE('',#4293);
#3805=PLANE('',#4294);
#3806=PLANE('',#4295);
#3807=PLANE('',#4296);
#3808=PLANE('',#4297);
#3809=PLANE('',#4298);
#3810=PLANE('',#4299);
#3811=PLANE('',#4300);
#3812=PLANE('',#4301);
#3813=PLANE('',#4302);
#3814=PLANE('',#4303);
#3815=PLANE('',#4304);
#3816=PLANE('',#4305);
#3817=PLANE('',#4306);
#3818=PLANE('',#4307);
#3819=PLANE('',#4308);
#3820=PLANE('',#4309);
#3821=PLANE('',#4310);
#3822=PLANE('',#4311);
#3823=PLANE('',#4312);
#3824=PLANE('',#4313);
#3825=PLANE('',#4314);
#3826=PLANE('',#4315);
#3827=PLANE('',#4316);
#3828=PLANE('',#4317);
#3829=PLANE('',#4318);
#3830=PLANE('',#4319);
#3831=PLANE('',#4320);
#3832=PLANE('',#4321);
#3833=PLANE('',#4322);
#3834=PLANE('',#4323);
#3835=PLANE('',#4324);
#3836=PLANE('',#4327);
#3837=PLANE('',#4328);
#3838=PLANE('',#4329);
#3839=PLANE('',#4330);
#3840=PLANE('',#4331);
#3841=PLANE('',#4332);
#3842=PLANE('',#4333);
#3843=PLANE('',#4334);
#3844=PLANE('',#4335);
#3845=PLANE('',#4336);
#3846=PLANE('',#4338);
#3847=PLANE('',#4339);
#3848=PLANE('',#4340);
#3849=PLANE('',#4341);
#3850=PLANE('',#4342);
#3851=PLANE('',#4343);
#3852=PLANE('',#4344);
#3853=PLANE('',#4345);
#3854=PLANE('',#4346);
#3855=PLANE('',#4347);
#3856=PLANE('',#4348);
#3857=PLANE('',#4349);
#3858=PLANE('',#4350);
#3859=PLANE('',#4351);
#3860=PLANE('',#4352);
#3861=PLANE('',#4353);
#3862=PLANE('',#4354);
#3863=PLANE('',#4355);
#3864=PLANE('',#4356);
#3865=PLANE('',#4357);
#3866=PLANE('',#4358);
#3867=PLANE('',#4359);
#3868=PLANE('',#4360);
#3869=PLANE('',#4361);
#3870=PLANE('',#4362);
#3871=PLANE('',#4363);
#3872=PLANE('',#4364);
#3873=PLANE('',#4365);
#3874=PLANE('',#4366);
#3875=PLANE('',#4367);
#3876=PLANE('',#4368);
#3877=PLANE('',#4369);
#3878=PLANE('',#4370);
#3879=PLANE('',#4371);
#3880=PLANE('',#4372);
#3881=PLANE('',#4373);
#3882=PLANE('',#4374);
#3883=PLANE('',#4376);
#3884=PLANE('',#4377);
#3885=PLANE('',#4378);
#3886=PLANE('',#4380);
#3887=PLANE('',#4382);
#3888=PLANE('',#4386);
#3889=PLANE('',#4387);
#3890=PLANE('',#4389);
#3891=PLANE('',#4395);
#3892=PLANE('',#4397);
#3893=PLANE('',#4398);
#3894=PLANE('',#4401);
#3895=PLANE('',#4402);
#3896=PLANE('',#4404);
#3897=PLANE('',#4405);
#3898=PLANE('',#4407);
#3899=PLANE('',#4409);
#3900=PLANE('',#4410);
#3901=PLANE('',#4412);
#3902=PLANE('',#4413);
#3903=PLANE('',#4415);
#3904=PLANE('',#4416);
#3905=PLANE('',#4418);
#3906=PLANE('',#4419);
#3907=PLANE('',#4420);
#3908=PLANE('',#4421);
#3909=PLANE('',#4422);
#3910=PLANE('',#4423);
#3911=PLANE('',#4427);
#3912=PLANE('',#4428);
#3913=PLANE('',#4429);
#3914=PLANE('',#4430);
#3915=PLANE('',#4431);
#3916=PLANE('',#4432);
#3917=PLANE('',#4433);
#3918=PLANE('',#4434);
#3919=PLANE('',#4435);
#3920=PLANE('',#4438);
#3921=PLANE('',#4441);
#3922=ADVANCED_FACE('',(#86),#3700,.T.);
#3923=ADVANCED_FACE('',(#87),#3701,.T.);
#3924=ADVANCED_FACE('',(#88),#3702,.T.);
#3925=ADVANCED_FACE('',(#89),#3703,.T.);
#3926=ADVANCED_FACE('',(#90),#3704,.T.);
#3927=ADVANCED_FACE('',(#91,#38),#3705,.F.);
#3928=ADVANCED_FACE('',(#92),#24,.F.);
#3929=ADVANCED_FACE('',(#93),#3706,.T.);
#3930=ADVANCED_FACE('',(#94),#3707,.T.);
#3931=ADVANCED_FACE('',(#95),#3708,.T.);
#3932=ADVANCED_FACE('',(#96),#3709,.T.);
#3933=ADVANCED_FACE('',(#97),#3710,.T.);
#3934=ADVANCED_FACE('',(#98),#3711,.F.);
#3935=ADVANCED_FACE('',(#99,#39),#3712,.T.);
#3936=ADVANCED_FACE('',(#100),#25,.F.);
#3937=ADVANCED_FACE('',(#101),#3713,.T.);
#3938=ADVANCED_FACE('',(#102),#3714,.F.);
#3939=ADVANCED_FACE('',(#103),#3715,.F.);
#3940=ADVANCED_FACE('',(#104),#3716,.F.);
#3941=ADVANCED_FACE('',(#105),#3717,.F.);
#3942=ADVANCED_FACE('',(#106),#3718,.F.);
#3943=ADVANCED_FACE('',(#107,#40),#3719,.T.);
#3944=ADVANCED_FACE('',(#108),#26,.F.);
#3945=ADVANCED_FACE('',(#109),#3720,.T.);
#3946=ADVANCED_FACE('',(#110),#3721,.F.);
#3947=ADVANCED_FACE('',(#111,#41),#3722,.F.);
#3948=ADVANCED_FACE('',(#112,#42),#3723,.T.);
#3949=ADVANCED_FACE('',(#113,#43,#44,#45),#3724,.T.);
#3950=ADVANCED_FACE('',(#114),#3725,.F.);
#3951=ADVANCED_FACE('',(#115),#3726,.T.);
#3952=ADVANCED_FACE('',(#116),#3727,.T.);
#3953=ADVANCED_FACE('',(#117),#3728,.T.);
#3954=ADVANCED_FACE('',(#118),#3729,.T.);
#3955=ADVANCED_FACE('',(#119),#3730,.T.);
#3956=ADVANCED_FACE('',(#120),#3731,.F.);
#3957=ADVANCED_FACE('',(#121),#3732,.T.);
#3958=ADVANCED_FACE('',(#122),#3733,.T.);
#3959=ADVANCED_FACE('',(#123),#3734,.T.);
#3960=ADVANCED_FACE('',(#124),#3735,.F.);
#3961=ADVANCED_FACE('',(#125),#3736,.F.);
#3962=ADVANCED_FACE('',(#126),#3737,.T.);
#3963=ADVANCED_FACE('',(#127),#3738,.F.);
#3964=ADVANCED_FACE('',(#128),#3739,.T.);
#3965=ADVANCED_FACE('',(#129),#3740,.T.);
#3966=ADVANCED_FACE('',(#130),#3741,.F.);
#3967=ADVANCED_FACE('',(#131),#3742,.F.);
#3968=ADVANCED_FACE('',(#132),#3743,.T.);
#3969=ADVANCED_FACE('',(#133),#3744,.F.);
#3970=ADVANCED_FACE('',(#134),#3745,.F.);
#3971=ADVANCED_FACE('',(#135),#3746,.T.);
#3972=ADVANCED_FACE('',(#136),#3747,.T.);
#3973=ADVANCED_FACE('',(#137),#3748,.F.);
#3974=ADVANCED_FACE('',(#138),#3749,.T.);
#3975=ADVANCED_FACE('',(#139),#3750,.T.);
#3976=ADVANCED_FACE('',(#140,#46),#3751,.F.);
#3977=ADVANCED_FACE('',(#141),#3752,.T.);
#3978=ADVANCED_FACE('',(#142),#3753,.T.);
#3979=ADVANCED_FACE('',(#143),#3754,.T.);
#3980=ADVANCED_FACE('',(#144),#3755,.T.);
#3981=ADVANCED_FACE('',(#145),#3756,.F.);
#3982=ADVANCED_FACE('',(#146),#3757,.F.);
#3983=ADVANCED_FACE('',(#147),#3758,.F.);
#3984=ADVANCED_FACE('',(#148),#3759,.T.);
#3985=ADVANCED_FACE('',(#149),#3760,.T.);
#3986=ADVANCED_FACE('',(#150),#3761,.T.);
#3987=ADVANCED_FACE('',(#151),#3762,.F.);
#3988=ADVANCED_FACE('',(#152),#3763,.T.);
#3989=ADVANCED_FACE('',(#153),#3764,.F.);
#3990=ADVANCED_FACE('',(#154),#3765,.F.);
#3991=ADVANCED_FACE('',(#155),#3766,.T.);
#3992=ADVANCED_FACE('',(#156),#3767,.F.);
#3993=ADVANCED_FACE('',(#157),#3768,.F.);
#3994=ADVANCED_FACE('',(#158),#3769,.T.);
#3995=ADVANCED_FACE('',(#159),#3770,.F.);
#3996=ADVANCED_FACE('',(#160),#3771,.T.);
#3997=ADVANCED_FACE('',(#161),#3772,.T.);
#3998=ADVANCED_FACE('',(#162),#3773,.T.);
#3999=ADVANCED_FACE('',(#163),#3774,.T.);
#4000=ADVANCED_FACE('',(#164),#3775,.T.);
#4001=ADVANCED_FACE('',(#165),#3776,.T.);
#4002=ADVANCED_FACE('',(#166),#3777,.F.);
#4003=ADVANCED_FACE('',(#167),#3778,.F.);
#4004=ADVANCED_FACE('',(#168),#3779,.F.);
#4005=ADVANCED_FACE('',(#169),#3780,.T.);
#4006=ADVANCED_FACE('',(#170),#3781,.F.);
#4007=ADVANCED_FACE('',(#171),#3782,.T.);
#4008=ADVANCED_FACE('',(#172),#3783,.F.);
#4009=ADVANCED_FACE('',(#173),#3784,.F.);
#4010=ADVANCED_FACE('',(#174),#3785,.F.);
#4011=ADVANCED_FACE('',(#175),#3786,.T.);
#4012=ADVANCED_FACE('',(#176),#3787,.T.);
#4013=ADVANCED_FACE('',(#177),#3788,.T.);
#4014=ADVANCED_FACE('',(#178),#3789,.F.);
#4015=ADVANCED_FACE('',(#179),#3790,.T.);
#4016=ADVANCED_FACE('',(#180),#3791,.T.);
#4017=ADVANCED_FACE('',(#181),#3792,.T.);
#4018=ADVANCED_FACE('',(#182),#3793,.T.);
#4019=ADVANCED_FACE('',(#183),#3794,.F.);
#4020=ADVANCED_FACE('',(#184),#3795,.T.);
#4021=ADVANCED_FACE('',(#185),#3796,.T.);
#4022=ADVANCED_FACE('',(#186),#3797,.T.);
#4023=ADVANCED_FACE('',(#187),#3798,.F.);
#4024=ADVANCED_FACE('',(#188),#3799,.F.);
#4025=ADVANCED_FACE('',(#189),#3800,.F.);
#4026=ADVANCED_FACE('',(#190),#3801,.T.);
#4027=ADVANCED_FACE('',(#191),#3802,.T.);
#4028=ADVANCED_FACE('',(#192),#3803,.F.);
#4029=ADVANCED_FACE('',(#193),#3804,.F.);
#4030=ADVANCED_FACE('',(#194),#3805,.F.);
#4031=ADVANCED_FACE('',(#195),#3806,.F.);
#4032=ADVANCED_FACE('',(#196),#3807,.T.);
#4033=ADVANCED_FACE('',(#197),#3808,.T.);
#4034=ADVANCED_FACE('',(#198),#3809,.F.);
#4035=ADVANCED_FACE('',(#199),#3810,.T.);
#4036=ADVANCED_FACE('',(#200),#3811,.F.);
#4037=ADVANCED_FACE('',(#201),#3812,.F.);
#4038=ADVANCED_FACE('',(#202),#3813,.F.);
#4039=ADVANCED_FACE('',(#203),#3814,.F.);
#4040=ADVANCED_FACE('',(#204),#3815,.T.);
#4041=ADVANCED_FACE('',(#205),#3816,.F.);
#4042=ADVANCED_FACE('',(#206),#3817,.F.);
#4043=ADVANCED_FACE('',(#207),#3818,.F.);
#4044=ADVANCED_FACE('',(#208),#3819,.T.);
#4045=ADVANCED_FACE('',(#209),#3820,.T.);
#4046=ADVANCED_FACE('',(#210),#3821,.F.);
#4047=ADVANCED_FACE('',(#211),#3822,.T.);
#4048=ADVANCED_FACE('',(#212),#3823,.F.);
#4049=ADVANCED_FACE('',(#213),#3824,.F.);
#4050=ADVANCED_FACE('',(#214),#3825,.T.);
#4051=ADVANCED_FACE('',(#215),#3826,.T.);
#4052=ADVANCED_FACE('',(#216),#3827,.F.);
#4053=ADVANCED_FACE('',(#217),#3828,.T.);
#4054=ADVANCED_FACE('',(#218),#3829,.T.);
#4055=ADVANCED_FACE('',(#219),#3830,.F.);
#4056=ADVANCED_FACE('',(#220),#3831,.F.);
#4057=ADVANCED_FACE('',(#221),#3832,.T.);
#4058=ADVANCED_FACE('',(#222),#3833,.F.);
#4059=ADVANCED_FACE('',(#223),#3834,.F.);
#4060=ADVANCED_FACE('',(#224,#47),#3835,.T.);
#4061=ADVANCED_FACE('',(#225),#3836,.F.);
#4062=ADVANCED_FACE('',(#226),#3837,.F.);
#4063=ADVANCED_FACE('',(#227),#3838,.F.);
#4064=ADVANCED_FACE('',(#228),#3839,.F.);
#4065=ADVANCED_FACE('',(#229),#3840,.T.);
#4066=ADVANCED_FACE('',(#230),#3841,.T.);
#4067=ADVANCED_FACE('',(#231),#3842,.T.);
#4068=ADVANCED_FACE('',(#232),#3843,.F.);
#4069=ADVANCED_FACE('',(#233),#3844,.F.);
#4070=ADVANCED_FACE('',(#234),#3845,.F.);
#4071=ADVANCED_FACE('',(#235),#3846,.T.);
#4072=ADVANCED_FACE('',(#236),#3847,.F.);
#4073=ADVANCED_FACE('',(#237),#3848,.T.);
#4074=ADVANCED_FACE('',(#238),#3849,.T.);
#4075=ADVANCED_FACE('',(#239),#3850,.T.);
#4076=ADVANCED_FACE('',(#240),#3851,.T.);
#4077=ADVANCED_FACE('',(#241),#3852,.F.);
#4078=ADVANCED_FACE('',(#242),#3853,.T.);
#4079=ADVANCED_FACE('',(#243),#3854,.F.);
#4080=ADVANCED_FACE('',(#244),#3855,.F.);
#4081=ADVANCED_FACE('',(#245),#3856,.F.);
#4082=ADVANCED_FACE('',(#246),#3857,.F.);
#4083=ADVANCED_FACE('',(#247),#3858,.T.);
#4084=ADVANCED_FACE('',(#248),#3859,.T.);
#4085=ADVANCED_FACE('',(#249),#3860,.F.);
#4086=ADVANCED_FACE('',(#250),#3861,.T.);
#4087=ADVANCED_FACE('',(#251,#48),#3862,.F.);
#4088=ADVANCED_FACE('',(#252),#3863,.T.);
#4089=ADVANCED_FACE('',(#253),#3864,.T.);
#4090=ADVANCED_FACE('',(#254),#3865,.F.);
#4091=ADVANCED_FACE('',(#255),#3866,.F.);
#4092=ADVANCED_FACE('',(#256),#3867,.T.);
#4093=ADVANCED_FACE('',(#257),#3868,.F.);
#4094=ADVANCED_FACE('',(#258),#3869,.F.);
#4095=ADVANCED_FACE('',(#259),#3870,.F.);
#4096=ADVANCED_FACE('',(#260),#3871,.F.);
#4097=ADVANCED_FACE('',(#261),#3872,.T.);
#4098=ADVANCED_FACE('',(#262),#3873,.F.);
#4099=ADVANCED_FACE('',(#263),#3874,.F.);
#4100=ADVANCED_FACE('',(#264),#3875,.F.);
#4101=ADVANCED_FACE('',(#265),#3876,.T.);
#4102=ADVANCED_FACE('',(#266),#3877,.T.);
#4103=ADVANCED_FACE('',(#267),#3878,.T.);
#4104=ADVANCED_FACE('',(#268),#3879,.F.);
#4105=ADVANCED_FACE('',(#269),#3880,.F.);
#4106=ADVANCED_FACE('',(#270),#3881,.T.);
#4107=ADVANCED_FACE('',(#271),#3882,.T.);
#4108=ADVANCED_FACE('',(#272),#3883,.T.);
#4109=ADVANCED_FACE('',(#273),#3884,.T.);
#4110=ADVANCED_FACE('',(#274),#3885,.F.);
#4111=ADVANCED_FACE('',(#275),#27,.F.);
#4112=ADVANCED_FACE('',(#276),#3886,.F.);
#4113=ADVANCED_FACE('',(#277),#28,.F.);
#4114=ADVANCED_FACE('',(#278),#3887,.F.);
#4115=ADVANCED_FACE('',(#279),#29,.T.);
#4116=ADVANCED_FACE('',(#280),#3888,.F.);
#4117=ADVANCED_FACE('',(#281,#49),#3889,.F.);
#4118=ADVANCED_FACE('',(#282,#50),#3890,.T.);
#4119=ADVANCED_FACE('',(#283),#30,.F.);
#4120=ADVANCED_FACE('',(#284),#31,.T.);
#4121=ADVANCED_FACE('',(#285,#51),#3891,.T.);
#4122=ADVANCED_FACE('',(#286),#3892,.T.);
#4123=ADVANCED_FACE('',(#287,#52),#3893,.F.);
#4124=ADVANCED_FACE('',(#288),#32,.F.);
#4125=ADVANCED_FACE('',(#289),#3894,.F.);
#4126=ADVANCED_FACE('',(#290,#53),#3895,.F.);
#4127=ADVANCED_FACE('',(#291),#3896,.F.);
#4128=ADVANCED_FACE('',(#292,#54),#3897,.F.);
#4129=ADVANCED_FACE('',(#293),#3898,.T.);
#4130=ADVANCED_FACE('',(#294),#33,.F.);
#4131=ADVANCED_FACE('',(#295),#3899,.T.);
#4132=ADVANCED_FACE('',(#296,#55),#3900,.T.);
#4133=ADVANCED_FACE('',(#297),#3901,.F.);
#4134=ADVANCED_FACE('',(#298,#56),#3902,.T.);
#4135=ADVANCED_FACE('',(#299),#3903,.T.);
#4136=ADVANCED_FACE('',(#300),#3904,.T.);
#4137=ADVANCED_FACE('',(#301),#34,.F.);
#4138=ADVANCED_FACE('',(#302),#3905,.T.);
#4139=ADVANCED_FACE('',(#303),#3906,.T.);
#4140=ADVANCED_FACE('',(#304),#3907,.T.);
#4141=ADVANCED_FACE('',(#305),#3908,.F.);
#4142=ADVANCED_FACE('',(#306),#3909,.T.);
#4143=ADVANCED_FACE('',(#307,#57),#3910,.T.);
#4144=ADVANCED_FACE('',(#308),#35,.F.);
#4145=ADVANCED_FACE('',(#309),#3911,.T.);
#4146=ADVANCED_FACE('',(#310),#3912,.T.);
#4147=ADVANCED_FACE('',(#311),#3913,.T.);
#4148=ADVANCED_FACE('',(#312),#3914,.T.);
#4149=ADVANCED_FACE('',(#313),#3915,.T.);
#4150=ADVANCED_FACE('',(#314),#3916,.T.);
#4151=ADVANCED_FACE('',(#315),#3917,.T.);
#4152=ADVANCED_FACE('',(#316),#3918,.T.);
#4153=ADVANCED_FACE('',(#317),#3919,.F.);
#4154=ADVANCED_FACE('',(#318),#36,.F.);
#4155=ADVANCED_FACE('',(#319),#3920,.T.);
#4156=ADVANCED_FACE('',(#320),#37,.F.);
#4157=ADVANCED_FACE('',(#321),#3921,.T.);
#4158=CLOSED_SHELL('',(#3922,#3923,#3924,#3925,#3926,#3927,#3928,#3929));
#4159=CLOSED_SHELL('',(#3930,#3931,#3932,#3933,#3934,#3935,#3936,#3937));
#4160=CLOSED_SHELL('',(#3938,#3939,#3940,#3941,#3942,#3943,#3944,#3945));
#4161=CLOSED_SHELL('',(#3946,#3947,#3948,#3949,#3950,#3951,#3952,#3953,
#3954,#3955,#3956,#3957,#3958,#3959,#3960,#3961,#3962,#3963,#3964,#3965,
#3966,#3967,#3968,#3969,#3970,#3971,#3972,#3973,#3974,#3975,#3976,#3977,
#3978,#3979,#3980,#3981,#3982,#3983,#3984,#3985,#3986,#3987,#3988,#3989,
#3990,#3991,#3992,#3993,#3994,#3995,#3996,#3997,#3998,#3999,#4000,#4001,
#4002,#4003,#4004,#4005,#4006,#4007,#4008,#4009,#4010,#4011,#4012,#4013,
#4014,#4015,#4016,#4017,#4018,#4019,#4020,#4021,#4022,#4023,#4024,#4025,
#4026,#4027,#4028,#4029,#4030,#4031,#4032,#4033,#4034,#4035,#4036,#4037,
#4038,#4039,#4040,#4041,#4042,#4043,#4044,#4045,#4046,#4047,#4048,#4049,
#4050,#4051,#4052,#4053,#4054,#4055,#4056,#4057,#4058,#4059,#4060,#4061,
#4062,#4063,#4064,#4065,#4066,#4067,#4068,#4069,#4070,#4071,#4072,#4073,
#4074,#4075,#4076,#4077,#4078,#4079,#4080,#4081,#4082,#4083,#4084,#4085,
#4086,#4087,#4088,#4089,#4090,#4091,#4092,#4093,#4094,#4095,#4096,#4097,
#4098,#4099,#4100,#4101,#4102,#4103,#4104,#4105,#4106,#4107,#4108,#4109,
#4110,#4111,#4112,#4113,#4114,#4115,#4116,#4117,#4118,#4119,#4120,#4121,
#4122,#4123,#4124,#4125,#4126,#4127,#4128,#4129,#4130,#4131,#4132,#4133,
#4134,#4135,#4136,#4137,#4138,#4139,#4140,#4141,#4142,#4143,#4144,#4145,
#4146,#4147,#4148,#4149,#4150,#4151,#4152,#4153,#4154,#4155,#4156,#4157));
#4162=DERIVED_UNIT_ELEMENT(#4164,1.);
#4163=DERIVED_UNIT_ELEMENT(#6672,-3.);
#4164=(
MASS_UNIT()
NAMED_UNIT(*)
SI_UNIT(.KILO.,.GRAM.)
);
#4165=DERIVED_UNIT((#4162,#4163));
#4166=MEASURE_REPRESENTATION_ITEM('density measure',
POSITIVE_RATIO_MEASURE(7850.),#4165);
#4167=PROPERTY_DEFINITION_REPRESENTATION(#4172,#4169);
#4168=PROPERTY_DEFINITION_REPRESENTATION(#4173,#4170);
#4169=REPRESENTATION('material name',(#4171),#6669);
#4170=REPRESENTATION('density',(#4166),#6669);
#4171=DESCRIPTIVE_REPRESENTATION_ITEM('Steel','Steel');
#4172=PROPERTY_DEFINITION('material property','material name',#6679);
#4173=PROPERTY_DEFINITION('material property','density of part',#6679);
#4174=AXIS2_PLACEMENT_3D('',#5514,#4442,#4443);
#4175=AXIS2_PLACEMENT_3D('',#5515,#4444,#4445);
#4176=AXIS2_PLACEMENT_3D('',#5524,#4450,#4451);
#4177=AXIS2_PLACEMENT_3D('',#5530,#4455,#4456);
#4178=AXIS2_PLACEMENT_3D('',#5536,#4460,#4461);
#4179=AXIS2_PLACEMENT_3D('',#5539,#4464,#4465);
#4180=AXIS2_PLACEMENT_3D('',#5540,#4466,#4467);
#4181=AXIS2_PLACEMENT_3D('',#5542,#4468,#4469);
#4182=AXIS2_PLACEMENT_3D('',#5543,#4470,#4471);
#4183=AXIS2_PLACEMENT_3D('',#5545,#4472,#4473);
#4184=AXIS2_PLACEMENT_3D('',#5547,#4475,#4476);
#4185=AXIS2_PLACEMENT_3D('',#5548,#4477,#4478);
#4186=AXIS2_PLACEMENT_3D('',#5557,#4483,#4484);
#4187=AXIS2_PLACEMENT_3D('',#5563,#4488,#4489);
#4188=AXIS2_PLACEMENT_3D('',#5569,#4493,#4494);
#4189=AXIS2_PLACEMENT_3D('',#5572,#4497,#4498);
#4190=AXIS2_PLACEMENT_3D('',#5573,#4499,#4500);
#4191=AXIS2_PLACEMENT_3D('',#5575,#4501,#4502);
#4192=AXIS2_PLACEMENT_3D('',#5576,#4503,#4504);
#4193=AXIS2_PLACEMENT_3D('',#5578,#4505,#4506);
#4194=AXIS2_PLACEMENT_3D('',#5580,#4508,#4509);
#4195=AXIS2_PLACEMENT_3D('',#5581,#4510,#4511);
#4196=AXIS2_PLACEMENT_3D('',#5590,#4516,#4517);
#4197=AXIS2_PLACEMENT_3D('',#5596,#4521,#4522);
#4198=AXIS2_PLACEMENT_3D('',#5602,#4526,#4527);
#4199=AXIS2_PLACEMENT_3D('',#5605,#4530,#4531);
#4200=AXIS2_PLACEMENT_3D('',#5606,#4532,#4533);
#4201=AXIS2_PLACEMENT_3D('',#5608,#4534,#4535);
#4202=AXIS2_PLACEMENT_3D('',#5609,#4536,#4537);
#4203=AXIS2_PLACEMENT_3D('',#5611,#4538,#4539);
#4204=AXIS2_PLACEMENT_3D('',#5613,#4541,#4542);
#4205=AXIS2_PLACEMENT_3D('',#5614,#4543,#4544);
#4206=AXIS2_PLACEMENT_3D('',#5621,#4548,#4549);
#4207=AXIS2_PLACEMENT_3D('',#5646,#4562,#4563);
#4208=AXIS2_PLACEMENT_3D('',#5669,#4574,#4575);
#4209=AXIS2_PLACEMENT_3D('',#5671,#4577,#4578);
#4210=AXIS2_PLACEMENT_3D('',#5749,#4617,#4618);
#4211=AXIS2_PLACEMENT_3D('',#5751,#4619,#4620);
#4212=AXIS2_PLACEMENT_3D('',#5831,#4661,#4662);
#4213=AXIS2_PLACEMENT_3D('',#5838,#4666,#4667);
#4214=AXIS2_PLACEMENT_3D('',#5842,#4670,#4671);
#4215=AXIS2_PLACEMENT_3D('',#5846,#4674,#4675);
#4216=AXIS2_PLACEMENT_3D('',#5853,#4679,#4680);
#4217=AXIS2_PLACEMENT_3D('',#5862,#4685,#4686);
#4218=AXIS2_PLACEMENT_3D('',#5866,#4689,#4690);
#4219=AXIS2_PLACEMENT_3D('',#5872,#4694,#4695);
#4220=AXIS2_PLACEMENT_3D('',#5878,#4699,#4700);
#4221=AXIS2_PLACEMENT_3D('',#5882,#4703,#4704);
#4222=AXIS2_PLACEMENT_3D('',#5886,#4707,#4708);
#4223=AXIS2_PLACEMENT_3D('',#5890,#4711,#4712);
#4224=AXIS2_PLACEMENT_3D('',#5894,#4715,#4716);
#4225=AXIS2_PLACEMENT_3D('',#5900,#4720,#4721);
#4226=AXIS2_PLACEMENT_3D('',#5904,#4724,#4725);
#4227=AXIS2_PLACEMENT_3D('',#5908,#4728,#4729);
#4228=AXIS2_PLACEMENT_3D('',#5912,#4732,#4733);
#4229=AXIS2_PLACEMENT_3D('',#5916,#4736,#4737);
#4230=AXIS2_PLACEMENT_3D('',#5920,#4740,#4741);
#4231=AXIS2_PLACEMENT_3D('',#5924,#4744,#4745);
#4232=AXIS2_PLACEMENT_3D('',#5926,#4747,#4748);
#4233=AXIS2_PLACEMENT_3D('',#5929,#4751,#4752);
#4234=AXIS2_PLACEMENT_3D('',#5935,#4756,#4757);
#4235=AXIS2_PLACEMENT_3D('',#5939,#4760,#4761);
#4236=AXIS2_PLACEMENT_3D('',#5941,#4763,#4764);
#4237=AXIS2_PLACEMENT_3D('',#5945,#4767,#4768);
#4238=AXIS2_PLACEMENT_3D('',#5951,#4772,#4773);
#4239=AXIS2_PLACEMENT_3D('',#5960,#4778,#4779);
#4240=AXIS2_PLACEMENT_3D('',#5963,#4781,#4782);
#4241=AXIS2_PLACEMENT_3D('',#5964,#4783,#4784);
#4242=AXIS2_PLACEMENT_3D('',#5968,#4787,#4788);
#4243=AXIS2_PLACEMENT_3D('',#5972,#4791,#4792);
#4244=AXIS2_PLACEMENT_3D('',#5976,#4795,#4796);
#4245=AXIS2_PLACEMENT_3D('',#5980,#4799,#4800);
#4246=AXIS2_PLACEMENT_3D('',#5982,#4802,#4803);
#4247=AXIS2_PLACEMENT_3D('',#5985,#4806,#4807);
#4248=AXIS2_PLACEMENT_3D('',#5987,#4809,#4810);
#4249=AXIS2_PLACEMENT_3D('',#5989,#4812,#4813);
#4250=AXIS2_PLACEMENT_3D('',#5993,#4816,#4817);
#4251=AXIS2_PLACEMENT_3D('',#5996,#4820,#4821);
#4252=AXIS2_PLACEMENT_3D('',#5999,#4824,#4825);
#4253=AXIS2_PLACEMENT_3D('',#6003,#4828,#4829);
#4254=AXIS2_PLACEMENT_3D('',#6005,#4831,#4832);
#4255=AXIS2_PLACEMENT_3D('',#6007,#4834,#4835);
#4256=AXIS2_PLACEMENT_3D('',#6009,#4837,#4838);
#4257=AXIS2_PLACEMENT_3D('',#6011,#4840,#4841);
#4258=AXIS2_PLACEMENT_3D('',#6013,#4843,#4844);
#4259=AXIS2_PLACEMENT_3D('',#6017,#4847,#4848);
#4260=AXIS2_PLACEMENT_3D('',#6019,#4850,#4851);
#4261=AXIS2_PLACEMENT_3D('',#6022,#4854,#4855);
#4262=AXIS2_PLACEMENT_3D('',#6023,#4856,#4857);
#4263=AXIS2_PLACEMENT_3D('',#6025,#4859,#4860);
#4264=AXIS2_PLACEMENT_3D('',#6027,#4862,#4863);
#4265=AXIS2_PLACEMENT_3D('',#6031,#4866,#4867);
#4266=AXIS2_PLACEMENT_3D('',#6033,#4869,#4870);
#4267=AXIS2_PLACEMENT_3D('',#6035,#4872,#4873);
#4268=AXIS2_PLACEMENT_3D('',#6038,#4876,#4877);
#4269=AXIS2_PLACEMENT_3D('',#6040,#4879,#4880);
#4270=AXIS2_PLACEMENT_3D('',#6044,#4883,#4884);
#4271=AXIS2_PLACEMENT_3D('',#6046,#4886,#4887);
#4272=AXIS2_PLACEMENT_3D('',#6048,#4889,#4890);
#4273=AXIS2_PLACEMENT_3D('',#6050,#4892,#4893);
#4274=AXIS2_PLACEMENT_3D('',#6053,#4896,#4897);
#4275=AXIS2_PLACEMENT_3D('',#6057,#4900,#4901);
#4276=AXIS2_PLACEMENT_3D('',#6060,#4904,#4905);
#4277=AXIS2_PLACEMENT_3D('',#6062,#4907,#4908);
#4278=AXIS2_PLACEMENT_3D('',#6063,#4909,#4910);
#4279=AXIS2_PLACEMENT_3D('',#6065,#4912,#4913);
#4280=AXIS2_PLACEMENT_3D('',#6067,#4915,#4916);
#4281=AXIS2_PLACEMENT_3D('',#6069,#4918,#4919);
#4282=AXIS2_PLACEMENT_3D('',#6071,#4921,#4922);
#4283=AXIS2_PLACEMENT_3D('',#6073,#4924,#4925);
#4284=AXIS2_PLACEMENT_3D('',#6075,#4927,#4928);
#4285=AXIS2_PLACEMENT_3D('',#6078,#4931,#4932);
#4286=AXIS2_PLACEMENT_3D('',#6080,#4934,#4935);
#4287=AXIS2_PLACEMENT_3D('',#6081,#4936,#4937);
#4288=AXIS2_PLACEMENT_3D('',#6084,#4940,#4941);
#4289=AXIS2_PLACEMENT_3D('',#6085,#4942,#4943);
#4290=AXIS2_PLACEMENT_3D('',#6087,#4945,#4946);
#4291=AXIS2_PLACEMENT_3D('',#6088,#4947,#4948);
#4292=AXIS2_PLACEMENT_3D('',#6089,#4949,#4950);
#4293=AXIS2_PLACEMENT_3D('',#6092,#4953,#4954);
#4294=AXIS2_PLACEMENT_3D('',#6093,#4955,#4956);
#4295=AXIS2_PLACEMENT_3D('',#6094,#4957,#4958);
#4296=AXIS2_PLACEMENT_3D('',#6095,#4959,#4960);
#4297=AXIS2_PLACEMENT_3D('',#6096,#4961,#4962);
#4298=AXIS2_PLACEMENT_3D('',#6106,#4968,#4969);
#4299=AXIS2_PLACEMENT_3D('',#6112,#4973,#4974);
#4300=AXIS2_PLACEMENT_3D('',#6125,#4981,#4982);
#4301=AXIS2_PLACEMENT_3D('',#6129,#4985,#4986);
#4302=AXIS2_PLACEMENT_3D('',#6139,#4992,#4993);
#4303=AXIS2_PLACEMENT_3D('',#6145,#4997,#4998);
#4304=AXIS2_PLACEMENT_3D('',#6166,#5009,#5010);
#4305=AXIS2_PLACEMENT_3D('',#6174,#5015,#5016);
#4306=AXIS2_PLACEMENT_3D('',#6181,#5020,#5021);
#4307=AXIS2_PLACEMENT_3D('',#6192,#5028,#5029);
#4308=AXIS2_PLACEMENT_3D('',#6196,#5032,#5033);
#4309=AXIS2_PLACEMENT_3D('',#6200,#5036,#5037);
#4310=AXIS2_PLACEMENT_3D('',#6206,#5041,#5042);
#4311=AXIS2_PLACEMENT_3D('',#6214,#5047,#5048);
#4312=AXIS2_PLACEMENT_3D('',#6222,#5053,#5054);
#4313=AXIS2_PLACEMENT_3D('',#6230,#5059,#5060);
#4314=AXIS2_PLACEMENT_3D('',#6236,#5064,#5065);
#4315=AXIS2_PLACEMENT_3D('',#6242,#5069,#5070);
#4316=AXIS2_PLACEMENT_3D('',#6248,#5074,#5075);
#4317=AXIS2_PLACEMENT_3D('',#6256,#5080,#5081);
#4318=AXIS2_PLACEMENT_3D('',#6258,#5083,#5084);
#4319=AXIS2_PLACEMENT_3D('',#6265,#5089,#5090);
#4320=AXIS2_PLACEMENT_3D('',#6269,#5093,#5094);
#4321=AXIS2_PLACEMENT_3D('',#6273,#5097,#5098);
#4322=AXIS2_PLACEMENT_3D('',#6276,#5101,#5102);
#4323=AXIS2_PLACEMENT_3D('',#6284,#5107,#5108);
#4324=AXIS2_PLACEMENT_3D('',#6294,#5114,#5115);
#4325=AXIS2_PLACEMENT_3D('',#6301,#5119,#5120);
#4326=AXIS2_PLACEMENT_3D('',#6305,#5122,#5123);
#4327=AXIS2_PLACEMENT_3D('',#6307,#5125,#5126);
#4328=AXIS2_PLACEMENT_3D('',#6311,#5129,#5130);
#4329=AXIS2_PLACEMENT_3D('',#6317,#5134,#5135);
#4330=AXIS2_PLACEMENT_3D('',#6319,#5137,#5138);
#4331=AXIS2_PLACEMENT_3D('',#6325,#5142,#5143);
#4332=AXIS2_PLACEMENT_3D('',#6335,#5149,#5150);
#4333=AXIS2_PLACEMENT_3D('',#6340,#5154,#5155);
#4334=AXIS2_PLACEMENT_3D('',#6342,#5157,#5158);
#4335=AXIS2_PLACEMENT_3D('',#6344,#5160,#5161);
#4336=AXIS2_PLACEMENT_3D('',#6352,#5166,#5167);
#4337=AXIS2_PLACEMENT_3D('',#6357,#5169,#5170);
#4338=AXIS2_PLACEMENT_3D('',#6361,#5174,#5175);
#4339=AXIS2_PLACEMENT_3D('',#6365,#5178,#5179);
#4340=AXIS2_PLACEMENT_3D('',#6367,#5181,#5182);
#4341=AXIS2_PLACEMENT_3D('',#6374,#5187,#5188);
#4342=AXIS2_PLACEMENT_3D('',#6381,#5193,#5194);
#4343=AXIS2_PLACEMENT_3D('',#6383,#5196,#5197);
#4344=AXIS2_PLACEMENT_3D('',#6387,#5200,#5201);
#4345=AXIS2_PLACEMENT_3D('',#6398,#5208,#5209);
#4346=AXIS2_PLACEMENT_3D('',#6399,#5210,#5211);
#4347=AXIS2_PLACEMENT_3D('',#6401,#5213,#5214);
#4348=AXIS2_PLACEMENT_3D('',#6406,#5218,#5219);
#4349=AXIS2_PLACEMENT_3D('',#6408,#5221,#5222);
#4350=AXIS2_PLACEMENT_3D('',#6414,#5226,#5227);
#4351=AXIS2_PLACEMENT_3D('',#6419,#5231,#5232);
#4352=AXIS2_PLACEMENT_3D('',#6423,#5235,#5236);
#4353=AXIS2_PLACEMENT_3D('',#6430,#5241,#5242);
#4354=AXIS2_PLACEMENT_3D('',#6432,#5244,#5245);
#4355=AXIS2_PLACEMENT_3D('',#6440,#5250,#5251);
#4356=AXIS2_PLACEMENT_3D('',#6444,#5254,#5255);
#4357=AXIS2_PLACEMENT_3D('',#6452,#5260,#5261);
#4358=AXIS2_PLACEMENT_3D('',#6454,#5263,#5264);
#4359=AXIS2_PLACEMENT_3D('',#6456,#5266,#5267);
#4360=AXIS2_PLACEMENT_3D('',#6460,#5270,#5271);
#4361=AXIS2_PLACEMENT_3D('',#6462,#5273,#5274);
#4362=AXIS2_PLACEMENT_3D('',#6466,#5277,#5278);
#4363=AXIS2_PLACEMENT_3D('',#6472,#5282,#5283);
#4364=AXIS2_PLACEMENT_3D('',#6476,#5286,#5287);
#4365=AXIS2_PLACEMENT_3D('',#6478,#5289,#5290);
#4366=AXIS2_PLACEMENT_3D('',#6483,#5294,#5295);
#4367=AXIS2_PLACEMENT_3D('',#6485,#5297,#5298);
#4368=AXIS2_PLACEMENT_3D('',#6486,#5299,#5300);
#4369=AXIS2_PLACEMENT_3D('',#6489,#5303,#5304);
#4370=AXIS2_PLACEMENT_3D('',#6490,#5305,#5306);
#4371=AXIS2_PLACEMENT_3D('',#6492,#5308,#5309);
#4372=AXIS2_PLACEMENT_3D('',#6493,#5310,#5311);
#4373=AXIS2_PLACEMENT_3D('',#6497,#5314,#5315);
#4374=AXIS2_PLACEMENT_3D('',#6500,#5318,#5319);
#4375=AXIS2_PLACEMENT_3D('',#6502,#5320,#5321);
#4376=AXIS2_PLACEMENT_3D('',#6508,#5325,#5326);
#4377=AXIS2_PLACEMENT_3D('',#6509,#5327,#5328);
#4378=AXIS2_PLACEMENT_3D('',#6510,#5329,#5330);
#4379=AXIS2_PLACEMENT_3D('',#6511,#5331,#5332);
#4380=AXIS2_PLACEMENT_3D('',#6514,#5335,#5336);
#4381=AXIS2_PLACEMENT_3D('',#6516,#5338,#5339);
#4382=AXIS2_PLACEMENT_3D('',#6518,#5341,#5342);
#4383=AXIS2_PLACEMENT_3D('',#6519,#5343,#5344);
#4384=AXIS2_PLACEMENT_3D('',#6521,#5345,#5346);
#4385=AXIS2_PLACEMENT_3D('',#6524,#5348,#5349);
#4386=AXIS2_PLACEMENT_3D('',#6525,#5350,#5351);
#4387=AXIS2_PLACEMENT_3D('',#6528,#5354,#5355);
#4388=AXIS2_PLACEMENT_3D('',#6530,#5356,#5357);
#4389=AXIS2_PLACEMENT_3D('',#6531,#5358,#5359);
#4390=AXIS2_PLACEMENT_3D('',#6533,#5360,#5361);
#4391=AXIS2_PLACEMENT_3D('',#6534,#5362,#5363);
#4392=AXIS2_PLACEMENT_3D('',#6536,#5365,#5366);
#4393=AXIS2_PLACEMENT_3D('',#6538,#5367,#5368);
#4394=AXIS2_PLACEMENT_3D('',#6541,#5370,#5371);
#4395=AXIS2_PLACEMENT_3D('',#6542,#5372,#5373);
#4396=AXIS2_PLACEMENT_3D('',#6545,#5375,#5376);
#4397=AXIS2_PLACEMENT_3D('',#6546,#5377,#5378);
#4398=AXIS2_PLACEMENT_3D('',#6548,#5380,#5381);
#4399=AXIS2_PLACEMENT_3D('',#6550,#5382,#5383);
#4400=AXIS2_PLACEMENT_3D('',#6551,#5384,#5385);
#4401=AXIS2_PLACEMENT_3D('',#6553,#5387,#5388);
#4402=AXIS2_PLACEMENT_3D('',#6559,#5392,#5393);
#4403=AXIS2_PLACEMENT_3D('',#6564,#5396,#5397);
#4404=AXIS2_PLACEMENT_3D('',#6565,#5398,#5399);
#4405=AXIS2_PLACEMENT_3D('',#6569,#5402,#5403);
#4406=AXIS2_PLACEMENT_3D('',#6572,#5405,#5406);
#4407=AXIS2_PLACEMENT_3D('',#6573,#5407,#5408);
#4408=AXIS2_PLACEMENT_3D('',#6574,#5409,#5410);
#4409=AXIS2_PLACEMENT_3D('',#6576,#5412,#5413);
#4410=AXIS2_PLACEMENT_3D('',#6584,#5418,#5419);
#4411=AXIS2_PLACEMENT_3D('',#6591,#5423,#5424);
#4412=AXIS2_PLACEMENT_3D('',#6592,#5425,#5426);
#4413=AXIS2_PLACEMENT_3D('',#6596,#5429,#5430);
#4414=AXIS2_PLACEMENT_3D('',#6601,#5433,#5434);
#4415=AXIS2_PLACEMENT_3D('',#6602,#5435,#5436);
#4416=AXIS2_PLACEMENT_3D('',#6604,#5438,#5439);
#4417=AXIS2_PLACEMENT_3D('',#6605,#5440,#5441);
#4418=AXIS2_PLACEMENT_3D('',#6607,#5443,#5444);
#4419=AXIS2_PLACEMENT_3D('',#6615,#5449,#5450);
#4420=AXIS2_PLACEMENT_3D('',#6621,#5454,#5455);
#4421=AXIS2_PLACEMENT_3D('',#6623,#5457,#5458);
#4422=AXIS2_PLACEMENT_3D('',#6625,#5460,#5461);
#4423=AXIS2_PLACEMENT_3D('',#6627,#5463,#5464);
#4424=AXIS2_PLACEMENT_3D('',#6629,#5465,#5466);
#4425=AXIS2_PLACEMENT_3D('',#6630,#5467,#5468);
#4426=AXIS2_PLACEMENT_3D('',#6632,#5469,#5470);
#4427=AXIS2_PLACEMENT_3D('',#6634,#5472,#5473);
#4428=AXIS2_PLACEMENT_3D('',#6635,#5474,#5475);
#4429=AXIS2_PLACEMENT_3D('',#6639,#5478,#5479);
#4430=AXIS2_PLACEMENT_3D('',#6643,#5482,#5483);
#4431=AXIS2_PLACEMENT_3D('',#6645,#5485,#5486);
#4432=AXIS2_PLACEMENT_3D('',#6646,#5487,#5488);
#4433=AXIS2_PLACEMENT_3D('',#6650,#5491,#5492);
#4434=AXIS2_PLACEMENT_3D('',#6654,#5495,#5496);
#4435=AXIS2_PLACEMENT_3D('',#6656,#5498,#5499);
#4436=AXIS2_PLACEMENT_3D('',#6657,#5500,#5501);
#4437=AXIS2_PLACEMENT_3D('',#6659,#5502,#5503);
#4438=AXIS2_PLACEMENT_3D('',#6661,#5505,#5506);
#4439=AXIS2_PLACEMENT_3D('',#6662,#5507,#5508);
#4440=AXIS2_PLACEMENT_3D('',#6664,#5509,#5510);
#4441=AXIS2_PLACEMENT_3D('',#6666,#5512,#5513);
#4442=DIRECTION('axis',(0.,0.,1.));
#4443=DIRECTION('refdir',(1.,0.,0.));
#4444=DIRECTION('center_axis',(0.0836337165235473,0.,-0.996496563697266));
#4445=DIRECTION('ref_axis',(-0.996496563697266,0.,-0.0836337165235473));
#4446=DIRECTION('',(-0.996496563697266,0.,-0.0836337165235472));
#4447=DIRECTION('',(0.,1.,0.));
#4448=DIRECTION('',(-0.996496563697266,0.,-0.0836337165235472));
#4449=DIRECTION('',(0.,1.,0.));
#4450=DIRECTION('center_axis',(0.996496563697266,0.,0.0836337165235471));
#4451=DIRECTION('ref_axis',(0.0836337165235471,0.,-0.996496563697266));
#4452=DIRECTION('',(0.083633716523547,0.,-0.996496563697266));
#4453=DIRECTION('',(0.,1.,0.));
#4454=DIRECTION('',(0.083633716523547,0.,-0.996496563697266));
#4455=DIRECTION('center_axis',(-0.083633716523547,0.,0.996496563697266));
#4456=DIRECTION('ref_axis',(0.996496563697266,0.,0.083633716523547));
#4457=DIRECTION('',(0.996496563697266,0.,0.083633716523547));
#4458=DIRECTION('',(0.,1.,0.));
#4459=DIRECTION('',(0.996496563697266,0.,0.083633716523547));
#4460=DIRECTION('center_axis',(-0.996496563697266,0.,-0.0836337165235471));
#4461=DIRECTION('ref_axis',(-0.0836337165235471,0.,0.996496563697266));
#4462=DIRECTION('',(-0.083633716523547,0.,0.996496563697266));
#4463=DIRECTION('',(-0.083633716523547,0.,0.996496563697266));
#4464=DIRECTION('center_axis',(0.,-1.,0.));
#4465=DIRECTION('ref_axis',(0.,0.,-1.));
#4466=DIRECTION('center_axis',(0.,-1.,0.));
#4467=DIRECTION('ref_axis',(0.,0.,-1.));
#4468=DIRECTION('center_axis',(2.85092781437684E-17,1.,-3.51223709250076E-18));
#4469=DIRECTION('ref_axis',(-1.,2.85092781437684E-17,0.));
#4470=DIRECTION('center_axis',(2.85092781437684E-17,1.,-3.51223709250076E-18));
#4471=DIRECTION('ref_axis',(-1.,2.85092781437684E-17,0.));
#4472=DIRECTION('center_axis',(2.85092781437684E-17,1.,-3.51223709250076E-18));
#4473=DIRECTION('ref_axis',(-1.,2.85092781437684E-17,0.));
#4474=DIRECTION('',(2.85092781437684E-17,1.,-3.51223709250076E-18));
#4475=DIRECTION('center_axis',(2.85092781437684E-17,1.,-3.51223709250076E-18));
#4476=DIRECTION('ref_axis',(0.,3.51223709250076E-18,1.));
#4477=DIRECTION('center_axis',(-0.783899434444448,0.,0.620887813278434));
#4478=DIRECTION('ref_axis',(0.620887813278434,0.,0.783899434444448));
#4479=DIRECTION('',(0.620887813278434,0.,0.783899434444447));
#4480=DIRECTION('',(0.,1.,0.));
#4481=DIRECTION('',(0.620887813278434,0.,0.783899434444447));
#4482=DIRECTION('',(0.,1.,0.));
#4483=DIRECTION('center_axis',(-0.620887813278434,0.,-0.783899434444448));
#4484=DIRECTION('ref_axis',(-0.783899434444448,0.,0.620887813278434));
#4485=DIRECTION('',(-0.783899434444448,0.,0.620887813278433));
#4486=DIRECTION('',(0.,1.,0.));
#4487=DIRECTION('',(-0.783899434444448,0.,0.620887813278433));
#4488=DIRECTION('center_axis',(0.783899434444448,0.,-0.620887813278434));
#4489=DIRECTION('ref_axis',(-0.620887813278434,0.,-0.783899434444448));
#4490=DIRECTION('',(-0.620887813278434,0.,-0.783899434444447));
#4491=DIRECTION('',(0.,1.,0.));
#4492=DIRECTION('',(-0.620887813278434,0.,-0.783899434444447));
#4493=DIRECTION('center_axis',(0.620887813278433,0.,0.783899434444448));
#4494=DIRECTION('ref_axis',(0.783899434444448,0.,-0.620887813278433));
#4495=DIRECTION('',(0.783899434444448,0.,-0.620887813278433));
#4496=DIRECTION('',(0.783899434444448,0.,-0.620887813278433));
#4497=DIRECTION('center_axis',(0.,1.,0.));
#4498=DIRECTION('ref_axis',(0.,0.,1.));
#4499=DIRECTION('center_axis',(0.,1.,0.));
#4500=DIRECTION('ref_axis',(0.,0.,1.));
#4501=DIRECTION('center_axis',(-2.37462121691113E-17,1.,2.82188842947951E-17));
#4502=DIRECTION('ref_axis',(0.,-2.82188842947951E-17,1.));
#4503=DIRECTION('center_axis',(-2.37462121691113E-17,1.,2.82188842947951E-17));
#4504=DIRECTION('ref_axis',(0.,-2.82188842947951E-17,1.));
#4505=DIRECTION('center_axis',(-2.37462121691113E-17,1.,2.82188842947951E-17));
#4506=DIRECTION('ref_axis',(0.,-2.82188842947951E-17,1.));
#4507=DIRECTION('',(-2.37462121691113E-17,1.,2.82188842947951E-17));
#4508=DIRECTION('center_axis',(-2.37462121691113E-17,1.,2.82188842947951E-17));
#4509=DIRECTION('ref_axis',(0.,-2.82188842947951E-17,1.));
#4510=DIRECTION('center_axis',(-0.772175768001378,0.,-0.63540898900746));
#4511=DIRECTION('ref_axis',(-0.63540898900746,0.,0.772175768001378));
#4512=DIRECTION('',(-0.63540898900746,0.,0.772175768001378));
#4513=DIRECTION('',(0.,1.,0.));
#4514=DIRECTION('',(-0.63540898900746,0.,0.772175768001378));
#4515=DIRECTION('',(0.,1.,0.));
#4516=DIRECTION('center_axis',(0.63540898900746,0.,-0.772175768001378));
#4517=DIRECTION('ref_axis',(-0.772175768001378,0.,-0.63540898900746));
#4518=DIRECTION('',(-0.772175768001378,0.,-0.63540898900746));
#4519=DIRECTION('',(0.,1.,0.));
#4520=DIRECTION('',(-0.772175768001378,0.,-0.63540898900746));
#4521=DIRECTION('center_axis',(0.772175768001378,0.,0.63540898900746));
#4522=DIRECTION('ref_axis',(0.63540898900746,0.,-0.772175768001378));
#4523=DIRECTION('',(0.63540898900746,0.,-0.772175768001378));
#4524=DIRECTION('',(0.,1.,0.));
#4525=DIRECTION('',(0.63540898900746,0.,-0.772175768001378));
#4526=DIRECTION('center_axis',(-0.63540898900746,0.,0.772175768001378));
#4527=DIRECTION('ref_axis',(0.772175768001378,0.,0.63540898900746));
#4528=DIRECTION('',(0.772175768001378,0.,0.63540898900746));
#4529=DIRECTION('',(0.772175768001378,0.,0.63540898900746));
#4530=DIRECTION('center_axis',(0.,1.,0.));
#4531=DIRECTION('ref_axis',(0.,0.,1.));
#4532=DIRECTION('center_axis',(0.,1.,0.));
#4533=DIRECTION('ref_axis',(0.,0.,1.));
#4534=DIRECTION('center_axis',(9.72665302386313E-17,1.,-1.2133293023557E-16));
#4535=DIRECTION('ref_axis',(0.,1.2133293023557E-16,1.));
#4536=DIRECTION('center_axis',(9.72665302386313E-17,1.,-1.2133293023557E-16));
#4537=DIRECTION('ref_axis',(0.,1.2133293023557E-16,1.));
#4538=DIRECTION('center_axis',(9.72665302386313E-17,1.,-1.2133293023557E-16));
#4539=DIRECTION('ref_axis',(0.,1.2133293023557E-16,1.));
#4540=DIRECTION('',(9.72665302386313E-17,1.,-1.2133293023557E-16));
#4541=DIRECTION('center_axis',(9.72665302386313E-17,1.,-1.2133293023557E-16));
#4542=DIRECTION('ref_axis',(0.,1.2133293023557E-16,1.));
#4543=DIRECTION('center_axis',(0.828660416779981,-0.277196097369746,-0.486296449981912));
#4544=DIRECTION('ref_axis',(-0.506129980462145,0.,-0.862457212200923));
#4545=DIRECTION('',(0.226036103881304,-0.629077002242343,0.743753860488769));
#4546=DIRECTION('',(0.0464306997894403,-0.83173874068817,0.553222249512364));
#4547=DIRECTION('',(-0.141625584411011,-0.944332040052261,0.29694981389281));
#4548=DIRECTION('center_axis',(0.888249631990317,-0.458006680369909,0.0352487163681591));
#4549=DIRECTION('ref_axis',(0.0396521355753692,0.,-0.999213544816278));
#4550=DIRECTION('',(0.0658056295563217,0.202813534396096,0.97700373048646));
#4551=DIRECTION('',(0.445534500881629,0.877658528795962,0.17667630105893));
#4552=DIRECTION('',(0.451035170455063,0.855035294060043,-0.255894355006569));
#4553=DIRECTION('',(-0.324410285422857,-0.571123513332513,0.754039719928988));
#4554=DIRECTION('',(-0.0512119511327545,-0.0224788246796912,0.998434794316683));
#4555=DIRECTION('',(-0.253758137174131,-0.553199324296932,-0.793459082382534));
#4556=DIRECTION('',(-0.4441636120639,-0.875905069722513,-0.188438304367102));
#4557=DIRECTION('',(-0.456202429723585,-0.870557805308031,0.184413802985467));
#4558=DIRECTION('',(0.458291476024745,0.888801959383,-1.38777878078144E-16));
#4559=DIRECTION('',(-0.031329128173756,0.0161541862523419,0.999378570910142));
#4560=DIRECTION('',(-0.458291476024743,-0.888801959383001,1.04083408558607E-16));
#4561=DIRECTION('',(0.0313291281737538,-0.0161541862523409,-0.999378570910142));
#4562=DIRECTION('center_axis',(-0.3262220162371,0.153715288758992,0.93271153425051));
#4563=DIRECTION('ref_axis',(0.94392997155094,0.,0.330145738739488));
#4564=DIRECTION('',(0.938309722576775,0.172369271194811,0.29977274536833));
#4565=DIRECTION('',(0.0109088259193332,-0.986012340396042,0.166314948527732));
#4566=DIRECTION('',(-0.608788727548522,0.720662044133041,-0.331696402386035));
#4567=DIRECTION('',(-0.933502862141908,-0.207737731113106,-0.292262624098337));
#4568=DIRECTION('',(-0.426248862455008,-0.904605940316452,0.));
#4569=DIRECTION('',(-0.239470288640365,-0.967942974934578,0.0757652831664979));
#4570=DIRECTION('',(0.534756081219671,-0.783623959032875,0.316179418097105));
#4571=DIRECTION('',(0.904730121461562,-0.235164537613844,0.355191564608472));
#4572=DIRECTION('',(0.59490725805561,0.800174281470231,0.0762002203825888));
#4573=DIRECTION('',(0.94392997155094,0.,0.330145738739487));
#4574=DIRECTION('center_axis',(-0.3262220162371,0.153715288758992,0.93271153425051));
#4575=DIRECTION('ref_axis',(-0.0507484475628912,-0.988115180534,0.14509646814522));
#4576=DIRECTION('',(0.94392997155094,0.,0.330145738739488));
#4577=DIRECTION('center_axis',(0.,1.,0.));
#4578=DIRECTION('ref_axis',(0.,0.,1.));
#4579=DIRECTION('',(0.982513766892516,0.,-0.186189951035706));
#4580=DIRECTION('',(0.924158802851055,0.,-0.382008517068541));
#4581=DIRECTION('',(-0.908742488074345,0.,0.417357269456815));
#4582=DIRECTION('',(0.959283926390036,0.,-0.28244353164786));
#4583=DIRECTION('',(0.729719326992089,0.,-0.683746812653787));
#4584=DIRECTION('',(0.698520398919965,0.,-0.715590142674348));
#4585=DIRECTION('',(0.580504336821921,0.,-0.814257155283846));
#4586=DIRECTION('',(0.335975004226617,0.,-0.941870902265764));
#4587=DIRECTION('',(-0.0226081483932663,0.,-0.999744403148239));
#4588=DIRECTION('',(0.0836337165235467,0.,0.996496563697266));
#4589=DIRECTION('',(-0.139933241982808,0.,-0.990160940346659));
#4590=DIRECTION('',(0.369533011184151,0.,0.929217602957012));
#4591=DIRECTION('',(0.48750632921631,0.,0.873119452866581));
#4592=DIRECTION('',(0.506129980462145,0.,0.862457212200923));
#4593=DIRECTION('',(0.535918015346736,0.,0.844270028383583));
#4594=DIRECTION('',(0.695851420680329,0.,0.718185770074267));
#4595=DIRECTION('',(-0.7102144927672,0.,-0.703985350886955));
#4596=DIRECTION('',(-0.913468933468043,0.,-0.406908475690487));
#4597=DIRECTION('',(0.949508648988377,0.,0.313740857231358));
#4598=DIRECTION('',(0.999974008122675,0.,-0.00720992920026192));
#4599=DIRECTION('',(0.977855669253402,0.,-0.209280410237033));
#4600=DIRECTION('',(-0.880663546986163,0.,0.473742247440261));
#4601=DIRECTION('',(0.790406172635513,0.,-0.612583122734931));
#4602=DIRECTION('',(0.783899434444448,0.,-0.620887813278434));
#4603=DIRECTION('',(0.53591801534673,0.,-0.844270028383587));
#4604=DIRECTION('',(0.506129980462146,0.,-0.862457212200923));
#4605=DIRECTION('',(0.487506329216308,0.,-0.873119452866582));
#4606=DIRECTION('',(0.369533011184151,0.,-0.929217602957012));
#4607=DIRECTION('',(-0.1399332419828,0.,0.990160940346661));
#4608=DIRECTION('',(0.0836337165235467,0.,-0.996496563697266));
#4609=DIRECTION('',(-0.0226081483932663,0.,0.999744403148239));
#4610=DIRECTION('',(0.335975004226617,0.,0.941870902265764));
#4611=DIRECTION('',(0.580504336821921,0.,0.814257155283846));
#4612=DIRECTION('',(0.672897277434598,0.,0.739735935331727));
#4613=DIRECTION('',(0.772175768001378,0.,0.63540898900746));
#4614=DIRECTION('',(0.920721292508911,0.,0.390220836861283));
#4615=DIRECTION('',(0.965652922177405,0.,0.259835397685226));
#4616=DIRECTION('',(-0.99875433539556,0.,0.0498976705726236));
#4617=DIRECTION('center_axis',(0.,1.,0.));
#4618=DIRECTION('ref_axis',(0.,0.,1.));
#4619=DIRECTION('center_axis',(0.,1.,0.));
#4620=DIRECTION('ref_axis',(0.,0.,1.));
#4621=DIRECTION('',(0.982513766892514,0.,-0.186189951035717));
#4622=DIRECTION('',(-0.99875433539556,0.,0.0498976705726236));
#4623=DIRECTION('',(0.965652922177404,0.,0.259835397685226));
#4624=DIRECTION('',(0.920721292508912,0.,0.390220836861282));
#4625=DIRECTION('',(0.772175768001378,0.,0.63540898900746));
#4626=DIRECTION('',(0.672897277434597,0.,0.739735935331728));
#4627=DIRECTION('',(0.58050433682192,0.,0.814257155283847));
#4628=DIRECTION('',(0.335975004226617,0.,0.941870902265764));
#4629=DIRECTION('',(-0.0226081483932699,0.,0.999744403148239));
#4630=DIRECTION('',(0.0836337165235474,0.,-0.996496563697266));
#4631=DIRECTION('',(-0.139933241982772,0.,0.990160940346664));
#4632=DIRECTION('',(0.506129980462145,0.,-0.862457212200923));
#4633=DIRECTION('',(0.53591801534674,0.,-0.84427002838358));
#4634=DIRECTION('',(0.783899434444448,0.,-0.620887813278434));
#4635=DIRECTION('',(0.790406172635514,0.,-0.612583122734929));
#4636=DIRECTION('',(-0.880663546986163,0.,0.473742247440262));
#4637=DIRECTION('',(0.977855669253402,0.,-0.209280410237034));
#4638=DIRECTION('',(0.999974008122675,0.,-0.00720992920026255));
#4639=DIRECTION('',(0.949508648988377,0.,0.313740857231359));
#4640=DIRECTION('',(-0.913468933468044,0.,-0.406908475690486));
#4641=DIRECTION('',(-0.710214492767199,0.,-0.703985350886955));
#4642=DIRECTION('',(0.695851420680332,0.,0.718185770074265));
#4643=DIRECTION('',(-0.718185770074266,0.,0.69585142068033));
#4644=DIRECTION('',(0.695851420680329,0.,0.718185770074267));
#4645=DIRECTION('',(0.718185770074267,0.,-0.695851420680329));
#4646=DIRECTION('',(0.535918015346736,0.,0.844270028383583));
#4647=DIRECTION('',(0.506129980462145,0.,0.862457212200923));
#4648=DIRECTION('',(-0.1399332419828,0.,-0.990160940346661));
#4649=DIRECTION('',(0.0836337165235474,0.,0.996496563697266));
#4650=DIRECTION('',(-0.0226081483932699,0.,-0.999744403148239));
#4651=DIRECTION('',(0.335975004226617,0.,-0.941870902265764));
#4652=DIRECTION('',(0.58050433682192,0.,-0.814257155283847));
#4653=DIRECTION('',(-0.715590142674347,0.,-0.698520398919965));
#4654=DIRECTION('',(-0.698520398919965,0.,0.715590142674348));
#4655=DIRECTION('',(0.715590142674348,0.,0.698520398919964));
#4656=DIRECTION('',(0.698520398919965,0.,-0.715590142674347));
#4657=DIRECTION('',(0.729719326992088,0.,-0.683746812653788));
#4658=DIRECTION('',(0.959283926390043,0.,-0.282443531647835));
#4659=DIRECTION('',(-0.908742488074345,0.,0.417357269456815));
#4660=DIRECTION('',(0.924158802851056,0.,-0.382008517068538));
#4661=DIRECTION('center_axis',(0.15714936252602,0.632348555334525,-0.758577209270094));
#4662=DIRECTION('ref_axis',(-0.97920856283741,0.,-0.202856083137516));
#4663=DIRECTION('',(-0.354049211339703,-0.680989050070573,-0.641017214771735));
#4664=DIRECTION('',(-0.974969327252101,-0.0229956868048577,-0.221147030967993));
#4665=DIRECTION('',(0.758743009263706,-0.568984582378739,-0.317120782839517));
#4666=DIRECTION('center_axis',(-0.415648431166222,-0.499424205510163,0.760139358683393));
#4667=DIRECTION('ref_axis',(0.877396785029879,0.,0.479765444378013));
#4668=DIRECTION('',(-0.887966981520512,0.0419384015124424,-0.457991059091694));
#4669=DIRECTION('',(-0.663418625428823,0.73819495809898,0.12224537321051));
#4670=DIRECTION('center_axis',(-0.633708052035019,-0.641184099405056,0.432778298273042));
#4671=DIRECTION('ref_axis',(0.563963483565687,0.,0.825799727055207));
#4672=DIRECTION('',(-0.697364284308321,0.231373867505875,-0.678342972548929));
#4673=DIRECTION('',(-0.349007153813107,-0.262304167001378,-0.899661342151027));
#4674=DIRECTION('center_axis',(0.524041357843432,-0.85165796462186,0.00770497019872415));
#4675=DIRECTION('ref_axis',(0.0147013921653826,0.,-0.999891928694496));
#4676=DIRECTION('',(-0.0147013921653831,0.,0.999891928694496));
#4677=DIRECTION('',(-0.18630606277714,-0.123455841414992,-0.974704419910465));
#4678=DIRECTION('',(-0.851683245751788,-0.52405691380393,0.));
#4679=DIRECTION('center_axis',(0.359479453885031,-0.738431142508799,-0.570520788409738));
#4680=DIRECTION('ref_axis',(-0.846057168025999,0.,-0.533092176299584));
#4681=DIRECTION('',(0.846057168025999,0.,0.533092176299584));
#4682=DIRECTION('',(-0.525266355802546,0.345207337965209,-0.777770627676879));
#4683=DIRECTION('',(-0.91894804795858,-0.386408047168726,-0.0788879346691664));
#4684=DIRECTION('',(-0.361366277910874,-0.673846270345139,0.644473131426584));
#4685=DIRECTION('center_axis',(0.170209156784281,-0.852920889689567,-0.493512713998273));
#4686=DIRECTION('ref_axis',(-0.945353877179361,0.,-0.326046080948612));
#4687=DIRECTION('',(0.945353877179361,0.,0.326046080948612));
#4688=DIRECTION('',(-0.453360803003168,-0.512449225739338,0.729287167952019));
#4689=DIRECTION('center_axis',(0.248223762804779,0.713247554264256,0.65548675800133));
#4690=DIRECTION('ref_axis',(0.935190953317704,0.,-0.35414387024587));
#4691=DIRECTION('',(-0.935190953317704,0.,0.35414387024587));
#4692=DIRECTION('',(-0.662095462611351,0.618857493687278,-0.422664170348709));
#4693=DIRECTION('',(-0.958300019428166,0.279702556216674,0.0585453056174039));
#4694=DIRECTION('center_axis',(-0.684583873867182,-0.727019865561,0.0527923736979839));
#4695=DIRECTION('ref_axis',(0.0768877232990608,0.,0.99703975748507));
#4696=DIRECTION('',(-0.0768877232990609,0.,-0.99703975748507));
#4697=DIRECTION('',(-0.722433366551791,0.686347755871499,0.0837662754502233));
#4698=DIRECTION('',(-0.405485520279477,0.439999121273859,0.801237958487935));
#4699=DIRECTION('center_axis',(-0.609528446762391,-0.689355150779256,0.391490164220682));
#4700=DIRECTION('ref_axis',(0.540416122033796,0.,0.841397893416636));
#4701=DIRECTION('',(-0.540416122033796,0.,-0.841397893416636));
#4702=DIRECTION('',(-0.154661646154991,-0.380937723699458,-0.911573489012983));
#4703=DIRECTION('center_axis',(-0.33972419556309,-0.845905254742162,0.411134735760201));
#4704=DIRECTION('ref_axis',(0.770877825281643,0.,0.636983028415235));
#4705=DIRECTION('',(-0.770877825281643,0.,-0.636983028415236));
#4706=DIRECTION('',(-0.370439186399866,0.522143085163392,0.768206617906576));
#4707=DIRECTION('center_axis',(0.136365160836016,0.848655293165075,-0.511066273875579));
#4708=DIRECTION('ref_axis',(-0.966196888452299,0.,-0.257805300071772));
#4709=DIRECTION('',(0.966196888452299,0.,0.257805300071771));
#4710=DIRECTION('',(-0.906157904288008,0.315337630737464,0.281851079716307));
#4711=DIRECTION('center_axis',(0.10886953323143,0.817865058398978,-0.565016965217865));
#4712=DIRECTION('ref_axis',(-0.981937919981057,0.,-0.189203386077722));
#4713=DIRECTION('',(0.981937919981057,0.,0.189203386077722));
#4714=DIRECTION('',(0.211506520092816,-0.574438944963447,-0.790749575066284));
#4715=DIRECTION('center_axis',(0.39488145816519,-0.689856906022934,0.606766910114418));
#4716=DIRECTION('ref_axis',(0.838138644999946,0.,-0.545457250165083));
#4717=DIRECTION('',(-0.838138644999946,0.,0.545457250165084));
#4718=DIRECTION('',(-0.807134323054992,-0.575974278194246,-0.129567802347565));
#4719=DIRECTION('',(-0.907375341121644,-0.189320737416172,0.375270101005364));
#4720=DIRECTION('center_axis',(-0.496941385262758,0.781324919861486,-0.377598502667283));
#4721=DIRECTION('ref_axis',(-0.605005112409934,0.,0.796221585965768));
#4722=DIRECTION('',(0.605005112409934,0.,-0.796221585965768));
#4723=DIRECTION('',(-0.503221406083203,-0.61395831032407,-0.608131079327194));
#4724=DIRECTION('center_axis',(-0.397505552899797,-0.768118053163125,-0.50198007113701));
#4725=DIRECTION('ref_axis',(-0.783966269820861,0.,0.620803421207684));
#4726=DIRECTION('',(0.783966269820861,0.,-0.620803421207684));
#4727=DIRECTION('',(-0.198822831448855,-0.461962223470473,0.864326550431535));
#4728=DIRECTION('center_axis',(-0.217521843747612,-0.581114417091468,-0.784213160907851));
#4729=DIRECTION('ref_axis',(-0.963617704201397,0.,0.267284343255696));
#4730=DIRECTION('',(-0.142279811716879,0.813747478469481,-0.563534822759313));
#4731=DIRECTION('',(-0.851392425877094,-0.279929607985061,0.443588042819515));
#4732=DIRECTION('center_axis',(-0.131870205228539,0.548668381468879,0.82557450066563));
#4733=DIRECTION('ref_axis',(0.987481970364933,0.,0.157731918786875));
#4734=DIRECTION('',(-0.982482289700849,0.0382893597589542,-0.182380030029129));
#4735=DIRECTION('',(-0.729851145672986,-0.617309415857567,0.293677357406762));
#4736=DIRECTION('center_axis',(-0.00731873023024332,0.479359811063709,-0.87758794871214));
#4737=DIRECTION('ref_axis',(-0.999965227370869,0.,0.00833930747281931));
#4738=DIRECTION('',(-0.368583979707559,-0.817112479245681,-0.443252801642488));
#4739=DIRECTION('',(-0.999883468771904,-0.015265938446911,0.));
#4740=DIRECTION('center_axis',(-0.445455721713496,-0.32610444256425,0.833801590627272));
#4741=DIRECTION('ref_axis',(0.882018222230242,0.,0.471215296498112));
#4742=DIRECTION('',(-0.527908725013931,0.847853476000649,0.0495667356982728));
#4743=DIRECTION('',(-0.526997435803866,-0.657368301953144,-0.538647025651669));
#4744=DIRECTION('center_axis',(-0.412644988158476,0.571087271513326,-0.70963613356646));
#4745=DIRECTION('ref_axis',(-0.864472333318643,0.,0.502680400380421));
#4746=DIRECTION('',(-0.712520677870601,0.282982443012009,0.642055465325056));
#4747=DIRECTION('center_axis',(-0.482098455163677,0.783493483723684,-0.392070198422836));
#4748=DIRECTION('ref_axis',(-0.630946568931734,0.,0.775826286711963));
#4749=DIRECTION('',(0.630946568931734,0.,-0.775826286711963));
#4750=DIRECTION('',(-0.274880874594815,0.289645532186495,0.916812941916938));
#4751=DIRECTION('center_axis',(0.815296049373685,-0.573027590158076,-0.0832570284918295));
#4752=DIRECTION('ref_axis',(-0.101590437400851,0.,-0.99482630796974));
#4753=DIRECTION('',(0.101590437400852,0.,0.99482630796974));
#4754=DIRECTION('',(-0.575024012241715,-0.8181365322154,0.));
#4755=DIRECTION('',(-0.324410285422857,-0.571123513332513,0.754039719928988));
#4756=DIRECTION('center_axis',(0.467600565948714,-0.728949720964424,-0.49998201470686));
#4757=DIRECTION('ref_axis',(-0.730362171076002,0.,-0.68306009915757));
#4758=DIRECTION('',(0.730362171076002,0.,0.68306009915757));
#4759=DIRECTION('',(0.162411559664395,-0.485148815736557,0.859216568669852));
#4760=DIRECTION('center_axis',(-0.34984583717957,0.706369360172404,0.615345607945449));
#4761=DIRECTION('ref_axis',(0.869324455688155,0.,0.494241834269918));
#4762=DIRECTION('',(-0.76063087276962,0.169251446593383,-0.626733295123032));
#4763=DIRECTION('center_axis',(-0.846942864989878,-0.322617274931671,0.422617885753077));
#4764=DIRECTION('ref_axis',(0.446492038399537,0.,0.894787605885233));
#4765=DIRECTION('',(-0.467499871833892,0.830469684324172,-0.302925689326284));
#4766=DIRECTION('',(-0.0294303949495267,0.822094758130659,0.568589536051455));
#4767=DIRECTION('center_axis',(-0.761431024430909,-0.647563781575023,-0.0297311928175129));
#4768=DIRECTION('ref_axis',(-0.0390167372511454,0.,0.999238557209576));
#4769=DIRECTION('',(0.0390167372511452,0.,-0.999238557209576));
#4770=DIRECTION('',(-0.208591892428707,0.288179416360292,-0.934581214448082));
#4771=DIRECTION('',(-0.642581320640348,0.747933140827113,0.166388891506003));
#4772=DIRECTION('center_axis',(0.,1.,0.));
#4773=DIRECTION('ref_axis',(0.,0.,1.));
#4774=DIRECTION('',(-0.321759664337035,0.,0.946821376187567));
#4775=DIRECTION('',(0.643286054016947,0.,-0.765625922175644));
#4776=DIRECTION('',(0.505508576466693,0.,0.862821580118751));
#4777=DIRECTION('',(-0.707106781186547,0.,-0.707106781186548));
#4778=DIRECTION('center_axis',(0.,1.,0.));
#4779=DIRECTION('ref_axis',(0.,0.,1.));
#4780=DIRECTION('',(0.707106781186548,0.,0.707106781186548));
#4781=DIRECTION('center_axis',(0.,1.,0.));
#4782=DIRECTION('ref_axis',(0.,0.,1.));
#4783=DIRECTION('center_axis',(-0.576459074596908,-0.658106067413564,-0.484346301057755));
#4784=DIRECTION('ref_axis',(-0.643286054016947,0.,0.765625922175644));
#4785=DIRECTION('',(-0.402288059108215,0.74450455758266,-0.53280135251104));
#4786=DIRECTION('',(-0.779668412315159,0.265584667131199,0.567081961821014));
#4787=DIRECTION('center_axis',(-0.333548364602968,-0.363743933496023,-0.869733200076625));
#4788=DIRECTION('ref_axis',(-0.9336920578522,0.,0.358077004433019));
#4789=DIRECTION('',(0.0348443376194417,0.917178664970942,-0.396949831411959));
#4790=DIRECTION('',(-0.823647765597926,0.561267234308924,0.0811384613901111));
#4791=DIRECTION('center_axis',(0.163230351938967,-0.295373435604214,-0.941334364476961));
#4792=DIRECTION('ref_axis',(-0.98529644090787,0.,-0.170853514843226));
#4793=DIRECTION('',(-0.335738656378384,-0.913815106023591,0.228520254280298));
#4794=DIRECTION('',(-0.608788727548522,0.720662044133041,-0.331696402386035));
#4795=DIRECTION('center_axis',(-0.243002430608859,-0.206709933267404,0.947745125129521));
#4796=DIRECTION('ref_axis',(0.968666113543976,0.,0.248366584853132));
#4797=DIRECTION('',(0.96311412321872,0.0650103516688861,0.261122269890035));
#4798=DIRECTION('',(-0.501483474283557,-0.809565436219866,-0.305152633117644));
#4799=DIRECTION('center_axis',(-0.00542992702929815,0.355647593635586,-0.934604357486992));
#4800=DIRECTION('ref_axis',(-0.999983123149881,0.,0.00580976896345049));
#4801=DIRECTION('',(0.62836448662115,-0.725836777077417,-0.279855400153736));
#4802=DIRECTION('center_axis',(0.259724224111246,0.0292496157062485,-0.965239756428862));
#4803=DIRECTION('ref_axis',(-0.965652922177404,0.,-0.259835397685226));
#4804=DIRECTION('',(0.655302312904258,0.72884230679947,0.198413130920202));
#4805=DIRECTION('',(0.415299096745303,-0.905770476027963,0.0843000889596996));
#4806=DIRECTION('center_axis',(0.388276579285136,-0.0996999709426556,-0.916133840534595));
#4807=DIRECTION('ref_axis',(-0.920721292508912,0.,-0.390220836861282));
#4808=DIRECTION('',(-0.0640163479936563,0.988810834834949,-0.134740640129721));
#4809=DIRECTION('center_axis',(-0.652561199503209,-0.093045758723701,0.752001574257969));
#4810=DIRECTION('ref_axis',(0.755278096357759,0.,0.65540445311441));
#4811=DIRECTION('',(-0.755011170380529,0.163931412432721,-0.634889458581915));
#4812=DIRECTION('center_axis',(0.395062195881752,0.322468006489975,0.860197794798074));
#4813=DIRECTION('ref_axis',(0.908742488074345,0.,-0.417357269456815));
#4814=DIRECTION('',(0.274811833688416,-0.934972668018854,0.224286794356056));
#4815=DIRECTION('',(-0.916335342782742,0.0718342842278561,0.393915441658112));
#4816=DIRECTION('center_axis',(0.551233988975322,-0.34039190040747,0.761757470285225));
#4817=DIRECTION('ref_axis',(0.810135819392055,0.,-0.5862422316227));
#4818=DIRECTION('',(0.159579611797445,-0.853127003564594,-0.496697758488473));
#4819=DIRECTION('',(-0.603463537713775,-0.793134741365223,0.0822741799685426));
#4820=DIRECTION('center_axis',(-0.678977930004289,-0.117900887336863,-0.724629802956152));
#4821=DIRECTION('ref_axis',(-0.729719326992089,0.,0.683746812653787));
#4822=DIRECTION('',(0.230106116635124,0.903110566724529,-0.362549968083852));
#4823=DIRECTION('',(-0.715786628891925,-0.113116891170147,0.689096561326157));
#4824=DIRECTION('center_axis',(0.785741837536668,-0.481876604653754,0.387820451538943));
#4825=DIRECTION('ref_axis',(0.442596612290797,0.,-0.896720825446086));
#4826=DIRECTION('',(-0.4441636120639,-0.875905069722513,-0.188438304367101));
#4827=DIRECTION('',(-0.61405201676487,-0.532153731918684,0.582882943919286));
#4828=DIRECTION('center_axis',(-0.690357212153034,0.263210994410544,-0.673889376715276));
#4829=DIRECTION('ref_axis',(-0.698520398919965,0.,0.715590142674348));
#4830=DIRECTION('',(-0.330755644089772,-0.943252678152445,-0.0295819042828462));
#4831=DIRECTION('center_axis',(-0.77911286683002,0.290619074112839,-0.555449092628392));
#4832=DIRECTION('ref_axis',(-0.580504336821923,0.,0.814257155283845));
#4833=DIRECTION('',(0.207476899618842,-0.716571003802413,-0.665942439430132));
#4834=DIRECTION('center_axis',(0.888249631990317,-0.458006680369909,0.0352487163681591));
#4835=DIRECTION('ref_axis',(0.0396521355753692,0.,-0.999213544816278));
#4836=DIRECTION('',(0.0658056295563214,0.202813534396096,0.97700373048646));
#4837=DIRECTION('center_axis',(-0.941135999207514,0.0394956806826312,-0.335712856773598));
#4838=DIRECTION('ref_axis',(-0.335975004226617,0.,0.941870902265764));
#4839=DIRECTION('',(-0.183411698065183,-0.893907777706801,0.409009821359017));
#4840=DIRECTION('center_axis',(-0.97731440489325,0.210637374202502,0.0221009180177728));
#4841=DIRECTION('ref_axis',(0.0226081483932695,0.,0.999744403148239));
#4842=DIRECTION('',(-0.19027131145295,-0.827373955424877,-0.528440314437277));
#4843=DIRECTION('center_axis',(0.981454569905887,-0.173095060975843,-0.0823712757981827));
#4844=DIRECTION('ref_axis',(-0.0836337165235471,0.,-0.996496563697266));
#4845=DIRECTION('',(-0.109403694015227,-0.152938402512633,-0.982161227483913));
#4846=DIRECTION('',(-0.141625584411139,-0.944332040052249,0.296949813892788));
#4847=DIRECTION('center_axis',(-0.972698268434937,-0.186979559286659,0.137465351971479));
#4848=DIRECTION('ref_axis',(0.139933241982808,0.,0.990160940346659));
#4849=DIRECTION('',(0.126901717605582,-0.924471795099049,-0.359510575832053));
#4850=DIRECTION('center_axis',(0.854899017240765,0.20322629697491,-0.477332947258662));
#4851=DIRECTION('ref_axis',(-0.48750632921631,0.,-0.873119452866582));
#4852=DIRECTION('',(0.494863618599109,-0.0432201115280089,0.867895167025662));
#4853=DIRECTION('',(-0.374365913791053,0.878631988583821,-0.296405113364515));
#4854=DIRECTION('center_axis',(0.896809177203416,0.261797268307988,-0.356644767226729));
#4855=DIRECTION('ref_axis',(-0.369533011184174,0.,-0.929217602957002));
#4856=DIRECTION('center_axis',(0.737762084864363,-0.518533151147475,-0.432238912290019));
#4857=DIRECTION('ref_axis',(-0.505508576466693,0.,-0.86282158011875));
#4858=DIRECTION('',(-0.564832102755263,-0.12350868642545,-0.815910718200544));
#4859=DIRECTION('center_axis',(0.828660416779981,-0.277196097369746,-0.486296449981912));
#4860=DIRECTION('ref_axis',(-0.506129980462145,0.,-0.862457212200923));
#4861=DIRECTION('',(0.158339585301234,-0.717207090130967,0.678632865099019));
#4862=DIRECTION('center_axis',(0.575433411199893,-0.271143296778215,-0.77159425988475));
#4863=DIRECTION('ref_axis',(-0.801623898539708,0.,-0.597828675533384));
#4864=DIRECTION('',(-0.426248862455008,-0.904605940316452,0.));
#4865=DIRECTION('',(0.0576376054437252,-0.927653247407875,0.368967964750785));
#4866=DIRECTION('center_axis',(0.803939026067842,-0.305382596535307,-0.510317070161723));
#4867=DIRECTION('ref_axis',(-0.535918015346735,0.,-0.844270028383584));
#4868=DIRECTION('',(-0.433145504067778,-0.888657106456681,-0.150577287297618));
#4869=DIRECTION('center_axis',(-0.3262220162371,0.153715288758992,0.93271153425051));
#4870=DIRECTION('ref_axis',(0.94392997155094,0.,0.330145738739488));
#4871=DIRECTION('',(0.938309722576775,0.17236927119481,0.29977274536833));
#4872=DIRECTION('center_axis',(0.712247521473724,-0.270071625217622,-0.647892572427598));
#4873=DIRECTION('ref_axis',(-0.672897277434597,0.,-0.739735935331728));
#4874=DIRECTION('',(0.330755644089771,0.943252678152446,-0.0295819042828461));
#4875=DIRECTION('',(-0.666012276962198,-0.551491089092975,-0.502280027063263));
#4876=DIRECTION('center_axis',(0.77911286683002,-0.290619074112839,-0.555449092628392));
#4877=DIRECTION('ref_axis',(-0.580504336821923,0.,-0.814257155283845));
#4878=DIRECTION('',(-0.207476899618842,0.716571003802414,-0.665942439430131));
#4879=DIRECTION('center_axis',(-0.900394542212324,-0.268829592382177,0.342082327245784));
#4880=DIRECTION('ref_axis',(0.355156433080587,0.,0.934806882752515));
#4881=DIRECTION('',(0.337668084318576,0.064018651221761,0.939085660165445));
#4882=DIRECTION('',(-0.359602872541092,0.902418037080397,-0.23733406921923));
#4883=DIRECTION('center_axis',(0.941135999207514,-0.0394956806826312,-0.335712856773598));
#4884=DIRECTION('ref_axis',(-0.335975004226617,0.,-0.941870902265764));
#4885=DIRECTION('',(0.183411698065185,0.893907777706801,0.409009821359017));
#4886=DIRECTION('center_axis',(-0.933051452490988,-0.345020163922226,0.101863013363723));
#4887=DIRECTION('ref_axis',(0.108527089678142,0.,0.994093491984528));
#4888=DIRECTION('',(-0.232040367852024,0.793581632315833,0.562481520174695));
#4889=DIRECTION('center_axis',(0.760412584078373,0.595815315196998,0.258412097534061));
#4890=DIRECTION('ref_axis',(0.321759664337036,0.,-0.946821376187567));
#4891=DIRECTION('',(-0.394308346338686,0.107397726197352,0.912681026654597));
#4892=DIRECTION('center_axis',(0.972698268434937,0.186979559286659,0.137465351971479));
#4893=DIRECTION('ref_axis',(0.139933241982808,0.,-0.990160940346659));
#4894=DIRECTION('',(-0.126901717605555,0.924471795099048,-0.359510575832065));
#4895=DIRECTION('',(-0.109403694015229,-0.152938402512634,0.982161227483913));
#4896=DIRECTION('center_axis',(0.623306480788948,0.24230670097267,0.743489403872199));
#4897=DIRECTION('ref_axis',(0.766326151186174,0.,-0.642451733601976));
#4898=DIRECTION('',(-0.101438378313617,0.967801602940503,-0.230369947586259));
#4899=DIRECTION('',(-0.510802588520299,0.846064764892906,0.152496325095635));
#4900=DIRECTION('center_axis',(-0.828660416779981,0.277196097369746,-0.486296449981912));
#4901=DIRECTION('ref_axis',(-0.506129980462145,0.,0.862457212200923));
#4902=DIRECTION('',(0.49486361859911,-0.0432201115280089,-0.867895167025662));
#4903=DIRECTION('',(-0.158339585301236,0.717207090130967,0.678632865099019));
#4904=DIRECTION('center_axis',(-0.896809177203416,-0.261797268307988,-0.356644767226729));
#4905=DIRECTION('ref_axis',(-0.369533011184174,0.,0.929217602957002));
#4906=DIRECTION('',(-0.374365913791051,0.878631988583823,0.296405113364509));
#4907=DIRECTION('center_axis',(-0.854899017240765,-0.20322629697491,-0.477332947258662));
#4908=DIRECTION('ref_axis',(-0.48750632921631,0.,0.873119452866582));
#4909=DIRECTION('center_axis',(0.664004406574625,0.275602358491563,0.695083799295716));
#4910=DIRECTION('ref_axis',(0.723087735954992,0.,-0.690756198749953));
#4911=DIRECTION('',(0.746828024626723,-0.198835918139618,-0.634596075696755));
#4912=DIRECTION('center_axis',(-0.803939026067842,0.305382596535307,-0.510317070161723));
#4913=DIRECTION('ref_axis',(-0.535918015346735,0.,0.844270028383584));
#4914=DIRECTION('',(0.433145504067779,0.888657106456681,-0.150577287297619));
#4915=DIRECTION('center_axis',(-0.612125717526967,0.167407450711437,-0.772836885369994));
#4916=DIRECTION('ref_axis',(-0.783899434444448,0.,0.620887813278434));
#4917=DIRECTION('',(-0.18057034394181,0.921919824408348,0.342721735890236));
#4918=DIRECTION('center_axis',(-0.603530595850917,0.171280127687027,-0.778725842470476));
#4919=DIRECTION('ref_axis',(-0.790406172635513,0.,0.612583122734931));
#4920=DIRECTION('',(0.207698842939474,0.976709184655348,0.0538549835343926));
#4921=DIRECTION('center_axis',(-0.20738614663497,-0.164939328557617,-0.964254117999431));
#4922=DIRECTION('ref_axis',(-0.977644211916926,0.,0.210266009866865));
#4923=DIRECTION('',(0.976903537435043,0.0169555201920769,-0.213007016039181));
#4924=DIRECTION('center_axis',(0.468548854619089,-0.147664471611419,0.871009285058926));
#4925=DIRECTION('ref_axis',(0.880663546986163,0.,-0.473742247440261));
#4926=DIRECTION('',(0.742824069404754,0.599530013809047,-0.297953292405179));
#4927=DIRECTION('center_axis',(0.313240216481178,-0.0564701881933532,-0.947993504526393));
#4928=DIRECTION('ref_axis',(-0.949508648988377,0.,-0.313740857231358));
#4929=DIRECTION('',(-0.32772137409633,-0.943337098431809,-0.0520943344584421));
#4930=DIRECTION('',(-0.870891138987977,0.381003418947277,-0.310459367361834));
#4931=DIRECTION('center_axis',(-0.204102659031371,-0.22106416797082,-0.953662801107233));
#4932=DIRECTION('ref_axis',(-0.977855669253402,0.,0.209280410237034));
#4933=DIRECTION('',(-0.813102131705298,0.580786811351583,0.0393903944682012));
#4934=DIRECTION('center_axis',(-0.00719794601866745,0.05763085192766,-0.998312012588852));
#4935=DIRECTION('ref_axis',(-0.999974008122675,0.,0.00720992920026285));
#4936=DIRECTION('center_axis',(-0.691119758101027,-0.19030699124833,0.697235060108416));
#4937=DIRECTION('ref_axis',(0.7102144927672,0.,0.703985350886955));
#4938=DIRECTION('',(0.702924546692727,0.0473596907311331,0.709685945577814));
#4939=DIRECTION('',(0.125149799427161,-0.981649039595989,-0.143884296445489));
#4940=DIRECTION('center_axis',(-0.400064017680115,-0.182642633870555,0.898103808059219));
#4941=DIRECTION('ref_axis',(0.913468933468045,0.,0.406908475690484));
#4942=DIRECTION('center_axis',(0.97731440489325,-0.210637374202502,0.0221009180177728));
#4943=DIRECTION('ref_axis',(0.0226081483932695,0.,-0.999744403148239));
#4944=DIRECTION('',(0.190271311452951,0.827373955424877,-0.528440314437277));
#4945=DIRECTION('center_axis',(-0.981454569905887,0.173095060975843,-0.0823712757981827));
#4946=DIRECTION('ref_axis',(-0.0836337165235471,0.,0.996496563697266));
#4947=DIRECTION('center_axis',(0.69958203372299,-0.226133990708066,-0.677826228718283));
#4948=DIRECTION('ref_axis',(-0.695851420680329,0.,-0.718185770074267));
#4949=DIRECTION('center_axis',(-0.181931255751215,0.212655913606939,-0.960040874436492));
#4950=DIRECTION('ref_axis',(-0.982513766892515,0.,0.186189951035711));
#4951=DIRECTION('',(0.920358175998854,0.380552089125734,-0.0901162323563441));
#4952=DIRECTION('',(0.0466690682150793,-0.973367055538935,-0.224451716998109));
#4953=DIRECTION('center_axis',(-0.374961223244755,0.191195384091454,-0.907109919560424));
#4954=DIRECTION('ref_axis',(-0.924158802851055,0.,0.38200851706854));
#4955=DIRECTION('center_axis',(-0.269537850987586,-0.298827828610812,-0.915451405445827));
#4956=DIRECTION('ref_axis',(-0.95928392639004,0.,0.282443531647848));
#4957=DIRECTION('center_axis',(0.634108260594308,-0.0639527556186712,-0.770595068044716));
#4958=DIRECTION('ref_axis',(-0.772175768001378,0.,-0.63540898900746));
#4959=DIRECTION('center_axis',(0.049566259867274,0.115063029269354,0.992120801706188));
#4960=DIRECTION('ref_axis',(0.99875433539556,0.,-0.0498976705726239));
#4961=DIRECTION('center_axis',(0.972698268434937,0.186979559286659,0.137465351971479));
#4962=DIRECTION('ref_axis',(0.139933241982808,0.,-0.990160940346659));
#4963=DIRECTION('',(-0.109403694015228,-0.152938402512634,0.982161227483913));
#4964=DIRECTION('',(0.21168914428497,-0.957611879478825,-0.195364260991948));
#4965=DIRECTION('',(-0.232040367852024,0.793581632315833,0.562481520174695));
#4966=DIRECTION('',(-0.126901717605555,0.924471795099048,-0.359510575832065));
#4967=DIRECTION('',(0.226036103881295,-0.629077002242361,-0.743753860488757));
#4968=DIRECTION('center_axis',(-0.828660416779981,0.277196097369746,-0.486296449981912));
#4969=DIRECTION('ref_axis',(-0.506129980462145,0.,0.862457212200923));
#4970=DIRECTION('',(-0.421711996507103,0.262116485073496,0.868017246519163));
#4971=DIRECTION('',(0.49486361859911,-0.0432201115280088,-0.867895167025662));
#4972=DIRECTION('',(-0.158339585301235,0.717207090130968,0.678632865099018));
#4973=DIRECTION('center_axis',(0.15714936252602,0.632348555334525,-0.758577209270094));
#4974=DIRECTION('ref_axis',(-0.97920856283741,0.,-0.202856083137516));
#4975=DIRECTION('',(-0.354049211339703,-0.680989050070573,-0.641017214771736));
#4976=DIRECTION('',(-0.67050840872544,-0.495628976103738,-0.552060134292306));
#4977=DIRECTION('',(-0.892616368363998,0.419593626322395,0.164855111168231));
#4978=DIRECTION('',(0.758743009263706,-0.568984582378739,-0.317120782839517));
#4979=DIRECTION('',(-0.974969327252101,-0.0229956868048573,-0.221147030967993));
#4980=DIRECTION('',(-0.384827740158669,0.746614806656538,0.542654531802317));
#4981=DIRECTION('center_axis',(-0.415648431166222,-0.499424205510163,0.760139358683393));
#4982=DIRECTION('ref_axis',(0.877396785029879,0.,0.479765444378013));
#4983=DIRECTION('',(-0.887966981520512,0.0419384015124428,-0.457991059091694));
#4984=DIRECTION('',(-0.663418625428823,0.738194958098979,0.12224537321051));
#4985=DIRECTION('center_axis',(-0.633708052035019,-0.641184099405056,0.432778298273042));
#4986=DIRECTION('ref_axis',(0.563963483565687,0.,0.825799727055207));
#4987=DIRECTION('',(-0.697364284308322,0.231373867505877,-0.678342972548927));
#4988=DIRECTION('',(-0.349007153813107,-0.262304167001378,-0.899661342151027));
#4989=DIRECTION('',(0.734295863782475,-0.322587841362171,0.59728273793677));
#4990=DIRECTION('',(-0.752136429994382,0.641489718926718,-0.150936182496531));
#4991=DIRECTION('',(0.0152542447635241,-0.56970309223785,-0.821709008537284));
#4992=DIRECTION('center_axis',(0.524041357843432,-0.85165796462186,0.00770497019872415));
#4993=DIRECTION('ref_axis',(0.0147013921653826,0.,-0.999891928694496));
#4994=DIRECTION('',(-0.0147013921653818,0.,0.999891928694496));
#4995=DIRECTION('',(-0.851683245751785,-0.524056913803934,0.));
#4996=DIRECTION('',(-0.186306062777141,-0.123455841414992,-0.974704419910465));
#4997=DIRECTION('center_axis',(0.359479453885031,-0.738431142508799,-0.570520788409738));
#4998=DIRECTION('ref_axis',(-0.846057168025999,0.,-0.533092176299584));
#4999=DIRECTION('',(0.846057168025999,0.,0.533092176299584));
#5000=DIRECTION('',(-0.361366277910873,-0.673846270345139,0.644473131426584));
#5001=DIRECTION('',(-0.052267178849615,0.594497237474281,-0.802397143969587));
#5002=DIRECTION('',(-0.342015072896694,0.464583510945194,-0.816815677658862));
#5003=DIRECTION('',(0.6264720058708,-0.262149771915653,0.734037003798029));
#5004=DIRECTION('',(0.781490521117831,-0.0958786690565292,0.616506160733961));
#5005=DIRECTION('',(-0.91894804795858,-0.386408047168727,-0.0788879346691661));
#5006=DIRECTION('',(0.773532611159091,0.5777761369097,-0.260426640517252));
#5007=DIRECTION('',(-0.411059945612008,-0.67418474883553,0.613599743767079));
#5008=DIRECTION('',(-0.131932254599342,-0.64546776449705,0.752306616474636));
#5009=DIRECTION('center_axis',(0.248223762804779,0.713247554264256,0.65548675800133));
#5010=DIRECTION('ref_axis',(0.935190953317704,0.,-0.35414387024587));
#5011=DIRECTION('',(-0.662095462611351,0.618857493687278,-0.422664170348709));
#5012=DIRECTION('',(-0.935190953317704,0.,0.35414387024587));
#5013=DIRECTION('',(-0.958300019428166,0.279702556216674,0.0585453056174039));
#5014=DIRECTION('',(0.932729351953753,0.00671166358884355,-0.360514784129309));
#5015=DIRECTION('center_axis',(-0.684583873867182,-0.727019865561,0.0527923736979839));
#5016=DIRECTION('ref_axis',(0.0768877232990608,0.,0.99703975748507));
#5017=DIRECTION('',(-0.0768877232990606,0.,-0.99703975748507));
#5018=DIRECTION('',(-0.405485520279477,0.439999121273859,0.801237958487935));
#5019=DIRECTION('',(-0.722433366551791,0.686347755871499,0.0837662754502235));
#5020=DIRECTION('center_axis',(-0.609528446762391,-0.689355150779256,0.391490164220682));
#5021=DIRECTION('ref_axis',(0.540416122033796,0.,0.841397893416636));
#5022=DIRECTION('',(-0.540416122033796,0.,-0.841397893416636));
#5023=DIRECTION('',(-0.263003838371919,-0.290024147366424,-0.92017116611314));
#5024=DIRECTION('',(-0.386172451397275,-0.173093465179278,-0.906040556539302));
#5025=DIRECTION('',(0.132125452888997,-0.575257960886879,-0.807230539025344));
#5026=DIRECTION('',(0.0404410596073414,-0.520224112817459,-0.853071739738882));
#5027=DIRECTION('',(-0.154661646154991,-0.380937723699461,-0.911573489012982));
#5028=DIRECTION('center_axis',(-0.33972419556309,-0.845905254742162,0.411134735760201));
#5029=DIRECTION('ref_axis',(0.770877825281643,0.,0.636983028415235));
#5030=DIRECTION('',(-0.770877825281643,0.,-0.636983028415235));
#5031=DIRECTION('',(-0.370439186399864,0.522143085163395,0.768206617906575));
#5032=DIRECTION('center_axis',(0.136365160836016,0.848655293165075,-0.511066273875579));
#5033=DIRECTION('ref_axis',(-0.966196888452299,0.,-0.257805300071772));
#5034=DIRECTION('',(-0.906157904288008,0.315337630737465,0.281851079716308));
#5035=DIRECTION('',(0.966196888452299,0.,0.25780530007177));
#5036=DIRECTION('center_axis',(0.10886953323143,0.817865058398978,-0.565016965217865));
#5037=DIRECTION('ref_axis',(-0.981937919981057,0.,-0.189203386077722));
#5038=DIRECTION('',(-0.453807084337431,0.546600676737433,0.703766175938671));
#5039=DIRECTION('',(0.211506520092816,-0.574438944963448,-0.790749575066284));
#5040=DIRECTION('',(0.981937919981057,0.,0.189203386077722));
#5041=DIRECTION('center_axis',(0.39488145816519,-0.689856906022934,0.606766910114418));
#5042=DIRECTION('ref_axis',(0.838138644999946,0.,-0.545457250165083));
#5043=DIRECTION('',(-0.838138644999946,0.,0.545457250165083));
#5044=DIRECTION('',(-0.907375341121644,-0.189320737416172,0.375270101005365));
#5045=DIRECTION('',(0.789270044306211,-0.0833071469622647,-0.608368898305855));
#5046=DIRECTION('',(-0.807134323054992,-0.575974278194246,-0.129567802347564));
#5047=DIRECTION('center_axis',(-0.496941385262758,0.781324919861486,-0.377598502667283));
#5048=DIRECTION('ref_axis',(-0.605005112409934,0.,0.796221585965768));
#5049=DIRECTION('',(-0.831182792958025,-0.303518756691132,0.46584496243618));
#5050=DIRECTION('',(-0.716992391879039,-0.124561244492557,0.685861798293242));
#5051=DIRECTION('',(-0.503221406083201,-0.613958310324069,-0.608131079327195));
#5052=DIRECTION('',(0.605005112409934,0.,-0.796221585965768));
#5053=DIRECTION('center_axis',(-0.397505552899797,-0.768118053163125,-0.50198007113701));
#5054=DIRECTION('ref_axis',(-0.783966269820861,0.,0.620803421207684));
#5055=DIRECTION('',(0.783966269820861,0.,-0.620803421207684));
#5056=DIRECTION('',(-0.699144779402165,-0.100777131618744,0.707842176743797));
#5057=DIRECTION('',(-0.761260601768354,-0.0293801223073975,0.647780136009499));
#5058=DIRECTION('',(-0.198822831448855,-0.461962223470474,0.864326550431535));
#5059=DIRECTION('center_axis',(-0.217521843747612,-0.581114417091468,-0.784213160907851));
#5060=DIRECTION('ref_axis',(-0.963617704201397,0.,0.267284343255696));
#5061=DIRECTION('',(-0.142279811716879,0.813747478469481,-0.563534822759313));
#5062=DIRECTION('',(0.975662178480397,-0.106648257735464,-0.191597136212615));
#5063=DIRECTION('',(-0.851392425877094,-0.279929607985061,0.443588042819515));
#5064=DIRECTION('center_axis',(-0.131870205228539,0.548668381468879,0.82557450066563));
#5065=DIRECTION('ref_axis',(0.987481970364933,0.,0.157731918786875));
#5066=DIRECTION('',(-0.982482289700849,0.0382893597589541,-0.182380030029129));
#5067=DIRECTION('',(-0.76792730811536,-0.583186362602977,0.264917564394296));
#5068=DIRECTION('',(-0.729851145672986,-0.617309415857567,0.293677357406762));
#5069=DIRECTION('center_axis',(-0.00731873023024332,0.479359811063709,-0.87758794871214));
#5070=DIRECTION('ref_axis',(-0.999965227370869,0.,0.00833930747281931));
#5071=DIRECTION('',(-0.368583979707559,-0.817112479245681,-0.443252801642488));
#5072=DIRECTION('',(-0.999883468771904,-0.0152659384469106,0.));
#5073=DIRECTION('',(0.12096918558252,-0.870741739226198,-0.476629079797738));
#5074=DIRECTION('center_axis',(-0.445455721713496,-0.32610444256425,0.833801590627272));
#5075=DIRECTION('ref_axis',(0.882018222230242,0.,0.471215296498112));
#5076=DIRECTION('',(-0.526997435803866,-0.657368301953144,-0.538647025651669));
#5077=DIRECTION('',(-0.712980713451023,-0.43406926265399,-0.550674475044823));
#5078=DIRECTION('',(-0.527908725013931,0.847853476000649,0.0495667356982726));
#5079=DIRECTION('',(0.0182934377435127,-0.934426404925868,-0.355686159293332));
#5080=DIRECTION('center_axis',(-0.412644988158476,0.571087271513326,-0.70963613356646));
#5081=DIRECTION('ref_axis',(-0.864472333318643,0.,0.502680400380421));
#5082=DIRECTION('',(-0.712520677870601,0.282982443012009,0.642055465325056));
#5083=DIRECTION('center_axis',(-0.482098455163677,0.783493483723684,-0.392070198422836));
#5084=DIRECTION('ref_axis',(-0.630946568931734,0.,0.775826286711963));
#5085=DIRECTION('',(-0.713174475594365,-0.091016573948797,0.695052624358276));
#5086=DIRECTION('',(-0.562792806500384,0.0660216148898865,0.823957161094406));
#5087=DIRECTION('',(-0.274880874594815,0.289645532186495,0.916812941916939));
#5088=DIRECTION('',(0.630946568931734,0.,-0.775826286711963));
#5089=DIRECTION('center_axis',(0.815296049373685,-0.573027590158076,-0.0832570284918295));
#5090=DIRECTION('ref_axis',(-0.101590437400851,0.,-0.99482630796974));
#5091=DIRECTION('',(0.101590437400851,0.,0.99482630796974));
#5092=DIRECTION('',(-0.575024012241715,-0.8181365322154,-1.98359031584177E-16));
#5093=DIRECTION('center_axis',(0.467600565948714,-0.728949720964424,-0.49998201470686));
#5094=DIRECTION('ref_axis',(-0.730362171076002,0.,-0.68306009915757));
#5095=DIRECTION('',(0.730362171076002,0.,0.68306009915757));
#5096=DIRECTION('',(0.162411559664395,-0.485148815736557,0.859216568669852));
#5097=DIRECTION('center_axis',(-0.34984583717957,0.706369360172404,0.615345607945449));
#5098=DIRECTION('ref_axis',(0.869324455688155,0.,0.494241834269918));
#5099=DIRECTION('',(-0.76063087276962,0.169251446593383,-0.626733295123032));
#5100=DIRECTION('',(-0.903506224132558,-0.427990478580788,-0.0223752809572554));
#5101=DIRECTION('center_axis',(-0.846942864989878,-0.322617274931671,0.422617885753077));
#5102=DIRECTION('ref_axis',(0.446492038399537,0.,0.894787605885233));
#5103=DIRECTION('',(-0.0294303949495263,0.822094758130659,0.568589536051455));
#5104=DIRECTION('',(0.526988352793836,-0.403966755989676,0.747725976594913));
#5105=DIRECTION('',(0.511060091285274,-0.713214127320877,0.479732416754806));
#5106=DIRECTION('',(-0.467499871833892,0.830469684324172,-0.302925689326284));
#5107=DIRECTION('center_axis',(-0.761431024430909,-0.647563781575023,-0.0297311928175129));
#5108=DIRECTION('ref_axis',(-0.0390167372511454,0.,0.999238557209576));
#5109=DIRECTION('',(0.0390167372511446,0.,-0.999238557209576));
#5110=DIRECTION('',(-0.642581320640348,0.747933140827113,0.166388891506003));
#5111=DIRECTION('',(-0.44172426362074,0.484736448195635,0.754924003274101));
#5112=DIRECTION('',(-0.208591892428707,0.288179416360292,-0.934581214448082));
#5113=DIRECTION('',(0.435025006816372,-0.54444648428814,0.717168926537325));
#5114=DIRECTION('center_axis',(0.,1.,0.));
#5115=DIRECTION('ref_axis',(0.,0.,1.));
#5116=DIRECTION('',(0.505508576466694,0.,0.86282158011875));
#5117=DIRECTION('',(0.643286054016947,0.,-0.765625922175644));
#5118=DIRECTION('',(-0.321759664337036,0.,0.946821376187567));
#5119=DIRECTION('center_axis',(0.,1.,0.));
#5120=DIRECTION('ref_axis',(0.,0.,1.));
#5121=DIRECTION('',(-0.707106781186547,0.,-0.707106781186548));
#5122=DIRECTION('center_axis',(0.,1.,0.));
#5123=DIRECTION('ref_axis',(0.,0.,1.));
#5124=DIRECTION('',(0.707106781186548,0.,0.707106781186548));
#5125=DIRECTION('center_axis',(-0.576459074596908,-0.658106067413564,-0.484346301057755));
#5126=DIRECTION('ref_axis',(-0.643286054016947,0.,0.765625922175644));
#5127=DIRECTION('',(-0.779668412315159,0.265584667131199,0.567081961821014));
#5128=DIRECTION('',(-0.402288059108215,0.74450455758266,-0.53280135251104));
#5129=DIRECTION('center_axis',(-0.333548364602968,-0.363743933496023,-0.869733200076625));
#5130=DIRECTION('ref_axis',(-0.9336920578522,0.,0.358077004433019));
#5131=DIRECTION('',(-0.823647765597926,0.561267234308924,0.0811384613901113));
#5132=DIRECTION('',(0.737190627514209,0.474411139370401,-0.481127893128723));
#5133=DIRECTION('',(0.0348443376194418,0.917178664970942,-0.396949831411959));
#5134=DIRECTION('center_axis',(0.163230351938967,-0.295373435604214,-0.941334364476961));
#5135=DIRECTION('ref_axis',(-0.98529644090787,0.,-0.170853514843226));
#5136=DIRECTION('',(-0.335738656378384,-0.91381510602359,0.228520254280297));
#5137=DIRECTION('center_axis',(-0.243002430608859,-0.206709933267404,0.947745125129521));
#5138=DIRECTION('ref_axis',(0.968666113543976,0.,0.248366584853132));
#5139=DIRECTION('',(0.96311412321872,0.0650103516688863,0.261122269890035));
#5140=DIRECTION('',(-0.501483474283557,-0.809565436219866,-0.305152633117645));
#5141=DIRECTION('',(-0.447924702812588,-0.842716594915131,-0.298650634127742));
#5142=DIRECTION('center_axis',(-0.00542992702929815,0.355647593635586,-0.934604357486992));
#5143=DIRECTION('ref_axis',(-0.999983123149881,0.,0.00580976896345049));
#5144=DIRECTION('',(0.766559370303167,0.601654716206201,0.224495733294082));
#5145=DIRECTION('',(-0.995294025514175,0.0885023507016838,0.0394605714107644));
#5146=DIRECTION('',(0.62836448662115,-0.725836777077417,-0.279855400153736));
#5147=DIRECTION('',(0.362526858135326,-0.870337116938705,-0.333298034811715));
#5148=DIRECTION('',(0.0860420946779151,0.931318168639924,0.353897197932698));
#5149=DIRECTION('center_axis',(0.259724224111246,0.0292496157062485,-0.965239756428862));
#5150=DIRECTION('ref_axis',(-0.965652922177404,0.,-0.259835397685226));
#5151=DIRECTION('',(0.415299096745303,-0.905770476027963,0.0843000889596989));
#5152=DIRECTION('',(-0.199726860362313,-0.976302115774209,-0.0833268263203104));
#5153=DIRECTION('',(0.655302312904258,0.728842306799469,0.198413130920203));
#5154=DIRECTION('center_axis',(0.388276579285136,-0.0996999709426556,-0.916133840534595));
#5155=DIRECTION('ref_axis',(-0.920721292508912,0.,-0.390220836861282));
#5156=DIRECTION('',(-0.0640163479936555,0.988810834834949,-0.134740640129722));
#5157=DIRECTION('center_axis',(-0.652561199503209,-0.093045758723701,0.752001574257969));
#5158=DIRECTION('ref_axis',(0.755278096357759,0.,0.65540445311441));
#5159=DIRECTION('',(-0.755011170380529,0.163931412432722,-0.634889458581915));
#5160=DIRECTION('center_axis',(0.395062195881752,0.322468006489975,0.860197794798074));
#5161=DIRECTION('ref_axis',(0.908742488074345,0.,-0.417357269456815));
#5162=DIRECTION('',(0.274811833688424,-0.934972668018851,0.22428679435606));
#5163=DIRECTION('',(-0.692225373208541,-0.511095129911343,0.509515260681369));
#5164=DIRECTION('',(0.833403612542597,0.268121969984539,-0.483269104963847));
#5165=DIRECTION('',(-0.916335342782742,0.0718342842278561,0.393915441658112));
#5166=DIRECTION('center_axis',(0.551233988975322,-0.34039190040747,0.761757470285225));
#5167=DIRECTION('ref_axis',(0.810135819392055,0.,-0.5862422316227));
#5168=DIRECTION('',(0.810135819392052,0.,-0.586242231622705));
#5169=DIRECTION('center_axis',(0.551233988975322,-0.34039190040747,0.761757470285225));
#5170=DIRECTION('ref_axis',(-0.199552107321167,-0.940283656210716,-0.275763671151024));
#5171=DIRECTION('',(-0.603463537713775,-0.793134741365223,0.0822741799685427));
#5172=DIRECTION('',(0.159579611797445,-0.853127003564594,-0.496697758488473));
#5173=DIRECTION('',(-0.603463537713775,-0.793134741365223,0.0822741799685419));
#5174=DIRECTION('center_axis',(-0.678977930004289,-0.117900887336863,-0.724629802956152));
#5175=DIRECTION('ref_axis',(-0.729719326992089,0.,0.683746812653787));
#5176=DIRECTION('',(-0.715786628891925,-0.113116891170146,0.689096561326158));
#5177=DIRECTION('',(0.230106116635124,0.903110566724529,-0.362549968083853));
#5178=DIRECTION('center_axis',(0.785741837536668,-0.481876604653754,0.387820451538943));
#5179=DIRECTION('ref_axis',(0.442596612290797,0.,-0.896720825446086));
#5180=DIRECTION('',(-0.61405201676487,-0.532153731918684,0.582882943919286));
#5181=DIRECTION('center_axis',(-0.690357212153034,0.263210994410544,-0.673889376715276));
#5182=DIRECTION('ref_axis',(-0.698520398919965,0.,0.715590142674348));
#5183=DIRECTION('',(0.188351193043699,0.964738292191936,0.183858248815774));
#5184=DIRECTION('',(0.698520398919965,0.,-0.715590142674348));
#5185=DIRECTION('',(-0.330755644089772,-0.943252678152445,-0.0295819042828459));
#5186=DIRECTION('',(-0.641577117230717,-0.653203834520936,0.402123803340547));
#5187=DIRECTION('center_axis',(-0.77911286683002,0.290619074112839,-0.555449092628392));
#5188=DIRECTION('ref_axis',(-0.580504336821923,0.,0.814257155283845));
#5189=DIRECTION('',(-0.210240360962749,-0.955866925282623,-0.205225270795282));
#5190=DIRECTION('',(0.207476899618842,-0.716571003802413,-0.665942439430132));
#5191=DIRECTION('',(-0.210649579447643,-0.955896574922913,-0.204666784626073));
#5192=DIRECTION('',(0.580504336821925,0.,-0.814257155283843));
#5193=DIRECTION('center_axis',(-0.941135999207514,0.0394956806826312,-0.335712856773598));
#5194=DIRECTION('ref_axis',(-0.335975004226617,0.,0.941870902265764));
#5195=DIRECTION('',(-0.183411698065183,-0.893907777706801,0.409009821359017));
#5196=DIRECTION('center_axis',(-0.97731440489325,0.210637374202502,0.0221009180177728));
#5197=DIRECTION('ref_axis',(0.0226081483932695,0.,0.999744403148239));
#5198=DIRECTION('',(-0.190271311452951,-0.827373955424877,-0.528440314437277));
#5199=DIRECTION('',(-0.198277544531093,-0.946630539065003,0.254119337800615));
#5200=DIRECTION('center_axis',(0.981454569905887,-0.173095060975843,-0.0823712757981827));
#5201=DIRECTION('ref_axis',(-0.0836337165235471,0.,-0.996496563697266));
#5202=DIRECTION('',(0.0836337165235472,-2.40426749758522E-16,0.996496563697266));
#5203=DIRECTION('',(-0.172488633455396,-0.984905122265982,0.0144765832612796));
#5204=DIRECTION('',(0.0836337165235469,0.,0.996496563697266));
#5205=DIRECTION('',(-0.141625584411138,-0.944332040052249,0.296949813892788));
#5206=DIRECTION('',(-0.135104394922113,-0.929438469723792,0.343352491574222));
#5207=DIRECTION('',(-0.109403694015251,-0.152938402512633,-0.98216122748391));
#5208=DIRECTION('center_axis',(-0.972698268434937,-0.186979559286659,0.137465351971479));
#5209=DIRECTION('ref_axis',(0.139933241982808,0.,0.990160940346659));
#5210=DIRECTION('center_axis',(0.737762084864363,-0.518533151147475,-0.432238912290019));
#5211=DIRECTION('ref_axis',(-0.505508576466693,0.,-0.86282158011875));
#5212=DIRECTION('',(-0.564832102755263,-0.12350868642545,-0.815910718200544));
#5213=DIRECTION('center_axis',(0.828660416779981,-0.277196097369746,-0.486296449981912));
#5214=DIRECTION('ref_axis',(-0.506129980462145,0.,-0.862457212200923));
#5215=DIRECTION('',(0.506129980462147,0.,0.862457212200922));
#5216=DIRECTION('',(0.303647474765806,0.952443569917834,-0.0254844499748517));
#5217=DIRECTION('',(0.158339585301235,-0.717207090130967,0.67863286509902));
#5218=DIRECTION('center_axis',(0.575433411199893,-0.271143296778215,-0.77159425988475));
#5219=DIRECTION('ref_axis',(-0.801623898539708,0.,-0.597828675533384));
#5220=DIRECTION('',(0.0576376054437253,-0.927653247407875,0.368967964750785));
#5221=DIRECTION('center_axis',(0.803939026067842,-0.305382596535307,-0.510317070161723));
#5222=DIRECTION('ref_axis',(-0.535918015346735,0.,-0.844270028383584));
#5223=DIRECTION('',(-0.223520364359723,-0.950334888835738,0.216569263234796));
#5224=DIRECTION('',(-0.535918015346735,0.,-0.844270028383584));
#5225=DIRECTION('',(-0.433145504067779,-0.888657106456681,-0.150577287297618));
#5226=DIRECTION('center_axis',(0.712247521473724,-0.270071625217622,-0.647892572427598));
#5227=DIRECTION('ref_axis',(-0.672897277434597,0.,-0.739735935331728));
#5228=DIRECTION('',(-0.666012276962198,-0.551491089092977,-0.502280027063261));
#5229=DIRECTION('',(0.435073087167996,-0.55447071165517,0.709417816761546));
#5230=DIRECTION('',(0.330755644089772,0.943252678152445,-0.0295819042828452));
#5231=DIRECTION('center_axis',(0.77911286683002,-0.290619074112839,-0.555449092628392));
#5232=DIRECTION('ref_axis',(-0.580504336821923,0.,-0.814257155283845));
#5233=DIRECTION('',(-0.42759077083131,0.401574314948605,-0.809879128187314));
#5234=DIRECTION('',(-0.207476899618841,0.716571003802412,-0.665942439430133));
#5235=DIRECTION('center_axis',(-0.900394542212324,-0.268829592382177,0.342082327245784));
#5236=DIRECTION('ref_axis',(0.355156433080587,0.,0.934806882752515));
#5237=DIRECTION('',(0.337668084318575,0.0640186512217612,0.939085660165445));
#5238=DIRECTION('',(-0.359602872541092,0.902418037080397,-0.237334069219229));
#5239=DIRECTION('',(-0.0630607721606786,-0.697320472927769,-0.713980039672183));
#5240=DIRECTION('',(0.114313065892626,0.612460063165994,0.782192555572434));
#5241=DIRECTION('center_axis',(0.941135999207514,-0.0394956806826312,-0.335712856773598));
#5242=DIRECTION('ref_axis',(-0.335975004226617,0.,-0.941870902265764));
#5243=DIRECTION('',(0.183411698065183,0.893907777706801,0.409009821359017));
#5244=DIRECTION('center_axis',(-0.933051452490988,-0.345020163922226,0.101863013363723));
#5245=DIRECTION('ref_axis',(0.108527089678142,0.,0.994093491984528));
#5246=DIRECTION('',(0.329437248488333,-0.933232076304883,-0.143349192757102));
#5247=DIRECTION('',(-0.249458552554722,0.416513133909938,-0.874235231409616));
#5248=DIRECTION('',(-0.347231381748549,0.937769752173925,-0.00427310620617984));
#5249=DIRECTION('',(-0.091205677952494,-0.047028232025616,-0.994721000935323));
#5250=DIRECTION('center_axis',(0.760412584078373,0.595815315196998,0.258412097534061));
#5251=DIRECTION('ref_axis',(0.321759664337036,0.,-0.946821376187567));
#5252=DIRECTION('',(-0.649329805673206,0.690166272993388,0.319439069443317));
#5253=DIRECTION('',(-0.394308346338687,0.107397726197352,0.912681026654597));
#5254=DIRECTION('center_axis',(0.623306480788948,0.24230670097267,0.743489403872199));
#5255=DIRECTION('ref_axis',(0.766326151186174,0.,-0.642451733601976));
#5256=DIRECTION('',(-0.101438378313617,0.967801602940503,-0.230369947586259));
#5257=DIRECTION('',(0.234944004775548,-0.964881647367907,0.117493494256582));
#5258=DIRECTION('',(-0.510802588520298,0.846064764892907,0.152496325095634));
#5259=DIRECTION('',(-0.59319607443443,-0.472991645743579,0.651457842329312));
#5260=DIRECTION('center_axis',(-0.896809177203416,-0.261797268307988,-0.356644767226729));
#5261=DIRECTION('ref_axis',(-0.369533011184174,0.,0.929217602957002));
#5262=DIRECTION('',(-0.374365913791051,0.878631988583823,0.296405113364509));
#5263=DIRECTION('center_axis',(-0.854899017240765,-0.20322629697491,-0.477332947258662));
#5264=DIRECTION('ref_axis',(-0.48750632921631,0.,0.873119452866582));
#5265=DIRECTION('',(0.503860625406803,-0.106078097093557,-0.857246701645259));
#5266=DIRECTION('center_axis',(0.664004406574625,0.275602358491563,0.695083799295716));
#5267=DIRECTION('ref_axis',(0.723087735954992,0.,-0.690756198749953));
#5268=DIRECTION('',(0.746828024626723,-0.198835918139618,-0.634596075696755));
#5269=DIRECTION('',(0.593995031443284,0.370208037009742,-0.714223992844041));
#5270=DIRECTION('center_axis',(-0.803939026067842,0.305382596535307,-0.510317070161723));
#5271=DIRECTION('ref_axis',(-0.535918015346735,0.,0.844270028383584));
#5272=DIRECTION('',(0.433145504067776,0.888657106456682,-0.15057728729762));
#5273=DIRECTION('center_axis',(-0.612125717526967,0.167407450711437,-0.772836885369994));
#5274=DIRECTION('ref_axis',(-0.783899434444448,0.,0.620887813278434));
#5275=DIRECTION('',(-0.539501841998983,-0.802954345516341,0.253381296658079));
#5276=DIRECTION('',(-0.180570343941809,0.921919824408348,0.342721735890237));
#5277=DIRECTION('center_axis',(-0.603530595850917,0.171280127687027,-0.778725842470476));
#5278=DIRECTION('ref_axis',(-0.790406172635513,0.,0.612583122734931));
#5279=DIRECTION('',(-0.553636670156644,-0.792854075745928,0.254693643483567));
#5280=DIRECTION('',(-0.598251957203533,-0.742928652006233,0.300252583220101));
#5281=DIRECTION('',(0.207698842939474,0.976709184655348,0.0538549835343925));
#5282=DIRECTION('center_axis',(-0.20738614663497,-0.164939328557617,-0.964254117999431));
#5283=DIRECTION('ref_axis',(-0.977644211916926,0.,0.210266009866865));
#5284=DIRECTION('',(0.198700285650084,-0.972239004649922,0.123569876264013));
#5285=DIRECTION('',(0.976903537435043,0.016955520192077,-0.213007016039181));
#5286=DIRECTION('center_axis',(0.468548854619089,-0.147664471611419,0.871009285058926));
#5287=DIRECTION('ref_axis',(0.880663546986163,0.,-0.473742247440261));
#5288=DIRECTION('',(0.742824069404753,0.599530013809047,-0.29795329240518));
#5289=DIRECTION('center_axis',(0.313240216481178,-0.0564701881933532,-0.947993504526393));
#5290=DIRECTION('ref_axis',(-0.949508648988377,0.,-0.313740857231358));
#5291=DIRECTION('',(-0.32772137409633,-0.943337098431809,-0.0520943344584407));
#5292=DIRECTION('',(0.297995799902835,-0.941968494726615,0.154576383004468));
#5293=DIRECTION('',(-0.870891138987973,0.381003418947275,-0.310459367361849));
#5294=DIRECTION('center_axis',(-0.204102659031371,-0.22106416797082,-0.953662801107233));
#5295=DIRECTION('ref_axis',(-0.977855669253402,0.,0.209280410237034));
#5296=DIRECTION('',(-0.813102131705298,0.580786811351583,0.0393903944682023));
#5297=DIRECTION('center_axis',(-0.00719794601866745,0.05763085192766,-0.998312012588852));
#5298=DIRECTION('ref_axis',(-0.999974008122675,0.,0.00720992920026285));
#5299=DIRECTION('center_axis',(-0.691119758101027,-0.19030699124833,0.697235060108416));
#5300=DIRECTION('ref_axis',(0.7102144927672,0.,0.703985350886955));
#5301=DIRECTION('',(0.125149799427134,-0.981649039595993,-0.143884296445489));
#5302=DIRECTION('',(0.702924546692728,0.0473596907311332,0.709685945577813));
#5303=DIRECTION('center_axis',(-0.400064017680115,-0.182642633870555,0.898103808059219));
#5304=DIRECTION('ref_axis',(0.913468933468045,0.,0.406908475690484));
#5305=DIRECTION('center_axis',(0.97731440489325,-0.210637374202502,0.0221009180177728));
#5306=DIRECTION('ref_axis',(0.0226081483932695,0.,-0.999744403148239));
#5307=DIRECTION('',(0.190271311452947,0.827373955424877,-0.528440314437277));
#5308=DIRECTION('center_axis',(-0.981454569905887,0.173095060975843,-0.0823712757981827));
#5309=DIRECTION('ref_axis',(-0.0836337165235471,0.,0.996496563697266));
#5310=DIRECTION('center_axis',(0.69958203372299,-0.226133990708066,-0.677826228718283));
#5311=DIRECTION('ref_axis',(-0.695851420680329,0.,-0.718185770074267));
#5312=DIRECTION('',(-0.695851420680329,0.,-0.718185770074267));
#5313=DIRECTION('',(0.16240621425664,0.974096205847474,-0.157355658698322));
#5314=DIRECTION('center_axis',(-0.181931255751215,0.212655913606939,-0.960040874436492));
#5315=DIRECTION('ref_axis',(-0.982513766892515,0.,0.186189951035711));
#5316=DIRECTION('',(0.0466690682150793,-0.973367055538936,-0.224451716998109));
#5317=DIRECTION('',(0.920358175998854,0.380552089125734,-0.0901162323563435));
#5318=DIRECTION('center_axis',(-0.374961223244755,0.191195384091454,-0.907109919560424));
#5319=DIRECTION('ref_axis',(-0.924158802851055,0.,0.38200851706854));
#5320=DIRECTION('center_axis',(-0.374961223244755,0.191195384091454,-0.907109919560424));
#5321=DIRECTION('ref_axis',(-0.0730382651471264,-0.981551998165212,-0.176694897272606));
#5322=DIRECTION('',(-0.924158802851054,0.,0.382008517068541));
#5323=DIRECTION('',(0.592535013148308,0.80196134565527,-0.0758963653156178));
#5324=DIRECTION('',(-0.924158802851055,0.,0.382008517068539));
#5325=DIRECTION('center_axis',(-0.269537850987586,-0.298827828610812,-0.915451405445827));
#5326=DIRECTION('ref_axis',(-0.95928392639004,0.,0.282443531647848));
#5327=DIRECTION('center_axis',(0.634108260594308,-0.0639527556186712,-0.770595068044716));
#5328=DIRECTION('ref_axis',(-0.772175768001378,0.,-0.63540898900746));
#5329=DIRECTION('center_axis',(0.049566259867274,0.115063029269354,0.992120801706188));
#5330=DIRECTION('ref_axis',(0.99875433539556,0.,-0.0498976705726239));
#5331=DIRECTION('center_axis',(0.,1.,0.));
#5332=DIRECTION('ref_axis',(-0.707106781186548,0.,-0.707106781186547));
#5333=DIRECTION('',(0.,1.,0.));
#5334=DIRECTION('',(0.,1.,0.));
#5335=DIRECTION('center_axis',(0.707106781186548,0.,-0.707106781186548));
#5336=DIRECTION('ref_axis',(-0.707106781186548,0.,-0.707106781186548));
#5337=DIRECTION('',(0.,1.,0.));
#5338=DIRECTION('center_axis',(0.,1.,0.));
#5339=DIRECTION('ref_axis',(0.,0.,1.));
#5340=DIRECTION('',(0.,1.,0.));
#5341=DIRECTION('center_axis',(-0.707106781186548,0.,0.707106781186547));
#5342=DIRECTION('ref_axis',(0.707106781186547,0.,0.707106781186548));
#5343=DIRECTION('center_axis',(0.,-1.,0.));
#5344=DIRECTION('ref_axis',(-0.205993290648004,0.,0.978553403861029));
#5345=DIRECTION('center_axis',(0.,1.,0.));
#5346=DIRECTION('ref_axis',(0.,0.,-1.));
#5347=DIRECTION('',(0.,-1.,0.));
#5348=DIRECTION('center_axis',(0.,1.,0.));
#5349=DIRECTION('ref_axis',(0.,0.,-1.));
#5350=DIRECTION('center_axis',(-0.127049587506904,0.,0.991896366721003));
#5351=DIRECTION('ref_axis',(0.991896366721003,0.,0.127049587506904));
#5352=DIRECTION('',(-0.991896366721002,0.,-0.127049587506907));
#5353=DIRECTION('',(-0.991896366721002,0.,-0.127049587506904));
#5354=DIRECTION('center_axis',(0.,-1.,0.));
#5355=DIRECTION('ref_axis',(0.,0.,-1.));
#5356=DIRECTION('center_axis',(0.,1.,0.));
#5357=DIRECTION('ref_axis',(0.,0.,1.));
#5358=DIRECTION('center_axis',(0.,-1.,0.));
#5359=DIRECTION('ref_axis',(0.,0.,-1.));
#5360=DIRECTION('center_axis',(0.,1.,0.));
#5361=DIRECTION('ref_axis',(0.,0.,1.));
#5362=DIRECTION('center_axis',(0.,1.,0.));
#5363=DIRECTION('ref_axis',(0.,0.,1.));
#5364=DIRECTION('',(0.,1.,0.));
#5365=DIRECTION('center_axis',(0.,-1.,0.));
#5366=DIRECTION('ref_axis',(0.,0.,-1.));
#5367=DIRECTION('center_axis',(0.,-1.,0.));
#5368=DIRECTION('ref_axis',(0.,0.,1.));
#5369=DIRECTION('',(0.,-1.,0.));
#5370=DIRECTION('center_axis',(0.,-1.,0.));
#5371=DIRECTION('ref_axis',(0.,0.,1.));
#5372=DIRECTION('center_axis',(0.,-1.,0.));
#5373=DIRECTION('ref_axis',(0.,0.,-1.));
#5374=DIRECTION('',(-0.991896366721003,0.,0.127049587506903));
#5375=DIRECTION('center_axis',(0.,-1.,0.));
#5376=DIRECTION('ref_axis',(0.,0.,-1.));
#5377=DIRECTION('center_axis',(0.127049587506904,0.,0.991896366721003));
#5378=DIRECTION('ref_axis',(0.991896366721003,0.,-0.127049587506904));
#5379=DIRECTION('',(-0.991896366721002,0.,0.127049587506905));
#5380=DIRECTION('center_axis',(0.,-1.,0.));
#5381=DIRECTION('ref_axis',(0.,0.,-1.));
#5382=DIRECTION('center_axis',(0.,-1.,0.));
#5383=DIRECTION('ref_axis',(0.,0.,-1.));
#5384=DIRECTION('center_axis',(0.,1.,0.));
#5385=DIRECTION('ref_axis',(0.,0.,1.));
#5386=DIRECTION('',(0.,1.,0.));
#5387=DIRECTION('center_axis',(0.0313291281737554,-0.0161541862523414,-0.999378570910142));
#5388=DIRECTION('ref_axis',(-0.9995089942203,0.,-0.0313332167631245));
#5389=DIRECTION('',(0.888249631990317,-0.458006680369908,0.0352487163681591));
#5390=DIRECTION('',(0.458291476024746,0.888801959383,-1.38777878078145E-16));
#5391=DIRECTION('',(0.888249631990317,-0.458006680369909,0.0352487163681591));
#5392=DIRECTION('center_axis',(-0.458291476024745,-0.888801959383001,1.46819044190745E-16));
#5393=DIRECTION('ref_axis',(0.,-1.65187579348572E-16,-1.));
#5394=DIRECTION('',(0.888249631990317,-0.458006680369908,0.0352487163681591));
#5395=DIRECTION('',(0.0313291281737538,-0.0161541862523409,-0.999378570910142));
#5396=DIRECTION('center_axis',(0.458291476024745,0.888801959383,-1.46819044190746E-16));
#5397=DIRECTION('ref_axis',(-0.888801959383,0.458291476024745,0.));
#5398=DIRECTION('center_axis',(-0.0313291281737554,0.0161541862523413,0.999378570910142));
#5399=DIRECTION('ref_axis',(0.9995089942203,0.,0.0313332167631246));
#5400=DIRECTION('',(0.888249631990317,-0.458006680369909,0.0352487163681591));
#5401=DIRECTION('',(-0.458291476024744,-0.888801959383001,1.04083408558608E-16));
#5402=DIRECTION('center_axis',(0.458291476024745,0.888801959383,-1.28749007982654E-16));
#5403=DIRECTION('ref_axis',(0.,1.44856800351824E-16,1.));
#5404=DIRECTION('',(-0.0313291281737555,0.0161541862523413,0.999378570910142));
#5405=DIRECTION('center_axis',(0.458291476024745,0.888801959383,-1.28749007982654E-16));
#5406=DIRECTION('ref_axis',(-0.888801959383001,0.458291476024745,0.));
#5407=DIRECTION('center_axis',(-0.888249631990316,0.458006680369909,-0.0352487163681595));
#5408=DIRECTION('ref_axis',(-0.0396521355753696,0.,0.999213544816278));
#5409=DIRECTION('center_axis',(0.458291476024745,0.888801959383,-1.46819044190746E-16));
#5410=DIRECTION('ref_axis',(-0.888801959383,0.458291476024745,0.));
#5411=DIRECTION('',(0.458291476024745,0.888801959383,-1.46819044190746E-16));
#5412=DIRECTION('center_axis',(0.0313291281737554,0.0161541862523414,0.999378570910142));
#5413=DIRECTION('ref_axis',(0.9995089942203,0.,-0.0313332167631245));
#5414=DIRECTION('',(-0.458291476024745,0.888801959383,-2.58306003658949E-16));
#5415=DIRECTION('',(-0.888249631990317,-0.458006680369909,0.0352487163681591));
#5416=DIRECTION('',(-0.458291476024746,0.888801959383,-1.38777878078145E-16));
#5417=DIRECTION('',(-0.888249631990317,-0.458006680369909,0.035248716368159));
#5418=DIRECTION('center_axis',(-0.458291476024745,0.888801959383001,-1.46819044190745E-16));
#5419=DIRECTION('ref_axis',(0.,1.65187579348572E-16,1.));
#5420=DIRECTION('',(-0.0313291281737538,-0.0161541862523409,-0.999378570910142));
#5421=DIRECTION('',(-0.888249631990317,-0.458006680369909,0.0352487163681591));
#5422=DIRECTION('',(-0.0313291281737497,-0.0161541862523407,-0.999378570910142));
#5423=DIRECTION('center_axis',(0.458291476024745,-0.888801959383,1.46819044190746E-16));
#5424=DIRECTION('ref_axis',(0.888801959383,0.458291476024745,0.));
#5425=DIRECTION('center_axis',(0.888249631990316,0.458006680369909,-0.0352487163681595));
#5426=DIRECTION('ref_axis',(-0.0396521355753696,0.,-0.999213544816278));
#5427=DIRECTION('',(0.458291476024744,-0.888801959383001,1.04083408558608E-16));
#5428=DIRECTION('',(0.0313291281737555,0.0161541862523418,0.999378570910142));
#5429=DIRECTION('center_axis',(0.458291476024745,-0.888801959383,1.28749007982654E-16));
#5430=DIRECTION('ref_axis',(0.,-1.44856800351824E-16,-1.));
#5431=DIRECTION('',(-0.888249631990317,-0.458006680369909,0.0352487163681591));
#5432=DIRECTION('',(0.0313291281737555,0.0161541862523413,0.999378570910142));
#5433=DIRECTION('center_axis',(0.458291476024745,-0.888801959383,1.28749007982654E-16));
#5434=DIRECTION('ref_axis',(0.888801959383001,0.458291476024745,0.));
#5435=DIRECTION('center_axis',(-0.0313291281737554,-0.0161541862523413,
-0.999378570910142));
#5436=DIRECTION('ref_axis',(-0.9995089942203,0.,0.0313332167631246));
#5437=DIRECTION('',(0.458291476024744,-0.888801959383001,1.04083408558608E-16));
#5438=DIRECTION('center_axis',(0.888249631990316,0.458006680369909,-0.0352487163681595));
#5439=DIRECTION('ref_axis',(-0.0396521355753696,0.,-0.999213544816278));
#5440=DIRECTION('center_axis',(-0.458291476024745,0.888801959383,-1.46819044190746E-16));
#5441=DIRECTION('ref_axis',(-0.888801959383,-0.458291476024745,0.));
#5442=DIRECTION('',(-0.458291476024745,0.888801959383,-1.46819044190746E-16));
#5443=DIRECTION('center_axis',(0.0836337165235472,0.,0.996496563697266));
#5444=DIRECTION('ref_axis',(0.996496563697266,0.,-0.0836337165235472));
#5445=DIRECTION('',(0.,1.,0.));
#5446=DIRECTION('',(0.996496563697266,0.,-0.083633716523547));
#5447=DIRECTION('',(0.,1.,0.));
#5448=DIRECTION('',(0.996496563697266,0.,-0.0836337165235471));
#5449=DIRECTION('center_axis',(-0.083633716523547,0.,-0.996496563697266));
#5450=DIRECTION('ref_axis',(-0.996496563697266,0.,0.083633716523547));
#5451=DIRECTION('',(-0.996496563697266,0.,0.0836337165235472));
#5452=DIRECTION('',(0.,1.,0.));
#5453=DIRECTION('',(-0.996496563697266,0.,0.083633716523547));
#5454=DIRECTION('center_axis',(0.996496563697266,0.,-0.0836337165235471));
#5455=DIRECTION('ref_axis',(-0.0836337165235471,0.,-0.996496563697266));
#5456=DIRECTION('',(-0.0836337165235479,0.,-0.996496563697266));
#5457=DIRECTION('center_axis',(0.,1.,0.));
#5458=DIRECTION('ref_axis',(0.,0.,1.));
#5459=DIRECTION('',(0.083633716523547,0.,0.996496563697266));
#5460=DIRECTION('center_axis',(-0.996496563697266,0.,0.0836337165235471));
#5461=DIRECTION('ref_axis',(0.0836337165235471,0.,0.996496563697266));
#5462=DIRECTION('',(0.083633716523547,0.,0.996496563697266));
#5463=DIRECTION('center_axis',(0.,1.,0.));
#5464=DIRECTION('ref_axis',(0.,0.,1.));
#5465=DIRECTION('center_axis',(-5.91792770843041E-17,1.,1.65914339074813E-18));
#5466=DIRECTION('ref_axis',(-1.,-5.91792770843041E-17,0.));
#5467=DIRECTION('center_axis',(-5.91792770843041E-17,1.,1.65914339074813E-18));
#5468=DIRECTION('ref_axis',(-1.,-5.91792770843041E-17,0.));
#5469=DIRECTION('center_axis',(-5.91792770843041E-17,1.,1.65914339074813E-18));
#5470=DIRECTION('ref_axis',(-1.,-5.91792770843041E-17,0.));
#5471=DIRECTION('',(-5.91792770843041E-17,1.,1.65914339074813E-18));
#5472=DIRECTION('center_axis',(-5.91792770843041E-17,1.,1.65914339074813E-18));
#5473=DIRECTION('ref_axis',(0.,-1.65914339074813E-18,1.));
#5474=DIRECTION('center_axis',(0.695851420680329,0.,0.718185770074267));
#5475=DIRECTION('ref_axis',(0.718185770074267,0.,-0.695851420680329));
#5476=DIRECTION('',(0.,1.,0.));
#5477=DIRECTION('',(0.718185770074267,0.,-0.695851420680329));
#5478=DIRECTION('center_axis',(-0.695851420680329,0.,-0.718185770074267));
#5479=DIRECTION('ref_axis',(-0.718185770074267,0.,0.695851420680329));
#5480=DIRECTION('',(-0.718185770074267,0.,0.695851420680329));
#5481=DIRECTION('',(0.,1.,0.));
#5482=DIRECTION('center_axis',(0.,-1.,0.));
#5483=DIRECTION('ref_axis',(0.,0.,-1.));
#5484=DIRECTION('',(0.695851420680329,0.,0.718185770074267));
#5485=DIRECTION('center_axis',(-0.718185770074267,0.,0.695851420680329));
#5486=DIRECTION('ref_axis',(0.695851420680329,0.,0.718185770074267));
#5487=DIRECTION('center_axis',(0.698520398919966,0.,-0.715590142674347));
#5488=DIRECTION('ref_axis',(-0.715590142674347,0.,-0.698520398919966));
#5489=DIRECTION('',(-0.715590142674347,0.,-0.698520398919965));
#5490=DIRECTION('',(0.,1.,0.));
#5491=DIRECTION('center_axis',(-0.698520398919964,0.,0.715590142674348));
#5492=DIRECTION('ref_axis',(0.715590142674348,0.,0.698520398919964));
#5493=DIRECTION('',(0.715590142674348,0.,0.698520398919964));
#5494=DIRECTION('',(0.,1.,0.));
#5495=DIRECTION('center_axis',(-0.715590142674348,0.,-0.698520398919965));
#5496=DIRECTION('ref_axis',(-0.698520398919965,0.,0.715590142674348));
#5497=DIRECTION('',(-0.698520398919965,0.,0.715590142674348));
#5498=DIRECTION('center_axis',(0.,1.,0.));
#5499=DIRECTION('ref_axis',(0.,0.,1.));
#5500=DIRECTION('center_axis',(0.,1.,0.));
#5501=DIRECTION('ref_axis',(0.,0.,1.));
#5502=DIRECTION('center_axis',(0.,1.,0.));
#5503=DIRECTION('ref_axis',(0.,0.,1.));
#5504=DIRECTION('',(0.,1.,0.));
#5505=DIRECTION('center_axis',(0.,1.,0.));
#5506=DIRECTION('ref_axis',(0.,0.,1.));
#5507=DIRECTION('center_axis',(0.,1.,0.));
#5508=DIRECTION('ref_axis',(0.,0.,1.));
#5509=DIRECTION('center_axis',(0.,1.,0.));
#5510=DIRECTION('ref_axis',(0.,0.,1.));
#5511=DIRECTION('',(0.,1.,0.));
#5512=DIRECTION('center_axis',(0.,1.,0.));
#5513=DIRECTION('ref_axis',(0.,0.,1.));
#5514=CARTESIAN_POINT('',(0.,0.,0.));
#5515=CARTESIAN_POINT('Origin',(-43.8704201083193,-4.,-14.9915523369805));
#5516=CARTESIAN_POINT('',(-37.8914407261357,0.,-14.4897500378392));
#5517=CARTESIAN_POINT('',(-43.8704201083193,0.,-14.9915523369805));
#5518=CARTESIAN_POINT('',(-37.8914407261357,0.,-14.4897500378392));
#5519=CARTESIAN_POINT('',(-37.8914407261357,-4.,-14.4897500378392));
#5520=CARTESIAN_POINT('',(-37.8914407261357,-4.,-14.4897500378392));
#5521=CARTESIAN_POINT('',(-43.8704201083193,-4.,-14.9915523369805));
#5522=CARTESIAN_POINT('',(-37.8914407261357,-4.,-14.4897500378392));
#5523=CARTESIAN_POINT('',(-43.8704201083193,-4.,-14.9915523369805));
#5524=CARTESIAN_POINT('Origin',(-37.8914407261357,-4.,-14.4897500378392));
#5525=CARTESIAN_POINT('',(-38.7277778913711,0.,-4.52478440086655));
#5526=CARTESIAN_POINT('',(-38.7277778913711,0.,-4.52478440086655));
#5527=CARTESIAN_POINT('',(-38.7277778913711,-4.,-4.52478440086655));
#5528=CARTESIAN_POINT('',(-38.7277778913711,-4.,-4.52478440086655));
#5529=CARTESIAN_POINT('',(-38.7277778913711,-4.,-4.52478440086655));
#5530=CARTESIAN_POINT('Origin',(-44.7067572735547,-4.,-5.02658670000783));
#5531=CARTESIAN_POINT('',(-44.7067572735547,0.,-5.02658670000783));
#5532=CARTESIAN_POINT('',(-44.7067572735547,0.,-5.02658670000783));
#5533=CARTESIAN_POINT('',(-44.7067572735547,-4.,-5.02658670000783));
#5534=CARTESIAN_POINT('',(-44.7067572735547,-4.,-5.02658670000783));
#5535=CARTESIAN_POINT('',(-44.7067572735547,-4.,-5.02658670000783));
#5536=CARTESIAN_POINT('Origin',(-43.8704201083193,-4.,-14.9915523369805));
#5537=CARTESIAN_POINT('',(-43.8704201083193,0.,-14.9915523369805));
#5538=CARTESIAN_POINT('',(-43.8704201083193,-4.,-14.9915523369805));
#5539=CARTESIAN_POINT('Origin',(0.,-4.,0.));
#5540=CARTESIAN_POINT('Origin',(0.,0.,0.));
#5541=CARTESIAN_POINT('',(-38.7990989998452,1.11022302462516E-15,-9.75816836892352));
#5542=CARTESIAN_POINT('Origin',(-41.2990989998452,1.14313449957341E-15,
-9.75816836892352));
#5543=CARTESIAN_POINT('Origin',(-41.2990989998452,-3.,-9.75816836892352));
#5544=CARTESIAN_POINT('',(-38.7990989998452,-3.,-9.75816836892352));
#5545=CARTESIAN_POINT('Origin',(-41.2990989998452,-3.,-9.75816836892352));
#5546=CARTESIAN_POINT('',(-38.7990989998452,-3.,-9.75816836892352));
#5547=CARTESIAN_POINT('Origin',(-41.2990989998452,-3.,-9.75816836892352));
#5548=CARTESIAN_POINT('Origin',(-36.7605407850948,-4.,-27.109173454812));
#5549=CARTESIAN_POINT('',(-36.7605407850948,0.,-27.109173454812));
#5550=CARTESIAN_POINT('',(-33.0352139054242,0.,-22.4057768481454));
#5551=CARTESIAN_POINT('',(-36.7605407850948,0.,-27.109173454812));
#5552=CARTESIAN_POINT('',(-36.7605407850948,-4.,-27.109173454812));
#5553=CARTESIAN_POINT('',(-36.7605407850948,-4.,-27.109173454812));
#5554=CARTESIAN_POINT('',(-33.0352139054242,-4.,-22.4057768481454));
#5555=CARTESIAN_POINT('',(-36.7605407850948,-4.,-27.109173454812));
#5556=CARTESIAN_POINT('',(-33.0352139054242,-4.,-22.4057768481454));
#5557=CARTESIAN_POINT('Origin',(-36.7605407850948,-4.,-27.109173454812));
#5558=CARTESIAN_POINT('',(-28.9215464406503,0.,-33.3180515875964));
#5559=CARTESIAN_POINT('',(-28.9215464406503,0.,-33.3180515875964));
#5560=CARTESIAN_POINT('',(-28.9215464406503,-4.,-33.3180515875964));
#5561=CARTESIAN_POINT('',(-28.9215464406503,-4.,-33.3180515875964));
#5562=CARTESIAN_POINT('',(-28.9215464406503,-4.,-33.3180515875964));
#5563=CARTESIAN_POINT('Origin',(-28.9215464406503,-4.,-33.3180515875964));
#5564=CARTESIAN_POINT('',(-25.1962195609797,0.,-28.6146549809297));
#5565=CARTESIAN_POINT('',(-25.1962195609797,0.,-28.6146549809297));
#5566=CARTESIAN_POINT('',(-25.1962195609797,-4.,-28.6146549809297));
#5567=CARTESIAN_POINT('',(-25.1962195609797,-4.,-28.6146549809297));
#5568=CARTESIAN_POINT('',(-25.1962195609797,-4.,-28.6146549809297));
#5569=CARTESIAN_POINT('Origin',(-33.0352139054242,-4.,-22.4057768481454));
#5570=CARTESIAN_POINT('',(-33.0352139054242,0.,-22.4057768481454));
#5571=CARTESIAN_POINT('',(-33.0352139054242,-4.,-22.4057768481454));
#5572=CARTESIAN_POINT('Origin',(0.,-4.,0.));
#5573=CARTESIAN_POINT('Origin',(0.,0.,0.));
#5574=CARTESIAN_POINT('',(-30.9783801730372,0.,-30.3619142178709));
#5575=CARTESIAN_POINT('Origin',(-30.9783801730372,5.06129453012735E-17,
-27.8619142178709));
#5576=CARTESIAN_POINT('Origin',(-30.9783801730372,-3.,-27.8619142178709));
#5577=CARTESIAN_POINT('',(-30.9783801730372,-3.,-30.3619142178709));
#5578=CARTESIAN_POINT('Origin',(-30.9783801730372,-3.,-27.8619142178709));
#5579=CARTESIAN_POINT('',(-30.9783801730372,-3.,-30.3619142178709));
#5580=CARTESIAN_POINT('Origin',(-30.9783801730372,-3.,-27.8619142178709));
#5581=CARTESIAN_POINT('Origin',(-18.9875194351106,-4.,41.0740638123676));
#5582=CARTESIAN_POINT('',(-15.1750655010658,0.,36.4410092043593));
#5583=CARTESIAN_POINT('',(-18.9875194351106,0.,41.0740638123676));
#5584=CARTESIAN_POINT('',(-15.1750655010658,0.,36.4410092043593));
#5585=CARTESIAN_POINT('',(-18.9875194351106,-4.,41.0740638123676));
#5586=CARTESIAN_POINT('',(-18.9875194351106,-4.,41.0740638123676));
#5587=CARTESIAN_POINT('',(-15.1750655010658,-4.,36.4410092043593));
#5588=CARTESIAN_POINT('',(-15.1750655010658,-4.,36.4410092043593));
#5589=CARTESIAN_POINT('',(-15.1750655010658,-4.,36.4410092043593));
#5590=CARTESIAN_POINT('Origin',(-18.9875194351106,-4.,41.0740638123676));
#5591=CARTESIAN_POINT('',(-26.7092771151244,0.,34.719973922293));
#5592=CARTESIAN_POINT('',(-18.9875194351106,0.,41.0740638123676));
#5593=CARTESIAN_POINT('',(-26.7092771151244,-4.,34.719973922293));
#5594=CARTESIAN_POINT('',(-26.7092771151244,-4.,34.719973922293));
#5595=CARTESIAN_POINT('',(-18.9875194351106,-4.,41.0740638123676));
#5596=CARTESIAN_POINT('Origin',(-26.7092771151244,-4.,34.719973922293));
#5597=CARTESIAN_POINT('',(-22.8968231810796,0.,30.0869193142847));
#5598=CARTESIAN_POINT('',(-26.7092771151244,0.,34.719973922293));
#5599=CARTESIAN_POINT('',(-22.8968231810796,-4.,30.0869193142847));
#5600=CARTESIAN_POINT('',(-22.8968231810796,-4.,30.0869193142847));
#5601=CARTESIAN_POINT('',(-26.7092771151244,-4.,34.719973922293));
#5602=CARTESIAN_POINT('Origin',(-15.1750655010658,-4.,36.4410092043593));
#5603=CARTESIAN_POINT('',(-22.8968231810796,0.,30.0869193142847));
#5604=CARTESIAN_POINT('',(-22.8968231810796,-4.,30.0869193142847));
#5605=CARTESIAN_POINT('Origin',(0.,-4.,0.));
#5606=CARTESIAN_POINT('Origin',(0.,0.,0.));
#5607=CARTESIAN_POINT('',(-20.9421713080951,6.10622663543836E-15,33.0804915633262));
#5608=CARTESIAN_POINT('Origin',(-20.9421713080951,6.35405763940177E-15,
35.5804915633262));
#5609=CARTESIAN_POINT('Origin',(-20.9421713080951,-3.09999999999999,35.5804915633262));
#5610=CARTESIAN_POINT('',(-20.9421713080951,-3.09999999999999,33.0804915633262));
#5611=CARTESIAN_POINT('Origin',(-20.9421713080951,-3.09999999999999,35.5804915633262));
#5612=CARTESIAN_POINT('',(-20.9421713080951,-3.09999999999999,33.0804915633262));
#5613=CARTESIAN_POINT('Origin',(-20.9421713080951,-3.09999999999999,35.5804915633262));
#5614=CARTESIAN_POINT('Origin',(36.2012901690128,-12.1097329513985,-21.2445997630296));
#5615=CARTESIAN_POINT('',(43.8595904852787,-0.0151390248979825,-15.0887742448364));
#5616=CARTESIAN_POINT('',(43.8541508233736,1.62630325872826E-16,-15.1066730206171));
#5617=CARTESIAN_POINT('',(43.8541508233736,-1.0842021724855E-16,-15.1066730206171));
#5618=CARTESIAN_POINT('',(43.8562422309613,-0.0374645379280494,-15.0817538784206));
#5619=CARTESIAN_POINT('',(43.8541508233736,1.04083408558608E-14,-15.106673020617));
#5620=CARTESIAN_POINT('',(43.8595904852787,-0.0151390248979803,-15.0887742448364));
#5621=CARTESIAN_POINT('Origin',(39.5209783017343,-20.3781363088094,1.5683246067083));
#5622=CARTESIAN_POINT('',(41.1371227478499,-18.0872359835055,-9.39071436707724));
#5623=CARTESIAN_POINT('',(42.5313648936665,-13.7901693145352,11.3093349577068));
#5624=CARTESIAN_POINT('',(41.1371227478499,-18.0872359835055,-9.39071436707724));
#5625=CARTESIAN_POINT('',(41.1202589911199,-18.1204559022598,-9.39740167446893));
#5626=CARTESIAN_POINT('',(41.1202589911199,-18.1204559022598,-9.39740167446894));
#5627=CARTESIAN_POINT('',(41.0452897663507,-18.2625763783224,-9.3548679594189));
#5628=CARTESIAN_POINT('',(41.0452897663507,-18.2625763783224,-9.35486795941891));
#5629=CARTESIAN_POINT('',(33.7854459158859,-31.0435137050116,7.51947564099197));
#5630=CARTESIAN_POINT('',(41.0452897663507,-18.2625763783224,-9.3548679594189));
#5631=CARTESIAN_POINT('',(33.7824479588552,-31.0448296195394,7.57792419733616));
#5632=CARTESIAN_POINT('',(33.7854459158859,-31.0435137050116,7.51947564099196));
#5633=CARTESIAN_POINT('',(33.8242440038971,-30.9537131567021,7.70861341154421));
#5634=CARTESIAN_POINT('',(33.8242440038972,-30.9537131567021,7.70861341154421));
#5635=CARTESIAN_POINT('',(42.4187365427511,-14.0050947151909,11.3548634800535));
#5636=CARTESIAN_POINT('',(42.4187365427511,-14.0050947151909,11.3548634800535));
#5637=CARTESIAN_POINT('',(42.5313648936665,-13.7901693145352,11.3093349577068));
#5638=CARTESIAN_POINT('',(38.5260725292504,-22.1153547619446,4.06677103398365));
#5639=CARTESIAN_POINT('',(40.3592384333494,-18.5601469244126,4.06677103398365));
#5640=CARTESIAN_POINT('',(38.5260725292504,-22.1153547619446,4.06677103398365));
#5641=CARTESIAN_POINT('',(38.6827181701192,-22.1961256932063,-0.930121820568124));
#5642=CARTESIAN_POINT('',(38.6827181701192,-22.1961256932063,-0.930121820568123));
#5643=CARTESIAN_POINT('',(40.5158840742182,-18.6409178556742,-0.93012182056706));
#5644=CARTESIAN_POINT('',(40.5158840742182,-18.6409178556743,-0.930121820567058));
#5645=CARTESIAN_POINT('',(40.3592384333494,-18.5601469244126,4.06677103398365));
#5646=CARTESIAN_POINT('Origin',(14.5887472047188,-6.8741941916496,-41.7111418323662));
#5647=CARTESIAN_POINT('',(3.91894831718734,-4.05465053879717,-45.9076486074721));
#5648=CARTESIAN_POINT('',(24.9851638338523,-0.184746893902082,-39.1773791580528));
#5649=CARTESIAN_POINT('',(3.91894831718734,-4.05465053879717,-45.9076486074721));
#5650=CARTESIAN_POINT('',(3.92375553228218,-4.48915865557293,-45.8343582518489));
#5651=CARTESIAN_POINT('',(3.91894831718735,-4.05465053879717,-45.9076486074721));
#5652=CARTESIAN_POINT('',(16.1063849970291,-18.9105141368637,-39.1966953284063));
#5653=CARTESIAN_POINT('',(16.1063849970291,-18.9105141368637,-39.1966953284063));
#5654=CARTESIAN_POINT('',(16.4404763082308,-18.8361668865356,-39.0920974666748));
#5655=CARTESIAN_POINT('',(16.4404763082308,-18.8361668865356,-39.0920974666748));
#5656=CARTESIAN_POINT('',(24.9973832653758,-0.676285310345814,-39.0920974666748));
#5657=CARTESIAN_POINT('',(24.9973832653758,-0.676285310345816,-39.0920974666748));
#5658=CARTESIAN_POINT('',(25.1031156270158,-0.248913308358715,-39.1255498100323));
#5659=CARTESIAN_POINT('',(25.1031156270157,-0.248913308358712,-39.1255498100323));
#5660=CARTESIAN_POINT('',(25.0753191695129,-0.208180774703798,-39.1419847194556));
#5661=CARTESIAN_POINT('',(25.0753191695129,-0.208180774703798,-39.1419847194556));
#5662=CARTESIAN_POINT('',(24.9851638338523,-0.18474689390209,-39.1773791580528));
#5663=CARTESIAN_POINT('',(11.3338982751065,-10.,-42.3343990952854));
#5664=CARTESIAN_POINT('',(14.3077866983261,-6.,-41.9534809770846));
#5665=CARTESIAN_POINT('',(11.3338982751065,-9.99999999999999,-42.3343990952854));
#5666=CARTESIAN_POINT('',(16.5559560197716,-6.,-41.1671689160103));
#5667=CARTESIAN_POINT('',(14.3077866983261,-6.,-41.9534809770846));
#5668=CARTESIAN_POINT('',(16.8946029624028,-10.,-40.3895059228786));
#5669=CARTESIAN_POINT('Origin',(12.9729430582329,-25.8782769878117,-39.1443169350792));
#5670=CARTESIAN_POINT('',(11.3338982751065,-10.,-42.3343990952854));
#5671=CARTESIAN_POINT('Origin',(0.,0.,0.));
#5672=CARTESIAN_POINT('',(9.63270636558799,-4.33680868994202E-16,48.3726715814263));
#5673=CARTESIAN_POINT('',(10.3431531470836,3.25260651745651E-16,48.2380393188388));
#5674=CARTESIAN_POINT('',(9.63270636558799,0.,48.3726715814263));
#5675=CARTESIAN_POINT('',(14.0037376811991,4.33680868994202E-16,46.724907089651));
#5676=CARTESIAN_POINT('',(10.3431531470836,0.,48.2380393188388));
#5677=CARTESIAN_POINT('',(25.3885658893337,1.73472347597681E-15,41.4962082266204));
#5678=CARTESIAN_POINT('',(25.3885658893337,0.,41.4962082266204));
#5679=CARTESIAN_POINT('',(25.8898418212722,-7.58941520739853E-16,41.3486167360806));
#5680=CARTESIAN_POINT('',(25.3885658893337,0.,41.4962082266204));
#5681=CARTESIAN_POINT('',(31.4378242970197,6.93889390390723E-15,36.1501586520828));
#5682=CARTESIAN_POINT('',(25.8898418212722,0.,41.3486167360806));
#5683=CARTESIAN_POINT('',(40.2578116591767,2.81892564846231E-15,27.1146372490852));
#5684=CARTESIAN_POINT('',(31.4378242970197,0.,36.1501586520828));
#5685=CARTESIAN_POINT('',(41.2024884804322,-8.67361737988404E-16,25.7895655616809));
#5686=CARTESIAN_POINT('',(40.2578116591767,0.,27.1146372490852));
#5687=CARTESIAN_POINT('',(48.4416725683925,4.33680868994202E-16,5.49526758469183));
#5688=CARTESIAN_POINT('',(41.2024884804322,0.,25.7895655616809));
#5689=CARTESIAN_POINT('',(48.3661200294863,-6.50521303491303E-16,2.15429394097763));
#5690=CARTESIAN_POINT('',(48.4416725683925,0.,5.49526758469184));
#5691=CARTESIAN_POINT('',(46.886871424446,-1.53956708492942E-14,-15.4709678918101));
#5692=CARTESIAN_POINT('',(46.886871424446,0.,-15.4709678918101));
#5693=CARTESIAN_POINT('',(46.7927993286336,0.,-16.1366175511054));
#5694=CARTESIAN_POINT('',(46.886871424446,0.,-15.4709678918101));
#5695=CARTESIAN_POINT('',(46.760933987749,2.3039296165317E-16,-16.2167452657561));
#5696=CARTESIAN_POINT('',(46.760933987749,0.,-16.2167452657561));
#5697=CARTESIAN_POINT('',(45.5446407624991,-8.29414661951411E-15,-18.3951154975082));
#5698=CARTESIAN_POINT('',(45.5446407624991,0.,-18.3951154975082));
#5699=CARTESIAN_POINT('',(39.6796954787154,-4.33680868994202E-16,-28.3891181340332));
#5700=CARTESIAN_POINT('',(39.6796954787154,0.,-28.3891181340332));
#5701=CARTESIAN_POINT('',(39.3098087347171,1.13841228110978E-15,-28.9718272106298));
#5702=CARTESIAN_POINT('',(39.3098087347171,0.,-28.9718272106298));
#5703=CARTESIAN_POINT('',(31.8122766028775,-3.27700106633744E-14,-36.7100033898165));
#5704=CARTESIAN_POINT('',(31.8122766028775,0.,-36.7100033898165));
#5705=CARTESIAN_POINT('',(26.8120293456103,-1.73472347597681E-15,-41.6663945304893));
#5706=CARTESIAN_POINT('',(31.8122766028775,0.,-36.7100033898165));
#5707=CARTESIAN_POINT('',(26.0911083620843,-7.04731412115578E-16,-41.9875317336847));
#5708=CARTESIAN_POINT('',(26.8120293456103,0.,-41.6663945304893));
#5709=CARTESIAN_POINT('',(5.67785535848057,0.,-48.7325692886925));
#5710=CARTESIAN_POINT('',(5.67785535848057,0.,-48.7325692886925));
#5711=CARTESIAN_POINT('',(-2.20679516930738,-8.67361737988404E-16,-48.6757200389996));
#5712=CARTESIAN_POINT('',(-2.20679516930738,0.,-48.6757200389996));
#5713=CARTESIAN_POINT('',(-16.6527026751649,3.90312782094782E-15,-45.5840107570149));
#5714=CARTESIAN_POINT('',(-16.6527026751649,0.,-45.5840107570149));
#5715=CARTESIAN_POINT('',(-21.7636173666742,8.67361737988404E-16,-42.8346563404308));
#5716=CARTESIAN_POINT('',(-16.6527026751649,0.,-45.5840107570149));
#5717=CARTESIAN_POINT('',(-23.7978818969398,-4.33680868994202E-16,-41.2580541306278));
#5718=CARTESIAN_POINT('',(-23.7978818969398,0.,-41.2580541306278));
#5719=CARTESIAN_POINT('',(-39.3098087347171,5.42101086242752E-16,-28.9718272106298));
#5720=CARTESIAN_POINT('',(-39.3098087347171,0.,-28.9718272106298));
#5721=CARTESIAN_POINT('',(-39.6796954787154,4.33680868994202E-16,-28.3891181340332));
#5722=CARTESIAN_POINT('',(-39.6796954787154,0.,-28.3891181340332));
#5723=CARTESIAN_POINT('',(-45.5446407624983,-2.75793927626E-14,-18.3951154975097));
#5724=CARTESIAN_POINT('',(-45.5446407624983,0.,-18.3951154975097));
#5725=CARTESIAN_POINT('',(-46.760933987749,0.,-16.2167452657561));
#5726=CARTESIAN_POINT('',(-46.760933987749,0.,-16.2167452657561));
#5727=CARTESIAN_POINT('',(-46.7927993286336,0.,-16.1366175511054));
#5728=CARTESIAN_POINT('',(-46.7927993286336,0.,-16.1366175511054));
#5729=CARTESIAN_POINT('',(-46.886871424446,6.68817215151996E-15,-15.47096789181));
#5730=CARTESIAN_POINT('',(-46.7927993286336,0.,-16.1366175511054));
#5731=CARTESIAN_POINT('',(-48.3661200294863,6.50521303491303E-16,2.15429394097763));
#5732=CARTESIAN_POINT('',(-48.3661200294863,0.,2.15429394097763));
#5733=CARTESIAN_POINT('',(-48.4416725683925,-4.33680868994202E-16,5.49526758469183));
#5734=CARTESIAN_POINT('',(-48.3661200294863,0.,2.15429394097763));
#5735=CARTESIAN_POINT('',(-41.2024884804322,8.67361737988404E-16,25.7895655616809));
#5736=CARTESIAN_POINT('',(-48.4416725683925,0.,5.49526758469184));
#5737=CARTESIAN_POINT('',(-40.2578116591767,-2.81892564846231E-15,27.1146372490852));
#5738=CARTESIAN_POINT('',(-41.2024884804322,0.,25.7895655616809));
#5739=CARTESIAN_POINT('',(-38.9932124508568,-1.73472347597681E-15,28.5048486670191));
#5740=CARTESIAN_POINT('',(-40.2578116591766,0.,27.1146372490852));
#5741=CARTESIAN_POINT('',(-20.5373209711268,4.33680868994202E-16,43.6918563825289));
#5742=CARTESIAN_POINT('',(-38.9932124508568,0.,28.5048486670191));
#5743=CARTESIAN_POINT('',(-14.7991509205975,-4.33680868994202E-16,46.1238122169251));
#5744=CARTESIAN_POINT('',(-20.5373209711268,0.,43.6918563825289));
#5745=CARTESIAN_POINT('',(-3.92433365802284,-8.67361737988404E-16,49.0499799975846));
#5746=CARTESIAN_POINT('',(-14.7991509205975,0.,46.1238122169251));
#5747=CARTESIAN_POINT('',(9.63270636558799,0.,48.3726715814263));
#5748=CARTESIAN_POINT('',(31.0018706860628,0.,-31.3092421456809));
#5749=CARTESIAN_POINT('Origin',(31.0018706860628,0.,-28.8092421456809));
#5750=CARTESIAN_POINT('',(32.1087141144949,0.,24.2163128009768));
#5751=CARTESIAN_POINT('Origin',(32.1087141144949,0.,26.7163128009768));
#5752=CARTESIAN_POINT('',(8.90862069419581,0.,45.3850215126564));
#5753=CARTESIAN_POINT('',(9.52860709367805,0.,45.2675318231963));
#5754=CARTESIAN_POINT('',(8.90862069419581,0.,45.3850215126564));
#5755=CARTESIAN_POINT('',(-3.66038092971557,0.,46.0129676253592));
#5756=CARTESIAN_POINT('',(8.90862069419581,0.,45.3850215126564));
#5757=CARTESIAN_POINT('',(-13.7225645919254,0.,43.3054611979393));
#5758=CARTESIAN_POINT('',(-13.7225645919254,0.,43.3054611979393));
#5759=CARTESIAN_POINT('',(-18.9875194351106,0.,41.0740638123676));
#5760=CARTESIAN_POINT('',(-18.9875194351106,0.,41.0740638123676));
#5761=CARTESIAN_POINT('',(-36.326161059434,0.,26.8064200946819));
#5762=CARTESIAN_POINT('',(-36.326161059434,0.,26.8064200946819));
#5763=CARTESIAN_POINT('',(-37.7173227491918,0.,25.2770747870384));
#5764=CARTESIAN_POINT('',(-37.7173227491918,0.,25.2770747870384));
#5765=CARTESIAN_POINT('',(-38.6786695600805,0.,23.9286205726206));
#5766=CARTESIAN_POINT('',(-38.6786695600805,0.,23.9286205726206));
#5767=CARTESIAN_POINT('',(-45.3650012737325,0.,5.18418659759244));
#5768=CARTESIAN_POINT('',(-45.3650012737325,0.,5.18418659759244));
#5769=CARTESIAN_POINT('',(-45.2917076332778,0.,1.94310265050016));
#5770=CARTESIAN_POINT('',(-45.2917076332778,0.,1.94310265050016));
#5771=CARTESIAN_POINT('',(-43.8704201083192,0.,-14.9915523369805));
#5772=CARTESIAN_POINT('',(-45.2917076332778,0.,1.94310265050016));
#5773=CARTESIAN_POINT('',(-43.8541508233736,0.,-15.106673020617));
#5774=CARTESIAN_POINT('',(-43.8541508233736,0.,-15.106673020617));
#5775=CARTESIAN_POINT('',(-37.422603589102,0.,-26.0661785072187));
#5776=CARTESIAN_POINT('',(-43.8541508233736,0.,-15.106673020617));
#5777=CARTESIAN_POINT('',(-36.7605407850948,0.,-27.109173454812));
#5778=CARTESIAN_POINT('',(-37.422603589102,0.,-26.0661785072187));
#5779=CARTESIAN_POINT('',(-22.073848921159,0.,-38.7417727335139));
#5780=CARTESIAN_POINT('',(-36.7605407850948,0.,-27.109173454812));
#5781=CARTESIAN_POINT('',(-20.0420146792061,0.,-40.3164914134871));
#5782=CARTESIAN_POINT('',(-22.073848921159,0.,-38.7417727335139));
#5783=CARTESIAN_POINT('',(-15.7311296927216,0.,-42.6354795775171));
#5784=CARTESIAN_POINT('',(-15.7311296927216,0.,-42.6354795775171));
#5785=CARTESIAN_POINT('',(-1.52649092985285,0.,-45.6755525873016));
#5786=CARTESIAN_POINT('',(-15.7311296927216,0.,-42.6354795775171));
#5787=CARTESIAN_POINT('',(5.20543297030467,0.,-45.7240905435959));
#5788=CARTESIAN_POINT('',(-1.52649092985285,0.,-45.6755525873016));
#5789=CARTESIAN_POINT('',(24.5628725239753,9.62964972193618E-32,-39.3279195494261));
#5790=CARTESIAN_POINT('',(5.20543297030467,0.,-45.7240905435959));
#5791=CARTESIAN_POINT('',(25.0487783375579,0.,-39.1114708157145));
#5792=CARTESIAN_POINT('',(25.0487783375579,0.,-39.1114708157145));
#5793=CARTESIAN_POINT('',(28.7975501079575,0.,-35.3955787337362));
#5794=CARTESIAN_POINT('',(28.7975501079575,0.,-35.3955787337362));
#5795=CARTESIAN_POINT('',(29.677170892884,0.,-34.4877252580932));
#5796=CARTESIAN_POINT('',(28.7975501079575,0.,-35.3955787337362));
#5797=CARTESIAN_POINT('',(25.3680562724383,0.,-30.3126167340113));
#5798=CARTESIAN_POINT('',(29.677170892884,0.,-34.4877252580932));
#5799=CARTESIAN_POINT('',(32.3265704792416,0.,-23.1307590332686));
#5800=CARTESIAN_POINT('',(25.3680562724383,0.,-30.3126167340113));
#5801=CARTESIAN_POINT('',(36.6356850996872,0.,-27.3058675573506));
#5802=CARTESIAN_POINT('',(32.3265704792416,0.,-23.1307590332686));
#5803=CARTESIAN_POINT('',(37.422603589102,0.,-26.0661785072187));
#5804=CARTESIAN_POINT('',(36.6356850996872,0.,-27.3058675573506));
#5805=CARTESIAN_POINT('',(37.422603589102,0.,-26.0661785072187));
#5806=CARTESIAN_POINT('',(43.8704201083192,0.,-14.9915523369805));
#5807=CARTESIAN_POINT('',(43.8704201083192,0.,-14.9915523369805));
#5808=CARTESIAN_POINT('',(45.2917076332778,0.,1.94310265050016));
#5809=CARTESIAN_POINT('',(43.8704201083192,0.,-14.9915523369805));
#5810=CARTESIAN_POINT('',(45.3650012737325,0.,5.18418659759244));
#5811=CARTESIAN_POINT('',(45.3650012737325,0.,5.18418659759244));
#5812=CARTESIAN_POINT('',(38.6786695600805,0.,23.9286205726206));
#5813=CARTESIAN_POINT('',(38.6786695600805,0.,23.9286205726206));
#5814=CARTESIAN_POINT('',(37.7480865371178,0.,25.233923284365));
#5815=CARTESIAN_POINT('',(37.7480865371178,0.,25.233923284365));
#5816=CARTESIAN_POINT('',(33.4545456810717,0.,21.0428008908452));
#5817=CARTESIAN_POINT('',(37.7480865371178,0.,25.233923284365));
#5818=CARTESIAN_POINT('',(26.469341691872,0.,28.1987023175887));
#5819=CARTESIAN_POINT('',(33.4545456810717,0.,21.0428008908452));
#5820=CARTESIAN_POINT('',(30.7628825479181,0.,32.3898247111085));
#5821=CARTESIAN_POINT('',(26.469341691872,0.,28.1987023175887));
#5822=CARTESIAN_POINT('',(27.8727057887616,0.,35.3506287228978));
#5823=CARTESIAN_POINT('',(27.8727057887616,0.,35.3506287228978));
#5824=CARTESIAN_POINT('',(24.5468352269748,0.,38.4669685426124));
#5825=CARTESIAN_POINT('',(24.5468352269748,0.,38.4669685426124));
#5826=CARTESIAN_POINT('',(24.1115609436423,0.,38.5951270600625));
#5827=CARTESIAN_POINT('',(24.1115609436423,0.,38.5951270600625));
#5828=CARTESIAN_POINT('',(10.0751898295,0.,45.0415974278062));
#5829=CARTESIAN_POINT('',(24.1115609436423,0.,38.5951270600625));
#5830=CARTESIAN_POINT('',(9.52860709367805,0.,45.2675318231963));
#5831=CARTESIAN_POINT('Origin',(-7.4871404199576,-30.127277336954,36.1412480069358));
#5832=CARTESIAN_POINT('',(-11.3196009770036,-20.1386343687773,43.6738170683384));
#5833=CARTESIAN_POINT('',(-18.1512739509344,-33.2788825035095,31.3048586249352));
#5834=CARTESIAN_POINT('',(-11.3196009770036,-20.1386343687773,43.6738170683384));
#5835=CARTESIAN_POINT('',(5.46033307909966,-32.7219776809216,36.6605520248413));
#5836=CARTESIAN_POINT('',(5.46033307909966,-32.7219776809216,36.6605520248413));
#5837=CARTESIAN_POINT('',(-11.3196009770036,-20.1386343687773,43.6738170683384));
#5838=CARTESIAN_POINT('Origin',(-19.9348658406341,-23.9528259651458,36.4569549631697));
#5839=CARTESIAN_POINT('',(-30.7867582887411,-19.2192066460848,33.6331464350224));
#5840=CARTESIAN_POINT('',(-11.3196009770036,-20.1386343687773,43.6738170683384));
#5841=CARTESIAN_POINT('',(-18.1512739509344,-33.2788825035095,31.3048586249352));
#5842=CARTESIAN_POINT('Origin',(-29.3968053935355,-29.7436084820304,20.0759630117103));
#5843=CARTESIAN_POINT('',(-39.8949682712555,-26.0646864771843,10.1542454212904));
#5844=CARTESIAN_POINT('',(-18.1512739509344,-33.2788825035095,31.3048586249352));
#5845=CARTESIAN_POINT('',(-30.7867582887411,-19.2192066460848,33.6331464350224));
#5846=CARTESIAN_POINT('Origin',(24.7354668750505,-40.1994175793104,0.363685102847806));
#5847=CARTESIAN_POINT('',(33.2820962651514,-35.,-6.21153536547218));
#5848=CARTESIAN_POINT('',(33.0701798920512,-35.,8.20162147283554));
#5849=CARTESIAN_POINT('',(33.2820962651514,-35.,-6.21153536547218));
#5850=CARTESIAN_POINT('',(36.0370427370071,-33.1744328141212,8.20162147283554));
#5851=CARTESIAN_POINT('',(36.0370427370071,-33.1744328141212,8.20162147283554));
#5852=CARTESIAN_POINT('',(36.0370427370071,-33.1744328141212,8.20162147283554));
#5853=CARTESIAN_POINT('Origin',(16.4069858066537,-33.7027030151429,-26.0391139929604));
#5854=CARTESIAN_POINT('',(2.48220409459495,-35.,-33.133874627188));
#5855=CARTESIAN_POINT('',(21.6494058568551,-35.,-21.0568121222314));
#5856=CARTESIAN_POINT('',(2.48220409459495,-35.,-33.133874627188));
#5857=CARTESIAN_POINT('',(1.12274312414229,-34.1065563261509,-35.146851092577));
#5858=CARTESIAN_POINT('',(2.48220409459494,-35.,-33.133874627188));
#5859=CARTESIAN_POINT('',(28.2444078475237,-22.7021798491478,-32.8185670077801));
#5860=CARTESIAN_POINT('',(28.2444078475237,-22.7021798491478,-32.8185670077801));
#5861=CARTESIAN_POINT('',(28.2444078475237,-22.7021798491478,-32.8185670077801));
#5862=CARTESIAN_POINT('Origin',(7.9362935710252,-39.7688978743681,-23.0108758736615));
#5863=CARTESIAN_POINT('',(0.332318783408944,-35.,-33.8753553542704));
#5864=CARTESIAN_POINT('',(0.332318783408937,-35.,-33.8753553542704));
#5865=CARTESIAN_POINT('',(1.12274312414229,-34.1065563261509,-35.146851092577));
#5866=CARTESIAN_POINT('Origin',(-11.6878695160605,-33.5839899157687,-30.86426380157));
#5867=CARTESIAN_POINT('',(-14.9614448637735,-35.,-28.0838187387545));
#5868=CARTESIAN_POINT('',(0.332318783408938,-35.,-33.8753553542704));
#5869=CARTESIAN_POINT('',(-23.6543621867895,-26.8747713416815,-33.6331464350224));
#5870=CARTESIAN_POINT('',(-14.9614448637735,-35.,-28.0838187387544));
#5871=CARTESIAN_POINT('',(1.12274312414229,-34.1065563261509,-35.146851092577));
#5872=CARTESIAN_POINT('Origin',(-32.0365150194359,-34.0223948176027,2.47052806449143));
#5873=CARTESIAN_POINT('',(-30.4898692172243,-35.,9.06372253783477));
#5874=CARTESIAN_POINT('',(-31.6605421611085,-35.,-6.11695154097462));
#5875=CARTESIAN_POINT('',(-30.4898692172243,-35.,9.06372253783477));
#5876=CARTESIAN_POINT('',(-30.4898692172243,-35.,9.06372253783477));
#5877=CARTESIAN_POINT('',(-31.6605421611086,-35.,-6.11695154097462));
#5878=CARTESIAN_POINT('Origin',(-28.1969268263341,-31.8897286043427,18.1104254811971));
#5879=CARTESIAN_POINT('',(-18.8500518578539,-35.,27.1862718227656));
#5880=CARTESIAN_POINT('',(-18.8500518578539,-35.,27.1862718227656));
#5881=CARTESIAN_POINT('',(-18.1512739509344,-33.2788825035095,31.3048586249352));
#5882=CARTESIAN_POINT('Origin',(-16.0308113391799,-39.916343100367,19.4005121508379));
#5883=CARTESIAN_POINT('',(-16.9302114046422,-35.,28.7726526289771));
#5884=CARTESIAN_POINT('',(-16.9302114046422,-35.,28.7726526289771));
#5885=CARTESIAN_POINT('',(-16.9302114046422,-35.,28.7726526289771));
#5886=CARTESIAN_POINT('Origin',(-6.37048375833029,-39.6460850292287,23.8751553343592));
#5887=CARTESIAN_POINT('',(-13.2054505805809,-35.,29.7665112238654));
#5888=CARTESIAN_POINT('',(-16.9302114046422,-35.,28.7726526289771));
#5889=CARTESIAN_POINT('',(-13.2054505805809,-35.,29.7665112238654));
#5890=CARTESIAN_POINT('Origin',(-5.10397051925447,-38.342767006478,26.4888610041186));
#5891=CARTESIAN_POINT('',(6.2990933644642,-35.,33.5247180139397));
#5892=CARTESIAN_POINT('',(-13.2054505805809,-35.,29.7665112238654));
#5893=CARTESIAN_POINT('',(5.46033307909966,-32.7219776809216,36.6605520248413));
#5894=CARTESIAN_POINT('Origin',(18.5491918027449,-32.4053910399473,28.502315220288));
#5895=CARTESIAN_POINT('',(20.0748376221385,-35.,24.5595192051329));
#5896=CARTESIAN_POINT('',(20.0748376221385,-35.,24.5595192051329));
#5897=CARTESIAN_POINT('',(30.6248124688864,-27.4714957922697,26.2530874460936));
#5898=CARTESIAN_POINT('',(30.6248124688864,-27.4714957922697,26.2530874460936));
#5899=CARTESIAN_POINT('',(30.6248124688864,-27.4714957922697,26.2530874460936));
#5900=CARTESIAN_POINT('Origin',(23.1554944486763,-36.406637444573,17.5945902105087));
#5901=CARTESIAN_POINT('',(24.4541907680128,-35.,18.7960381439191));
#5902=CARTESIAN_POINT('',(20.0748376221385,-35.,24.5595192051329));
#5903=CARTESIAN_POINT('',(30.6248124688864,-27.4714957922697,26.2530874460936));
#5904=CARTESIAN_POINT('Origin',(-18.6545009657085,-36.0469403760044,-23.5573758743247));
#5905=CARTESIAN_POINT('',(-27.1513601791362,-35.,-18.4309275069183));
#5906=CARTESIAN_POINT('',(-27.1513601791362,-35.,-18.4309275069182));
#5907=CARTESIAN_POINT('',(-23.6543621867895,-26.8747713416815,-33.6331464350224));
#5908=CARTESIAN_POINT('Origin',(-10.2535911409231,-27.3926955394206,-36.9664075145019));
#5909=CARTESIAN_POINT('',(-1.41990091651678,-19.5642951875925,-45.2176295220852));
#5910=CARTESIAN_POINT('',(1.12274312414229,-34.1065563261509,-35.146851092577));
#5911=CARTESIAN_POINT('',(-1.41990091651678,-19.5642951875925,-45.2176295220852));
#5912=CARTESIAN_POINT('Origin',(6.3136275484482,-26.2689195197727,-39.526517014708));
#5913=CARTESIAN_POINT('',(17.4468792974949,-20.2995724976063,-41.7153537273407));
#5914=CARTESIAN_POINT('',(17.4468792974949,-20.2995724976063,-41.7153537273407));
#5915=CARTESIAN_POINT('',(17.4468792974949,-20.2995724976063,-41.7153537273407));
#5916=CARTESIAN_POINT('Origin',(0.350555631953486,-22.9605787088774,42.0350782550048));
#5917=CARTESIAN_POINT('',(11.2921679392457,-19.7934042662382,43.6738170683384));
#5918=CARTESIAN_POINT('',(11.2921679392457,-19.7934042662382,43.6738170683384));
#5919=CARTESIAN_POINT('',(11.2921679392457,-19.7934042662382,43.6738170683384));
#5920=CARTESIAN_POINT('Origin',(-21.3930009225104,-15.6611584508925,40.0433024608279));
#5921=CARTESIAN_POINT('',(-20.1518908143044,-5.95344044268131,44.503103941679));
#5922=CARTESIAN_POINT('',(-11.3196009770036,-20.1386343687773,43.6738170683384));
#5923=CARTESIAN_POINT('',(-20.1518908143044,-5.95344044268131,44.503103941679));
#5924=CARTESIAN_POINT('Origin',(19.3761318298185,-26.8159376139663,33.3216291722068));
#5925=CARTESIAN_POINT('',(30.6248124688864,-27.4714957922697,26.2530874460936));
#5926=CARTESIAN_POINT('Origin',(22.4566117132049,-36.4958832689797,18.2630085535362));
#5927=CARTESIAN_POINT('',(24.4541907680128,-35.,18.7960381439191));
#5928=CARTESIAN_POINT('',(36.0370427370071,-33.1744328141212,8.20162147283554));
#5929=CARTESIAN_POINT('Origin',(38.8960470926721,-27.3379322140848,-3.97201642704129));
#5930=CARTESIAN_POINT('',(32.8794715698589,-35.,-10.1542454212904));
#5931=CARTESIAN_POINT('',(32.8794715698589,-35.,-10.1542454212904));
#5932=CARTESIAN_POINT('',(43.9342819154263,-19.2713625729084,-10.1542454212904));
#5933=CARTESIAN_POINT('',(43.9342819154263,-19.2713625729084,-10.1542454212904));
#5934=CARTESIAN_POINT('',(43.9342819154263,-19.2713625729084,-10.1542454212904));
#5935=CARTESIAN_POINT('Origin',(21.5865659720657,-33.6516300188638,-23.0814407237046));
#5936=CARTESIAN_POINT('',(32.3613057691229,-35.,-11.0386708410914));
#5937=CARTESIAN_POINT('',(21.6494058568551,-35.,-21.0568121222314));
#5938=CARTESIAN_POINT('',(28.2444078475237,-22.7021798491478,-32.8185670077801));
#5939=CARTESIAN_POINT('Origin',(16.1321170734645,-32.5721560881699,-28.3748621051131));
#5940=CARTESIAN_POINT('',(28.2444078475237,-22.7021798491478,-32.8185670077801));
#5941=CARTESIAN_POINT('Origin',(-39.3735629141196,-14.9981682316384,19.6471008862326));
#5942=CARTESIAN_POINT('',(-40.7752394676208,-1.47560646291822,27.1609146147966));
#5943=CARTESIAN_POINT('',(-30.7867582887411,-19.2192066460848,33.6331464350224));
#5944=CARTESIAN_POINT('',(-39.8949682712555,-26.0646864771843,10.1542454212904));
#5945=CARTESIAN_POINT('Origin',(-35.7521681116431,-30.4056551927144,-1.39599592039981));
#5946=CARTESIAN_POINT('',(-31.452360914846,-35.,-11.4485795244845));
#5947=CARTESIAN_POINT('',(-31.6605421611085,-35.,-6.11695154097462));
#5948=CARTESIAN_POINT('',(-43.9918674528599,-20.4046294093132,-8.20162147283554));
#5949=CARTESIAN_POINT('',(-39.8949682712555,-26.0646864771843,10.1542454212904));
#5950=CARTESIAN_POINT('',(-31.452360914846,-35.,-11.4485795244845));
#5951=CARTESIAN_POINT('Origin',(0.,-35.,0.));
#5952=CARTESIAN_POINT('',(-30.3890617794166,-35.,-14.5774811933147));
#5953=CARTESIAN_POINT('',(-30.3890617794166,-35.,-14.5774811933147));
#5954=CARTESIAN_POINT('',(-30.3890617794166,-35.,-14.5774811933147));
#5955=CARTESIAN_POINT('',(32.3613057691229,-35.,-11.0386708410914));
#5956=CARTESIAN_POINT('',(-7.96249363618286,-35.,16.9282734096938));
#5957=CARTESIAN_POINT('',(-13.9729012762685,-35.,10.9178657696081));
#5958=CARTESIAN_POINT('',(-7.96249363618287,-35.,16.9282734096938));
#5959=CARTESIAN_POINT('',(-17.154881791608,-35.,14.0998462849476));
#5960=CARTESIAN_POINT('Origin',(-15.5638915339382,-35.,12.5088560272779));
#5961=CARTESIAN_POINT('',(-11.1444741515223,-35.,20.1102539250332));
#5962=CARTESIAN_POINT('',(-17.154881791608,-35.,14.0998462849476));
#5963=CARTESIAN_POINT('Origin',(-9.5534838938526,-35.,18.5192636673635));
#5964=CARTESIAN_POINT('Origin',(-27.4465492488923,-31.3339513353861,-23.0608471465145));
#5965=CARTESIAN_POINT('',(-37.2891053557396,-22.2302600741386,-23.7160883843899));
#5966=CARTESIAN_POINT('',(-30.3890617794166,-35.,-14.5774811933147));
#5967=CARTESIAN_POINT('',(-23.6543621867895,-26.8747713416815,-33.6331464350224));
#5968=CARTESIAN_POINT('Origin',(-15.6491796608805,-17.0658734082247,-40.8055099332678));
#5969=CARTESIAN_POINT('',(-22.8225495666265,-4.97965607792139,-43.109230697155));
#5970=CARTESIAN_POINT('',(-23.6543621867895,-26.8747713416815,-33.6331464350224));
#5971=CARTESIAN_POINT('',(-1.41990091651678,-19.5642951875925,-45.2176295220852));
#5972=CARTESIAN_POINT('Origin',(7.85332411728045,-14.2109803592282,-45.2893948898422));
#5973=CARTESIAN_POINT('',(4.11028834059834,-4.51219920068979,-48.981748521328));
#5974=CARTESIAN_POINT('',(4.11028834059834,-4.51219920068979,-48.981748521328));
#5975=CARTESIAN_POINT('',(17.4468792974949,-20.2995724976063,-41.7153537273407));
#5976=CARTESIAN_POINT('Origin',(-11.7382794411826,-9.98516333306394,45.7810116957049));
#5977=CARTESIAN_POINT('',(-1.76375498995185,-4.71223844215274,49.4885481894016));
#5978=CARTESIAN_POINT('',(-20.1518908143044,-5.95344044268131,44.503103941679));
#5979=CARTESIAN_POINT('',(-1.76375498995185,-4.71223844215274,49.4885481894016));
#5980=CARTESIAN_POINT('Origin',(0.260194132030809,-17.0421105910917,44.7848687977622));
#5981=CARTESIAN_POINT('',(-1.76375498995185,-4.71223844215274,49.4885481894016));
#5982=CARTESIAN_POINT('Origin',(-12.5613634776873,-1.41463529528723,46.6830826624166));
#5983=CARTESIAN_POINT('',(-20.1518908143044,-5.95344044268131,44.503103941679));
#5984=CARTESIAN_POINT('',(-3.92433365802284,-1.73472347597681E-15,49.0499799975846));
#5985=CARTESIAN_POINT('Origin',(-18.6379548712011,4.78577297273622,43.9760265924378));
#5986=CARTESIAN_POINT('',(-20.1518908143044,-5.95344044268131,44.503103941679));
#5987=CARTESIAN_POINT('Origin',(-30.7817611658931,-4.38903251482422,35.4724321225454));
#5988=CARTESIAN_POINT('',(-20.1518908143044,-5.95344044268131,44.503103941679));
#5989=CARTESIAN_POINT('Origin',(18.0642226200997,14.744852627808,39.3325522526135));
#5990=CARTESIAN_POINT('',(25.6570782512426,-0.913540425244719,41.7153537273407));
#5991=CARTESIAN_POINT('',(25.3885658893337,-3.46944695195361E-15,41.4962082266204));
#5992=CARTESIAN_POINT('',(25.6570782512426,-0.913540425244719,41.7153537273407));
#5993=CARTESIAN_POINT('Origin',(25.4840972647524,-15.7366571575945,35.2168078405076));
#5994=CARTESIAN_POINT('',(25.6570782512426,-0.913540425244719,41.7153537273407));
#5995=CARTESIAN_POINT('',(25.6570782512426,-0.913540425244719,41.7153537273407));
#5996=CARTESIAN_POINT('Origin',(32.279338117583,5.60513448012312,34.4496770602712));
#5997=CARTESIAN_POINT('',(25.6570782512426,-0.913540425244719,41.7153537273407));
#5998=CARTESIAN_POINT('',(31.4378242970197,1.32272665043232E-14,36.1501586520828));
#5999=CARTESIAN_POINT('Origin',(37.3090274773484,-22.8807308264011,18.4147046670006));
#6000=CARTESIAN_POINT('',(45.4393066465855,-14.6328629925847,12.1905719861388));
#6001=CARTESIAN_POINT('',(45.4393066465855,-14.6328629925847,12.1905719861388));
#6002=CARTESIAN_POINT('',(45.4393066465855,-14.6328629925847,12.1905719861388));
#6003=CARTESIAN_POINT('Origin',(31.8009850801445,-12.1246924908264,31.0424018715688));
#6004=CARTESIAN_POINT('',(40.2578116591766,5.63785129692462E-15,27.1146372490852));
#6005=CARTESIAN_POINT('Origin',(36.1712339706313,-13.4923333622177,25.7873793946979));
#6006=CARTESIAN_POINT('',(41.2024884804322,-2.60208521396521E-15,25.7895655616809));
#6007=CARTESIAN_POINT('Origin',(42.1857271977052,-21.7521563499192,1.67407075581277));
#6008=CARTESIAN_POINT('',(43.9342819154263,-19.2713625729084,-10.1542454212904));
#6009=CARTESIAN_POINT('Origin',(44.6428180227115,-1.87347895190762,15.9245507402207));
#6010=CARTESIAN_POINT('',(48.4416725683925,0.,5.49526758469183));
#6011=CARTESIAN_POINT('Origin',(46.1500507851012,-9.94656936193182,-1.04363394605749));
#6012=CARTESIAN_POINT('',(48.3661200294863,-3.03576608295941E-15,2.15429394097763));
#6013=CARTESIAN_POINT('Origin',(46.4146527194839,-8.18595927819872,-3.89547746524844));
#6014=CARTESIAN_POINT('',(46.8079447746277,-0.11033371265512,-16.1795243620872));
#6015=CARTESIAN_POINT('',(46.886871424446,-3.12250225675825E-14,-15.4709678918101));
#6016=CARTESIAN_POINT('',(46.8079447746277,-0.11033371265512,-16.1795243620872));
#6017=CARTESIAN_POINT('Origin',(46.4302934708831,8.92518892287583,-6.5617024736597));
#6018=CARTESIAN_POINT('',(46.7927993286336,0.,-16.1366175511054));
#6019=CARTESIAN_POINT('Origin',(40.7929285817244,9.69728079134176,-22.7767355378101));
#6020=CARTESIAN_POINT('',(45.5446407624991,-1.65882932390282E-14,-18.3951154975082));
#6021=CARTESIAN_POINT('',(46.8079447746277,-0.11033371265512,-16.1795243620872));
#6022=CARTESIAN_POINT('Origin',(42.7950631904097,12.4927698390131,-17.018821548628));
#6023=CARTESIAN_POINT('Origin',(34.5235382358848,-24.2647317305617,-20.2265973294428));
#6024=CARTESIAN_POINT('',(43.9342819154263,-19.2713625729084,-10.1542454212904));
#6025=CARTESIAN_POINT('Origin',(38.6872714193527,-12.9413212435077,-22.7034891129753));
#6026=CARTESIAN_POINT('',(39.6796954787154,-2.81892564846231E-15,-28.3891181340332));
#6027=CARTESIAN_POINT('Origin',(27.4659763374336,-12.9419238237057,-36.8289175977866));
#6028=CARTESIAN_POINT('',(26.8546137958765,-0.334023585310206,-41.7153537273407));
#6029=CARTESIAN_POINT('',(26.8546137958765,-0.334023585310206,-41.7153537273407));
#6030=CARTESIAN_POINT('',(26.8546137958765,-0.334023585310206,-41.7153537273407));
#6031=CARTESIAN_POINT('Origin',(37.2927274633585,-14.1659374347663,-23.6723368319661));
#6032=CARTESIAN_POINT('',(39.3098087347171,-1.0842021724855E-16,-28.9718272106298));
#6033=CARTESIAN_POINT('Origin',(15.5674132534301,-7.33534005792658,-44.5092764351177));
#6034=CARTESIAN_POINT('',(4.11028834059834,-4.51219920068979,-48.981748521328));
#6035=CARTESIAN_POINT('Origin',(-32.9349654555729,12.488354650457,29.9591347789793));
#6036=CARTESIAN_POINT('',(-40.7752394676208,-1.47560646291822,27.1609146147966));
#6037=CARTESIAN_POINT('',(-38.9932124508568,-6.93889390390723E-15,28.5048486670191));
#6038=CARTESIAN_POINT('Origin',(-36.1712339706313,13.4923333622177,25.7873793946979));
#6039=CARTESIAN_POINT('',(-40.7752394676208,-1.47560646291822,27.1609146147966));
#6040=CARTESIAN_POINT('Origin',(-41.7798902280979,-12.4741658608845,15.873221583712));
#6041=CARTESIAN_POINT('',(-49.0669868886471,-3.04764276370406,4.10081073641777));
#6042=CARTESIAN_POINT('',(-49.0669868886471,-3.04764276370406,4.10081073641777));
#6043=CARTESIAN_POINT('',(-39.8949682712555,-26.0646864771843,10.1542454212904));
#6044=CARTESIAN_POINT('Origin',(-44.6428180227115,1.87347895190762,15.9245507402207));
#6045=CARTESIAN_POINT('',(-49.0669868886471,-3.04764276370406,4.10081073641777));
#6046=CARTESIAN_POINT('Origin',(-44.0878404751465,-16.302631443424,4.81315394934334));
#6047=CARTESIAN_POINT('',(-43.9918674528599,-20.4046294093132,-8.20162147283554));
#6048=CARTESIAN_POINT('Origin',(-36.2935486004574,-28.4375253010941,-12.3336886016499));
#6049=CARTESIAN_POINT('',(-37.2891053557396,-22.2302600741386,-23.7160883843899));
#6050=CARTESIAN_POINT('Origin',(-46.4302934708831,-8.92518892287583,-6.5617024736597));
#6051=CARTESIAN_POINT('',(-43.9918674528599,-20.4046294093132,-8.20162147283554));
#6052=CARTESIAN_POINT('',(-46.886871424446,1.34441069388203E-14,-15.47096789181));
#6053=CARTESIAN_POINT('Origin',(-28.8352438670102,-11.2095301886063,-34.3951152987482));
#6054=CARTESIAN_POINT('',(-39.56438601017,-0.522300018928945,-28.8833267986774));
#6055=CARTESIAN_POINT('',(-37.2891053557396,-22.2302600741386,-23.7160883843899));
#6056=CARTESIAN_POINT('',(-23.6543621867895,-26.8747713416815,-33.6331464350224));
#6057=CARTESIAN_POINT('Origin',(-38.6872714193527,12.9413212435077,-22.7034891129753));
#6058=CARTESIAN_POINT('',(-45.5446407624983,-5.50910228894197E-14,-18.3951154975097));
#6059=CARTESIAN_POINT('',(-39.56438601017,-0.522300018928945,-28.8833267986774));
#6060=CARTESIAN_POINT('Origin',(-42.7950631904097,-12.4927698390131,-17.018821548628));
#6061=CARTESIAN_POINT('',(-37.2891053557396,-22.2302600741386,-23.7160883843899));
#6062=CARTESIAN_POINT('Origin',(-40.7929285817244,-9.69728079134176,-22.7767355378101));
#6063=CARTESIAN_POINT('Origin',(-30.8703658493425,-12.8130861050544,-32.3152843079787));
#6064=CARTESIAN_POINT('',(-39.56438601017,-0.522300018928945,-28.8833267986774));
#6065=CARTESIAN_POINT('Origin',(-37.2927274633585,14.1659374347663,-23.6723368319661));
#6066=CARTESIAN_POINT('',(-39.56438601017,-0.522300018928945,-28.8833267986774));
#6067=CARTESIAN_POINT('Origin',(-28.4351014100146,7.77658526912328,-35.9006239726032));
#6068=CARTESIAN_POINT('',(-22.8225495666265,-4.97965607792139,-43.109230697155));
#6069=CARTESIAN_POINT('Origin',(-28.059020247364,7.96306368522291,-36.2041035388073));
#6070=CARTESIAN_POINT('',(-22.8225495666265,-4.97965607792139,-43.109230697155));
#6071=CARTESIAN_POINT('Origin',(-9.77258998001315,-7.77238236847814,-45.4382333856367));
#6072=CARTESIAN_POINT('',(-22.8225495666265,-4.97965607792139,-43.109230697155));
#6073=CARTESIAN_POINT('Origin',(-22.2592105203667,7.01505195792102,-41.3787780082876));
#6074=CARTESIAN_POINT('',(-22.8225495666265,-4.97965607792139,-43.109230697155));
#6075=CARTESIAN_POINT('Origin',(15.0282293211607,-2.70925281406133,-45.4815921819843));
#6076=CARTESIAN_POINT('',(5.67785535848057,-3.46944695195361E-15,-48.7325692886925));
#6077=CARTESIAN_POINT('',(26.8546137958765,-0.334023585310206,-41.7153537273407));
#6078=CARTESIAN_POINT('Origin',(-9.56642149530087,-10.3614182115668,-44.6987822847463));
#6079=CARTESIAN_POINT('',(4.11028834059834,-4.51219920068979,-48.981748521328));
#6080=CARTESIAN_POINT('Origin',(-0.34988812820448,2.80140346364136,-48.5273883053413));
#6081=CARTESIAN_POINT('Origin',(32.8845799637581,9.05511005583651,-33.1755557830822));
#6082=CARTESIAN_POINT('',(26.8546137958765,-0.334023585310206,-41.7153537273407));
#6083=CARTESIAN_POINT('',(26.8120293456103,-6.93889390390723E-15,-41.6663945304893));
#6084=CARTESIAN_POINT('Origin',(19.2619925881361,8.79374526180276,-43.2412517239821));
#6085=CARTESIAN_POINT('Origin',(-46.1500507851012,9.94656936193182,-1.04363394605749));
#6086=CARTESIAN_POINT('',(-49.0669868886471,-3.04764276370406,4.10081073641777));
#6087=CARTESIAN_POINT('Origin',(-46.4146527194839,8.18595927819872,-3.89547746524844));
#6088=CARTESIAN_POINT('Origin',(32.9771080021197,-10.6595719659134,-31.9515763321664));
#6089=CARTESIAN_POINT('Origin',(8.76767333783493,-10.2483631862253,46.2665128280046));
#6090=CARTESIAN_POINT('',(-1.76375498995185,-4.71223844215274,49.4885481894016));
#6091=CARTESIAN_POINT('',(10.3431531470836,1.24683249835833E-15,48.2380393188388));
#6092=CARTESIAN_POINT('Origin',(17.8614598463832,-9.10768491261875,43.2106212591172));
#6093=CARTESIAN_POINT('Origin',(12.0836356650236,13.3967329422296,41.040548523742));
#6094=CARTESIAN_POINT('Origin',(-29.6075380873824,2.98605737449032,35.9803274060797));
#6095=CARTESIAN_POINT('Origin',(2.40242660028674,5.57698892283739,48.0870941462833));
#6096=CARTESIAN_POINT('Origin',(-43.5121986655783,-8.36425024501585,-6.14930641774527));
#6097=CARTESIAN_POINT('',(-45.9474802186258,-2.90357887868746,3.6550566816567));
#6098=CARTESIAN_POINT('',(-43.8704201083192,2.16840434497101E-16,-14.9915523369805));
#6099=CARTESIAN_POINT('',(-45.9366669460392,-2.95249455794911,3.6450772988455));
#6100=CARTESIAN_POINT('',(-45.9474802186258,-2.90357887868746,3.6550566816567));
#6101=CARTESIAN_POINT('',(-41.2442798403998,-19.0005307389889,-7.72958589816925));
#6102=CARTESIAN_POINT('',(-41.2442798403998,-19.0005307389889,-7.72958589816925));
#6103=CARTESIAN_POINT('',(-43.8514339619258,-0.0075612480738875,-15.1156126375877));
#6104=CARTESIAN_POINT('',(-41.2442798403998,-19.0005307389889,-7.72958589816925));
#6105=CARTESIAN_POINT('',(-43.8541508233736,1.55040910665427E-14,-15.106673020617));
#6106=CARTESIAN_POINT('Origin',(-36.2012901690128,12.1097329513985,-21.2445997630296));
#6107=CARTESIAN_POINT('',(-43.8065420257983,-0.0354639793297063,-15.2080145021566));
#6108=CARTESIAN_POINT('',(-43.8065420257983,-0.0354639793297064,-15.2080145021566));
#6109=CARTESIAN_POINT('',(-37.2891069000694,-0.604679945958997,-26.6383363816189));
#6110=CARTESIAN_POINT('',(-43.8065420257983,-0.0354639793297039,-15.2080145021566));
#6111=CARTESIAN_POINT('',(-37.2891069000695,-0.60467994595902,-26.6383363816189));
#6112=CARTESIAN_POINT('Origin',(-7.01569233237954,-28.2302316709504,33.8655163791256));
#6113=CARTESIAN_POINT('',(-10.6775885505167,-18.8577418391365,40.919796000665));
#6114=CARTESIAN_POINT('',(-16.9739365395461,-30.9683295727974,29.5200602523802));
#6115=CARTESIAN_POINT('',(-10.6775885505167,-18.8577418391365,40.919796000665));
#6116=CARTESIAN_POINT('',(-10.6268499633806,-18.8202366957797,40.9615713920899));
#6117=CARTESIAN_POINT('',(-10.6268499633806,-18.8202366957797,40.9615713920899));
#6118=CARTESIAN_POINT('',(-10.5255228413455,-18.8678677006395,40.9428575363289));
#6119=CARTESIAN_POINT('',(-10.5255228413455,-18.8678677006395,40.9428575363289));
#6120=CARTESIAN_POINT('',(5.03248513661234,-30.5290170463628,34.4444034547773));
#6121=CARTESIAN_POINT('',(-10.5255228413455,-18.8678677006395,40.9428575363289));
#6122=CARTESIAN_POINT('',(-16.9352694753738,-31.0433485998278,29.4655349273712));
#6123=CARTESIAN_POINT('',(5.02812630388964,-30.5253185896586,34.4473734640241));
#6124=CARTESIAN_POINT('',(-16.9352694753738,-31.0433485998278,29.4655349273712));
#6125=CARTESIAN_POINT('Origin',(-18.6879205471355,-22.4545533486153,34.1765368871196));
#6126=CARTESIAN_POINT('',(-28.6193134046783,-18.0103598120806,31.6659051028092));
#6127=CARTESIAN_POINT('',(-10.6775885505167,-18.8577418391365,40.919796000665));
#6128=CARTESIAN_POINT('',(-16.9739365395461,-30.9683295727974,29.5200602523802));
#6129=CARTESIAN_POINT('Origin',(-27.4956812374304,-27.8200561838152,18.7776281168912));
#6130=CARTESIAN_POINT('',(-16.9346905083996,-31.0649713861814,29.4343473867408));
#6131=CARTESIAN_POINT('',(-37.264616254024,-24.3198402521173,9.65894079897153));
#6132=CARTESIAN_POINT('',(-16.9346905083996,-31.0649713861814,29.4343473867408));
#6133=CARTESIAN_POINT('',(-28.7721260868315,-17.9371184805581,31.5506556780087));
#6134=CARTESIAN_POINT('',(-28.7721260868315,-17.9371184805581,31.5506556780087));
#6135=CARTESIAN_POINT('',(-28.6340829230648,-17.9977630359896,31.6629412060563));
#6136=CARTESIAN_POINT('',(-28.7721260868315,-17.9371184805581,31.5506556780087));
#6137=CARTESIAN_POINT('',(-28.6193134046783,-18.0103598120806,31.6659051028092));
#6138=CARTESIAN_POINT('',(-16.9352694753738,-31.0433485998278,29.4655349273712));
#6139=CARTESIAN_POINT('Origin',(23.1633428015202,-37.6444436854448,0.340570192251634));
#6140=CARTESIAN_POINT('',(32.3420213385055,-32.,-0.0321428861144186));
#6141=CARTESIAN_POINT('',(32.2301306657357,-32.,7.57792419733615));
#6142=CARTESIAN_POINT('',(32.3420213385055,-32.,-0.0321428861144185));
#6143=CARTESIAN_POINT('',(33.7824479588552,-31.0448296195394,7.57792419733616));
#6144=CARTESIAN_POINT('',(33.7854459158859,-31.0435137050116,7.51947564099197));
#6145=CARTESIAN_POINT('Origin',(15.3285474449986,-31.4874095876165,-24.3275516277312));
#6146=CARTESIAN_POINT('',(0.877646597855396,-32.,-32.7694687649616));
#6147=CARTESIAN_POINT('',(20.8270464780064,-32.,-20.1995510337598));
#6148=CARTESIAN_POINT('',(0.877646597855389,-32.,-32.7694687649616));
#6149=CARTESIAN_POINT('',(26.5596863921577,-21.310242096427,-30.4233395349252));
#6150=CARTESIAN_POINT('',(26.5596863921577,-21.310242096427,-30.4233395349252));
#6151=CARTESIAN_POINT('',(26.5591768568061,-21.3044465404857,-30.4311618379433));
#6152=CARTESIAN_POINT('',(26.5596863921577,-21.310242096427,-30.4233395349252));
#6153=CARTESIAN_POINT('',(26.3740996054294,-21.0530428859262,-30.8731715985721));
#6154=CARTESIAN_POINT('',(26.5591768568061,-21.3044465404857,-30.4311618379433));
#6155=CARTESIAN_POINT('',(26.26049258333,-21.0055035630956,-31.0062849018495));
#6156=CARTESIAN_POINT('',(26.26049258333,-21.0055035630956,-31.0062849018495));
#6157=CARTESIAN_POINT('',(26.1026208943322,-20.9861347710069,-31.130827511443));
#6158=CARTESIAN_POINT('',(26.1026208943322,-20.9861347710069,-31.130827511443));
#6159=CARTESIAN_POINT('',(1.23577199024495,-31.4423847686142,-33.2655448723771));
#6160=CARTESIAN_POINT('',(26.1026208943322,-20.9861347710069,-31.130827511443));
#6161=CARTESIAN_POINT('',(1.11160847464311,-31.5351264518408,-33.2237425142392));
#6162=CARTESIAN_POINT('',(1.11160847464311,-31.5351264518408,-33.2237425142392));
#6163=CARTESIAN_POINT('',(0.902598019490159,-31.8779272105027,-32.9117472369189));
#6164=CARTESIAN_POINT('',(1.11160847464312,-31.5351264518408,-33.2237425142392));
#6165=CARTESIAN_POINT('',(0.902598019490159,-31.8779272105027,-32.9117472369189));
#6166=CARTESIAN_POINT('Origin',(-10.9431982276461,-31.444247252976,-28.897803527566));
#6167=CARTESIAN_POINT('',(-14.7837803691761,-32.,-26.8387031389672));
#6168=CARTESIAN_POINT('',(-22.0760700297536,-25.1821691991744,-31.4963647140294));
#6169=CARTESIAN_POINT('',(-14.7837803691761,-32.,-26.8387031389672));
#6170=CARTESIAN_POINT('',(0.877646597855395,-32.,-32.7694687649616));
#6171=CARTESIAN_POINT('',(-22.0447170521519,-25.1802098425351,-31.5098297301554));
#6172=CARTESIAN_POINT('',(0.902598019490157,-31.8779272105027,-32.9117472369189));
#6173=CARTESIAN_POINT('',(-22.0746001252287,-25.1804248729006,-31.4982794453736));
#6174=CARTESIAN_POINT('Origin',(-29.9827633978343,-31.8413352209197,2.31215094339748));
#6175=CARTESIAN_POINT('',(-29.3390030552097,-32.,8.47507713991821));
#6176=CARTESIAN_POINT('',(-30.3366072543126,-32.,-4.46133202999333));
#6177=CARTESIAN_POINT('',(-29.3390030552097,-32.,8.47507713991821));
#6178=CARTESIAN_POINT('',(-37.3499340210096,-24.3895908308917,9.40142672176325));
#6179=CARTESIAN_POINT('',(-30.3366072543126,-32.,-4.46133202999333));
#6180=CARTESIAN_POINT('',(-29.3390030552097,-32.,8.47507713991821));
#6181=CARTESIAN_POINT('Origin',(-26.368341486047,-29.8216631520049,16.9359549885351));
#6182=CARTESIAN_POINT('',(-17.1309059500802,-32.,27.4824064331758));
#6183=CARTESIAN_POINT('',(-17.1309059500802,-32.,27.4824064331758));
#6184=CARTESIAN_POINT('',(-37.2960225555192,-24.3339174488065,9.58525511066674));
#6185=CARTESIAN_POINT('',(-37.2960225555192,-24.3339174488065,9.58525511066674));
#6186=CARTESIAN_POINT('',(-37.264616254024,-24.3198402521173,9.65894079897153));
#6187=CARTESIAN_POINT('',(-16.9330806260273,-31.0719806158981,29.4245116875119));
#6188=CARTESIAN_POINT('',(-16.9346905083996,-31.0649713861814,29.4343473867408));
#6189=CARTESIAN_POINT('',(-16.9043226451972,-31.441916399209,28.8178851308312));
#6190=CARTESIAN_POINT('',(-16.9330806260273,-31.0719806158981,29.4245116875119));
#6191=CARTESIAN_POINT('',(-16.9043226451972,-31.441916399209,28.8178851308312));
#6192=CARTESIAN_POINT('Origin',(-15.0116387524906,-37.3786273361405,18.1671079435573));
#6193=CARTESIAN_POINT('',(-16.5083851313347,-32.,27.9968007812442));
#6194=CARTESIAN_POINT('',(-16.5083851313347,-32.,27.9968007812442));
#6195=CARTESIAN_POINT('',(-16.5083851313347,-32.,27.9968007812442));
#6196=CARTESIAN_POINT('Origin',(-5.96138827582224,-37.1001191497335,22.3419565127325));
#6197=CARTESIAN_POINT('',(-14.2663132685451,-32.,28.5950411774587));
#6198=CARTESIAN_POINT('',(-14.2663132685452,-32.,28.5950411774586));
#6199=CARTESIAN_POINT('',(-16.5083851313347,-32.,27.9968007812442));
#6200=CARTESIAN_POINT('Origin',(-4.77736191956018,-35.8891718312811,24.793810108465));
#6201=CARTESIAN_POINT('',(5.12480611667706,-30.6343492510671,34.3081796220503));
#6202=CARTESIAN_POINT('',(5.12480611667706,-30.6343492510671,34.3081796220503));
#6203=CARTESIAN_POINT('',(5.62763420676647,-32.,32.4282796624883));
#6204=CARTESIAN_POINT('',(5.12480611667706,-30.6343492510671,34.3081796220503));
#6205=CARTESIAN_POINT('',(-14.2663132685451,-32.,28.5950411774587));
#6206=CARTESIAN_POINT('Origin',(17.3645474282493,-30.3358203218785,26.6820144899448));
#6207=CARTESIAN_POINT('',(19.7682806364238,-32.,23.2256039917129));
#6208=CARTESIAN_POINT('',(19.7682806364238,-32.,23.2256039917129));
#6209=CARTESIAN_POINT('',(28.3972739511407,-25.7786290521157,24.6832086105089));
#6210=CARTESIAN_POINT('',(28.3972739511407,-25.7786290521157,24.6832086105089));
#6211=CARTESIAN_POINT('',(28.4750210756397,-25.7868352309429,24.6232811714542));
#6212=CARTESIAN_POINT('',(28.3972739511407,-25.7786290521157,24.6832086105089));
#6213=CARTESIAN_POINT('',(28.4750210756397,-25.7868352309429,24.6232811714542));
#6214=CARTESIAN_POINT('Origin',(21.6646702928881,-34.0626626849886,16.4617947025069));
#6215=CARTESIAN_POINT('',(28.5944109829168,-25.7432382309506,24.5563678674951));
#6216=CARTESIAN_POINT('',(28.5944109829168,-25.7432382309506,24.5563678674951));
#6217=CARTESIAN_POINT('',(28.6575448342307,-25.7322701493107,24.4959751809258));
#6218=CARTESIAN_POINT('',(28.6575448342307,-25.7322701493107,24.4959751809258));
#6219=CARTESIAN_POINT('',(23.5202972795089,-32.,18.2877339128517));
#6220=CARTESIAN_POINT('',(28.6575448342307,-25.7322701493107,24.4959751809258));
#6221=CARTESIAN_POINT('',(19.7682806364238,-32.,23.2256039917129));
#6222=CARTESIAN_POINT('Origin',(-17.4619843070091,-33.7425862165151,-22.0514356609137));
#6223=CARTESIAN_POINT('',(-25.313925366635,-32.,-18.500142805588));
#6224=CARTESIAN_POINT('',(-25.313925366635,-32.,-18.500142805588));
#6225=CARTESIAN_POINT('',(-22.2570989830242,-25.2088289635582,-31.312457291256));
#6226=CARTESIAN_POINT('',(-22.073083937804,-25.1823044024396,-31.4987614931892));
#6227=CARTESIAN_POINT('',(-22.3933525120531,-25.2140875377421,-31.1965149590756));
#6228=CARTESIAN_POINT('',(-22.2570989830242,-25.2088289635582,-31.312457291256));
#6229=CARTESIAN_POINT('',(-22.3933525120531,-25.2140875377421,-31.1965149590756));
#6230=CARTESIAN_POINT('Origin',(-9.60102560968023,-25.6493522881462,-34.6137680317783));
#6231=CARTESIAN_POINT('',(-1.19627579700739,-18.335537669758,-42.3646960921198));
#6232=CARTESIAN_POINT('',(1.11160847464311,-31.5351264518408,-33.2237425142392));
#6233=CARTESIAN_POINT('',(-1.21931621992821,-18.3330191535992,-42.3601714942147));
#6234=CARTESIAN_POINT('',(-1.21931621992821,-18.3330191535992,-42.3601714942147));
#6235=CARTESIAN_POINT('',(-1.21931621992821,-18.3330191535992,-42.3601714942147));
#6236=CARTESIAN_POINT('Origin',(5.91801693276258,-24.622914375366,-37.0497935127111));
#6237=CARTESIAN_POINT('',(15.9835137226867,-18.9687182024307,-39.1997382286227));
#6238=CARTESIAN_POINT('',(-1.15074571296273,-18.3009607979338,-42.3804029420316));
#6239=CARTESIAN_POINT('',(15.9835137226867,-18.9687182024307,-39.1997382286227));
#6240=CARTESIAN_POINT('',(-1.15074571296274,-18.3009607979338,-42.3804029420316));
#6241=CARTESIAN_POINT('',(15.9835137226867,-18.9687182024307,-39.1997382286227));
#6242=CARTESIAN_POINT('Origin',(0.328599441262756,-21.5224992756863,39.4023144088684));
#6243=CARTESIAN_POINT('',(10.4042014321945,-18.6325576792533,40.8968440986814));
#6244=CARTESIAN_POINT('',(10.4042014321945,-18.6325576792533,40.8968440986814));
#6245=CARTESIAN_POINT('',(10.3925231517161,-18.548496881406,40.9428575363289));
#6246=CARTESIAN_POINT('',(10.3925231517161,-18.548496881406,40.9428575363289));
#6247=CARTESIAN_POINT('',(10.3925231517161,-18.548496881406,40.9428575363289));
#6248=CARTESIAN_POINT('Origin',(-20.05663375737,-14.6828451231998,37.5418976889461));
#6249=CARTESIAN_POINT('',(-18.8344458706814,-5.77385010735069,41.6792050284419));
#6250=CARTESIAN_POINT('',(-18.8344458706814,-5.77385010735069,41.6792050284419));
#6251=CARTESIAN_POINT('',(-18.7419161546577,-5.71751715913731,41.7506708504986));
#6252=CARTESIAN_POINT('',(-18.7419161546577,-5.71751715913731,41.7506708504986));
#6253=CARTESIAN_POINT('',(-10.6282533392364,-18.7485524407963,40.9888577542929));
#6254=CARTESIAN_POINT('',(-10.6282533392364,-18.7485524407963,40.9888577542929));
#6255=CARTESIAN_POINT('',(-10.6282533392364,-18.7485524407963,40.9888577542929));
#6256=CARTESIAN_POINT('Origin',(18.1381968653431,-25.1026757994263,31.1927207715074));
#6257=CARTESIAN_POINT('',(28.3972739511407,-25.7786290521157,24.6832086105089));
#6258=CARTESIAN_POINT('Origin',(21.0103163477139,-34.1454028178086,17.0867979582677));
#6259=CARTESIAN_POINT('',(28.7281123394125,-25.7232642008738,24.4272008047394));
#6260=CARTESIAN_POINT('',(28.7281123394125,-25.7232642008738,24.4272008047394));
#6261=CARTESIAN_POINT('',(28.8769916075315,-25.7407293311869,24.2092340189378));
#6262=CARTESIAN_POINT('',(28.8769916075315,-25.7407293311869,24.2092340189378));
#6263=CARTESIAN_POINT('',(33.8242440038972,-30.9537131567021,7.70861341154421));
#6264=CARTESIAN_POINT('',(23.5202972795089,-32.,18.2877339128517));
#6265=CARTESIAN_POINT('Origin',(36.450158944551,-25.6188494436106,-3.7222453415658));
#6266=CARTESIAN_POINT('',(31.3899961353343,-32.,-9.35486795941891));
#6267=CARTESIAN_POINT('',(31.3899961353343,-32.,-9.35486795941891));
#6268=CARTESIAN_POINT('',(41.0452897663507,-18.2625763783224,-9.35486795941891));
#6269=CARTESIAN_POINT('Origin',(20.1837642742196,-31.4647808559705,-21.5814946795841));
#6270=CARTESIAN_POINT('',(30.1382589811029,-32.,-11.4913813235565));
#6271=CARTESIAN_POINT('',(20.8270464780064,-32.,-20.1995510337598));
#6272=CARTESIAN_POINT('',(26.5596863921577,-21.310242096427,-30.4233395349252));
#6273=CARTESIAN_POINT('Origin',(15.0825795619258,-30.4530480076527,-26.5288252812768));
#6274=CARTESIAN_POINT('',(26.1026208943322,-20.9861347710069,-31.130827511443));
#6275=CARTESIAN_POINT('',(16.1063849970291,-18.9105141368637,-39.1966953284063));
#6276=CARTESIAN_POINT('Origin',(-36.8327343191499,-14.0303164068434,18.3792472289733));
#6277=CARTESIAN_POINT('',(-38.1162318090213,-1.42257939062638,25.4315391892087));
#6278=CARTESIAN_POINT('',(-37.2960225555192,-24.3339174488065,9.58525511066674));
#6279=CARTESIAN_POINT('',(-38.0788008360178,-1.45127237531495,25.4846487327035));
#6280=CARTESIAN_POINT('',(-38.1162318090213,-1.42257939062637,25.4315391892087));
#6281=CARTESIAN_POINT('',(-37.9564714760735,-1.6219901229657,25.5994793768623));
#6282=CARTESIAN_POINT('',(-38.0788008360178,-1.45127237531496,25.4846487327035));
#6283=CARTESIAN_POINT('',(-28.7721260868315,-17.9371184805581,31.5506556780087));
#6284=CARTESIAN_POINT('Origin',(-33.4678750383504,-28.4629638479894,-1.30680234194727));
#6285=CARTESIAN_POINT('',(-30.090524340876,-32.,-10.7636410568468));
#6286=CARTESIAN_POINT('',(-30.3366072543126,-32.,-4.46133202999333));
#6287=CARTESIAN_POINT('',(-41.1312126773469,-19.1491802840441,-7.90478438803176));
#6288=CARTESIAN_POINT('',(-30.090524340876,-32.,-10.7636410568468));
#6289=CARTESIAN_POINT('',(-41.2301204667553,-19.0406415088731,-7.73574711640182));
#6290=CARTESIAN_POINT('',(-41.1312126773469,-19.1491802840441,-7.90478438803176));
#6291=CARTESIAN_POINT('',(-37.4381238772096,-24.279461442342,9.25402528835223));
#6292=CARTESIAN_POINT('',(-37.4381238772096,-24.279461442342,9.25402528835223));
#6293=CARTESIAN_POINT('',(-37.4381238772096,-24.279461442342,9.25402528835222));
#6294=CARTESIAN_POINT('Origin',(0.,-32.,0.));
#6295=CARTESIAN_POINT('',(30.1382589811029,-32.,-11.4913813235565));
#6296=CARTESIAN_POINT('',(-28.9198864325507,-32.,-14.208401597798));
#6297=CARTESIAN_POINT('',(-28.9198864325507,-32.,-14.208401597798));
#6298=CARTESIAN_POINT('',(-28.9198864325507,-32.,-14.208401597798));
#6299=CARTESIAN_POINT('',(-13.9729012762685,-32.,10.9178657696081));
#6300=CARTESIAN_POINT('',(-17.154881791608,-32.,14.0998462849476));
#6301=CARTESIAN_POINT('Origin',(-15.5638915339382,-32.,12.5088560272779));
#6302=CARTESIAN_POINT('',(-7.96249363618286,-32.,16.9282734096938));
#6303=CARTESIAN_POINT('',(-7.96249363618287,-32.,16.9282734096938));
#6304=CARTESIAN_POINT('',(-11.1444741515223,-32.,20.1102539250332));
#6305=CARTESIAN_POINT('Origin',(-9.5534838938526,-32.,18.5192636673635));
#6306=CARTESIAN_POINT('',(-17.154881791608,-32.,14.0998462849476));
#6307=CARTESIAN_POINT('Origin',(-25.7171720251016,-29.3596331331454,-21.6078082433412));
#6308=CARTESIAN_POINT('',(-34.8860290105314,-20.9586075451976,-22.1101246612874));
#6309=CARTESIAN_POINT('',(-22.3933525120531,-25.2140875377421,-31.1965149590756));
#6310=CARTESIAN_POINT('',(-28.9198864325507,-32.,-14.208401597798));
#6311=CARTESIAN_POINT('Origin',(-14.6485345670716,-15.9746416077366,-38.1963103330379));
#6312=CARTESIAN_POINT('',(-21.2759691082274,-4.66559654129157,-40.3843682152357));
#6313=CARTESIAN_POINT('',(-1.21931621992821,-18.3330191535992,-42.3601714942147));
#6314=CARTESIAN_POINT('',(-21.2953118912998,-4.67804438234314,-40.3717441365788));
#6315=CARTESIAN_POINT('',(-21.2953118912998,-4.67804438234313,-40.3717441365788));
#6316=CARTESIAN_POINT('',(-22.0741886083693,-25.1797716741867,-31.4987104486342));
#6317=CARTESIAN_POINT('Origin',(7.36363306146355,-13.3248600524155,-42.4653917964113));
#6318=CARTESIAN_POINT('',(3.92375553228218,-4.48915865557293,-45.8343582518489));
#6319=CARTESIAN_POINT('Origin',(-11.009272149356,-9.36503353326173,42.9377763203163));
#6320=CARTESIAN_POINT('',(-18.6510952535299,-5.54664852861757,41.8112250453076));
#6321=CARTESIAN_POINT('',(-1.7434057541709,-4.40537688306405,46.3952864293456));
#6322=CARTESIAN_POINT('',(-18.6510952535299,-5.54664852861757,41.8112250453076));
#6323=CARTESIAN_POINT('',(-1.74340575417091,-4.40537688306405,46.3952864293456));
#6324=CARTESIAN_POINT('',(-18.6510952535299,-5.54664852861757,41.8112250453076));
#6325=CARTESIAN_POINT('Origin',(0.243904350942915,-15.975167810185,41.9810557253012));
#6326=CARTESIAN_POINT('',(-1.6677320359518,-4.34598233226574,46.4174483485926));
#6327=CARTESIAN_POINT('',(-1.74340575417091,-4.40537688306405,46.3952864293456));
#6328=CARTESIAN_POINT('',(-1.61368091896926,-4.35078860135646,46.4153053758561));
#6329=CARTESIAN_POINT('',(-1.61368091896926,-4.35078860135646,46.4153053758561));
#6330=CARTESIAN_POINT('',(10.4027194879593,-18.231180522193,41.063547573038));
#6331=CARTESIAN_POINT('',(-1.61368091896926,-4.35078860135646,46.4153053758561));
#6332=CARTESIAN_POINT('',(10.4183682996655,-18.2687494398007,41.049160450893));
#6333=CARTESIAN_POINT('',(10.4027194879593,-18.231180522193,41.063547573038));
#6334=CARTESIAN_POINT('',(10.3925231517161,-18.548496881406,40.9428575363289));
#6335=CARTESIAN_POINT('Origin',(-11.7821908053536,-1.32688644816849,43.78736339313));
#6336=CARTESIAN_POINT('',(-3.66038092971557,0.,46.0129676253592));
#6337=CARTESIAN_POINT('',(-18.6338749190013,-5.46247232415472,41.8184094361394));
#6338=CARTESIAN_POINT('',(-18.6338749190013,-5.46247232415472,41.8184094361394));
#6339=CARTESIAN_POINT('',(-18.6338749190013,-5.46247232415472,41.8184094361394));
#6340=CARTESIAN_POINT('Origin',(-17.4731251333457,4.48667305990825,41.227625070834));
#6341=CARTESIAN_POINT('',(-18.6338749190014,-5.46247232415472,41.8184094361394));
#6342=CARTESIAN_POINT('Origin',(-28.8240775673835,-4.10989523865311,33.2164273997715));
#6343=CARTESIAN_POINT('',(-18.8344458706814,-5.77385010735069,41.6792050284419));
#6344=CARTESIAN_POINT('Origin',(16.8790360324545,13.7774486083381,36.7519588682193));
#6345=CARTESIAN_POINT('',(24.3035687034922,-0.653254283477181,38.7518335758272));
#6346=CARTESIAN_POINT('',(24.1115609436423,0.,38.5951270600625));
#6347=CARTESIAN_POINT('',(23.9500836309162,-0.914245148710194,39.012017680414));
#6348=CARTESIAN_POINT('',(24.3035687034922,-0.653254283477179,38.7518335758272));
#6349=CARTESIAN_POINT('',(23.5165814776332,-1.05371112843659,39.2633943176928));
#6350=CARTESIAN_POINT('',(23.5165814776332,-1.05371112843659,39.2633943176928));
#6351=CARTESIAN_POINT('',(23.5165814776332,-1.05371112843659,39.2633943176928));
#6352=CARTESIAN_POINT('Origin',(23.8303952978264,-14.7154814563721,32.931535429652));
#6353=CARTESIAN_POINT('',(16.7097189733503,-10.,40.1914189549728));
#6354=CARTESIAN_POINT('',(17.0017647911631,-10.,39.9800845245323));
#6355=CARTESIAN_POINT('',(16.7097189733503,-10.,40.1914189549728));
#6356=CARTESIAN_POINT('',(16.9609301901085,-9.66983200975765,40.1571696663812));
#6357=CARTESIAN_POINT('Origin',(12.9729430582329,-18.394664138545,39.1443169350792));
#6358=CARTESIAN_POINT('',(23.5165814776332,-1.05371112843659,39.2633943176928));
#6359=CARTESIAN_POINT('',(23.9500836309162,-0.914245148710182,39.012017680414));
#6360=CARTESIAN_POINT('',(16.7097189733503,-10.,40.1914189549728));
#6361=CARTESIAN_POINT('Origin',(30.2424043275701,5.25143181811254,32.2757876514028));
#6362=CARTESIAN_POINT('',(24.4072995473287,-0.547643620109716,38.6868177884386));
#6363=CARTESIAN_POINT('',(27.8727057887616,-2.16840434497101E-16,35.3506287228978));
#6364=CARTESIAN_POINT('',(24.4072995473287,-0.547643620109717,38.6868177884386));
#6365=CARTESIAN_POINT('Origin',(34.9518019647384,-21.4351010124398,17.2512433123838));
#6366=CARTESIAN_POINT('',(42.4187365427511,-14.0050947151909,11.3548634800535));
#6367=CARTESIAN_POINT('Origin',(29.7299134436854,-11.3350595075947,29.020733741423));
#6368=CARTESIAN_POINT('',(29.9819404227092,-4.,31.6275112410044));
#6369=CARTESIAN_POINT('',(29.9819404227092,-4.,31.6275112410044));
#6370=CARTESIAN_POINT('',(36.3454691822956,-4.,25.1084769221419));
#6371=CARTESIAN_POINT('',(29.9819404227092,-4.,31.6275112410044));
#6372=CARTESIAN_POINT('',(36.3454691822956,-4.,25.1084769221419));
#6373=CARTESIAN_POINT('',(24.4072995473287,-0.547643620109716,38.6868177884386));
#6374=CARTESIAN_POINT('Origin',(33.8338953701413,-12.6204761398792,24.1210321168127));
#6375=CARTESIAN_POINT('',(36.8682972886276,-4.,24.3751205980618));
#6376=CARTESIAN_POINT('',(37.7480865371178,1.73472347597681E-15,25.233923284365));
#6377=CARTESIAN_POINT('',(42.5919243309382,-13.5153595626287,11.3681744072687));
#6378=CARTESIAN_POINT('',(38.6786695600805,-1.73472347597681E-15,23.9286205726206));
#6379=CARTESIAN_POINT('',(42.5919243309382,-13.5153595626287,11.3681744072687));
#6380=CARTESIAN_POINT('',(36.3454691822956,-4.,25.1084769221419));
#6381=CARTESIAN_POINT('Origin',(41.8194100250889,-1.75499190985973,14.9174121698999));
#6382=CARTESIAN_POINT('',(45.3650012737325,8.67361737988404E-16,5.18418659759244));
#6383=CARTESIAN_POINT('Origin',(43.2181075704214,-9.31465723932431,-0.977331192004174));
#6384=CARTESIAN_POINT('',(41.1875564999267,-17.8464516323149,-9.45535200272517));
#6385=CARTESIAN_POINT('',(45.2917076332778,3.46944695195361E-15,1.94310265050016));
#6386=CARTESIAN_POINT('',(41.1875564999267,-17.8464516323149,-9.45535200272517));
#6387=CARTESIAN_POINT('Origin',(43.4702890097663,-7.66667409527119,-3.64836363785389));
#6388=CARTESIAN_POINT('',(44.6904879886091,-0.0374645379280268,-5.14170738364439));
#6389=CARTESIAN_POINT('',(43.8562422309614,-0.0374645379280319,-15.0817538784206));
#6390=CARTESIAN_POINT('',(43.9965203043931,-4.,-5.08346423590801));
#6391=CARTESIAN_POINT('',(44.6904879886091,-0.0374645379280242,-5.14170738364439));
#6392=CARTESIAN_POINT('',(43.2619635485026,-4.,-13.8357152838382));
#6393=CARTESIAN_POINT('',(43.2619635485026,-4.,-13.8357152838382));
#6394=CARTESIAN_POINT('',(41.2570552695242,-17.368341130435,-9.63197524075089));
#6395=CARTESIAN_POINT('',(43.2619635485026,-4.,-13.8357152838382));
#6396=CARTESIAN_POINT('',(41.2570552695242,-17.368341130435,-9.63197524075089));
#6397=CARTESIAN_POINT('',(43.8704201083192,0.,-14.9915523369805));
#6398=CARTESIAN_POINT('Origin',(43.5121986655783,8.36425024501585,-6.14930641774527));
#6399=CARTESIAN_POINT('Origin',(32.3102519812917,-22.7091322771193,-18.9298805925728));
#6400=CARTESIAN_POINT('',(41.1202589911199,-18.1204559022598,-9.39740167446894));
#6401=CARTESIAN_POINT('Origin',(36.2012901690128,-12.1097329513985,-21.2445997630296));
#6402=CARTESIAN_POINT('',(42.5789152740717,-4.,-14.9996453676211));
#6403=CARTESIAN_POINT('',(42.5789152740717,-4.,-14.9996453676211));
#6404=CARTESIAN_POINT('',(42.5789152740717,-4.,-14.9996453676211));
#6405=CARTESIAN_POINT('',(37.422603589102,1.73472347597681E-15,-26.0661785072187));
#6406=CARTESIAN_POINT('Origin',(25.7396761038339,-12.1284939333711,-34.5141348181323));
#6407=CARTESIAN_POINT('',(24.9973832653758,-0.676285310345814,-39.0920974666748));
#6408=CARTESIAN_POINT('Origin',(34.880910385155,-13.2497896451603,-22.1413856214809));
#6409=CARTESIAN_POINT('',(35.6948783715093,-4.,-26.3943183096949));
#6410=CARTESIAN_POINT('',(36.6356850996872,0.,-27.3058675573506));
#6411=CARTESIAN_POINT('',(34.6860219465062,-4.,-27.9836420834465));
#6412=CARTESIAN_POINT('',(35.6948783715093,-4.,-26.3943183096949));
#6413=CARTESIAN_POINT('',(34.6860219465062,-4.,-27.9836420834465));
#6414=CARTESIAN_POINT('Origin',(-30.7982228911518,11.6781397748041,28.0154570616965));
#6415=CARTESIAN_POINT('',(-36.326161059434,-3.46944695195361E-15,26.8064200946819));
#6416=CARTESIAN_POINT('',(-38.1852936817231,-1.3345647861046,25.3189288614304));
#6417=CARTESIAN_POINT('',(-38.1852936817231,-1.3345647861046,25.3189288614304));
#6418=CARTESIAN_POINT('',(-38.1852936817231,-1.3345647861046,25.3189288614304));
#6419=CARTESIAN_POINT('Origin',(-33.8338953701413,12.6204761398792,24.1210321168127));
#6420=CARTESIAN_POINT('',(-38.3322073412994,-1.19658998350007,25.0406667597831));
#6421=CARTESIAN_POINT('',(-38.1852936817231,-1.33456478610461,25.3189288614304));
#6422=CARTESIAN_POINT('',(-38.3322073412994,-1.19658998350007,25.0406667597831));
#6423=CARTESIAN_POINT('Origin',(-39.078706601461,-11.6676770837379,14.8469746019746));
#6424=CARTESIAN_POINT('',(-45.9051037014628,-2.63233897292027,3.97975307556571));
#6425=CARTESIAN_POINT('',(-45.9051037014628,-2.63233897292026,3.97975307556571));
#6426=CARTESIAN_POINT('',(-37.4381238772096,-24.279461442342,9.25402528835223));
#6427=CARTESIAN_POINT('',(-45.9397265175261,-2.81783913379421,3.74284482044939));
#6428=CARTESIAN_POINT('',(-45.9397265175261,-2.81783913379421,3.74284482044939));
#6429=CARTESIAN_POINT('',(-45.9397265175261,-2.8178391337942,3.74284482044939));
#6430=CARTESIAN_POINT('Origin',(-41.8194100250889,1.75499190985973,14.9174121698999));
#6431=CARTESIAN_POINT('',(-45.9051037014628,-2.63233897292026,3.9797530755657));
#6432=CARTESIAN_POINT('Origin',(-41.2886861176735,-15.2675709516573,4.50756490925217));
#6433=CARTESIAN_POINT('',(-41.2442798403998,-19.0005307389889,-7.72958589816925));
#6434=CARTESIAN_POINT('',(-39.510962042976,-20.205278368711,4.06677103398365));
#6435=CARTESIAN_POINT('',(-40.4639340032715,-18.6141309269976,0.727051254069299));
#6436=CARTESIAN_POINT('',(-39.510962042976,-20.205278368711,4.06677103398365));
#6437=CARTESIAN_POINT('',(-40.1584466641548,-18.4566129984279,4.05880294498423));
#6438=CARTESIAN_POINT('',(-39.510962042976,-20.205278368711,4.06677103398365));
#6439=CARTESIAN_POINT('',(-40.1584466641548,-18.4566129984279,4.05880294498423));
#6440=CARTESIAN_POINT('Origin',(-34.0123108482223,-26.6500793555031,-11.5584523090477));
#6441=CARTESIAN_POINT('',(-35.0231882872883,-20.8128222970559,-22.0426488864963));
#6442=CARTESIAN_POINT('',(-34.8860290105314,-20.9586075451976,-22.1101246612874));
#6443=CARTESIAN_POINT('',(-35.0231882872883,-20.8128222970559,-22.0426488864963));
#6444=CARTESIAN_POINT('Origin',(-26.9653244246433,-10.4826100856883,-32.1646470871316));
#6445=CARTESIAN_POINT('',(-35.1157746142306,-20.4325834067333,-22.0889505194459));
#6446=CARTESIAN_POINT('',(-37.1918545210869,-0.625154550998758,-26.803797377986));
#6447=CARTESIAN_POINT('',(-35.1157746142306,-20.4325834067333,-22.0889505194459));
#6448=CARTESIAN_POINT('',(-35.1157746142306,-20.4325834067333,-22.0889505194459));
#6449=CARTESIAN_POINT('',(-37.1293298125832,-0.575299762591788,-26.8724630577663));
#6450=CARTESIAN_POINT('',(-22.2570989830242,-25.2088289635582,-31.312457291256));
#6451=CARTESIAN_POINT('',(-37.1293298125832,-0.575299762591788,-26.8724630577663));
#6452=CARTESIAN_POINT('Origin',(-40.1046356587994,-11.7073780340891,-15.9488872469478));
#6453=CARTESIAN_POINT('',(-35.1157746142306,-20.4325834067333,-22.0889505194459));
#6454=CARTESIAN_POINT('Origin',(-38.2282315300021,-9.08760190041703,-21.3447366960341));
#6455=CARTESIAN_POINT('',(-37.2891069000694,-0.604679945959002,-26.6383363816189));
#6456=CARTESIAN_POINT('Origin',(-28.8783526296186,-11.9862790295797,-30.2300329100916));
#6457=CARTESIAN_POINT('',(-37.0023884059443,-0.496183395485343,-27.0250983383791));
#6458=CARTESIAN_POINT('',(-37.0023884059443,-0.496183395485342,-27.0250983383791));
#6459=CARTESIAN_POINT('',(-37.1293298125832,-0.575299762591786,-26.8724630577663));
#6460=CARTESIAN_POINT('Origin',(-34.880910385155,13.2497896451603,-22.1413856214809));
#6461=CARTESIAN_POINT('',(-37.0023884059443,-0.496183395485341,-27.0250983383791));
#6462=CARTESIAN_POINT('Origin',(-26.5987242574337,7.27436291698897,-33.5821133164933));
#6463=CARTESIAN_POINT('',(-21.1861983068098,-4.53198836892338,-40.4265297803954));
#6464=CARTESIAN_POINT('',(-21.1861983068098,-4.53198836892338,-40.4265297803954));
#6465=CARTESIAN_POINT('',(-21.1861983068098,-4.53198836892338,-40.4265297803954));
#6466=CARTESIAN_POINT('Origin',(-26.2484284598112,7.44922330216183,-33.8679260113959));
#6467=CARTESIAN_POINT('',(-21.0805305066935,-4.38066323004916,-40.4751409336323));
#6468=CARTESIAN_POINT('',(-21.0805305066935,-4.38066323004916,-40.4751409336323));
#6469=CARTESIAN_POINT('',(-20.935188445159,-4.2001727518227,-40.5480856668685));
#6470=CARTESIAN_POINT('',(-20.935188445159,-4.2001727518227,-40.5480856668685));
#6471=CARTESIAN_POINT('',(-20.935188445159,-4.2001727518227,-40.5480856668685));
#6472=CARTESIAN_POINT('Origin',(-9.15043154010824,-7.27756438280528,-42.5454710316384));
#6473=CARTESIAN_POINT('',(3.89697675230803,-3.94714383693722,-45.9213125211629));
#6474=CARTESIAN_POINT('',(3.89697675230803,-3.94714383693722,-45.9213125211629));
#6475=CARTESIAN_POINT('',(-21.0805305066935,-4.38066323004916,-40.4751409336323));
#6476=CARTESIAN_POINT('Origin',(-20.8535639565094,6.57205854308677,-38.7657501531109));
#6477=CARTESIAN_POINT('',(-20.935188445159,-4.2001727518227,-40.5480856668685));
#6478=CARTESIAN_POINT('Origin',(14.0885086717172,-2.53984224948127,-42.6376116684052));
#6479=CARTESIAN_POINT('',(3.86704240554992,-3.85252098800595,-45.9368400656819));
#6480=CARTESIAN_POINT('',(5.20543297030467,2.16840434497101E-16,-45.7240905435959));
#6481=CARTESIAN_POINT('',(3.86704240554992,-3.85252098800595,-45.9368400656819));
#6482=CARTESIAN_POINT('',(24.9851638338523,-0.184746893902093,-39.1773791580528));
#6483=CARTESIAN_POINT('Origin',(-8.95411351820676,-9.69822570765434,-41.8377938814246));
#6484=CARTESIAN_POINT('',(3.86704240554992,-3.85252098800595,-45.9368400656819));
#6485=CARTESIAN_POINT('Origin',(-0.328294290148477,2.62851090785838,-45.5324522675747));
#6486=CARTESIAN_POINT('Origin',(30.811220689455,8.48418908209152,-31.0838506027569));
#6487=CARTESIAN_POINT('',(25.0487783375579,-1.73472347597681E-15,-39.1114708157145));
#6488=CARTESIAN_POINT('',(25.1031156270158,-0.248913308358715,-39.1255498100323));
#6489=CARTESIAN_POINT('Origin',(18.0618005350957,8.2458173601911,-40.5469402998044));
#6490=CARTESIAN_POINT('Origin',(-43.2181075704214,9.31465723932431,-0.977331192004174));
#6491=CARTESIAN_POINT('',(-45.939726517526,-2.81783913379419,3.74284482044942));
#6492=CARTESIAN_POINT('Origin',(-43.4702890097663,7.66667409527119,-3.64836363785389));
#6493=CARTESIAN_POINT('Origin',(30.8783619009507,-9.98116999378916,-29.9180976460115));
#6494=CARTESIAN_POINT('',(29.0102707929484,-4.,-33.8415646109057));
#6495=CARTESIAN_POINT('',(34.6860219465062,-4.,-27.9836420834465));
#6496=CARTESIAN_POINT('',(29.0102707929484,-4.,-33.8415646109057));
#6497=CARTESIAN_POINT('Origin',(8.22187957058129,-9.61039544540447,43.3863902046951));
#6498=CARTESIAN_POINT('',(9.52860709367805,0.,45.2675318231963));
#6499=CARTESIAN_POINT('',(-1.61368091896926,-4.35078860135647,46.4153053758561));
#6500=CARTESIAN_POINT('Origin',(16.7365761766489,-8.53409876034438,40.4892915004359));
#6501=CARTESIAN_POINT('',(16.6049486163132,-6.,41.0778235022738));
#6502=CARTESIAN_POINT('Origin',(12.9729430582329,-22.2962314615119,39.1443169350792));
#6503=CARTESIAN_POINT('',(14.5668144619153,-6.,41.9203027423204));
#6504=CARTESIAN_POINT('',(16.6049486163132,-6.,41.0778235022738));
#6505=CARTESIAN_POINT('',(11.6113851691772,-10.,42.2988564754986));
#6506=CARTESIAN_POINT('',(11.6113851691772,-9.99999999999999,42.2988564754987));
#6507=CARTESIAN_POINT('',(16.7097189733503,-10.,40.1914189549728));
#6508=CARTESIAN_POINT('Origin',(11.2750221120608,12.5002494563971,38.2941943074045));
#6509=CARTESIAN_POINT('Origin',(-27.7052133055994,2.79419910763431,33.6685422019456));
#6510=CARTESIAN_POINT('Origin',(2.25372782068492,5.23179983502933,45.1107317411648));
#6511=CARTESIAN_POINT('Origin',(-15.5638915339382,-35.,12.5088560272779));
#6512=CARTESIAN_POINT('',(-17.154881791608,-35.,14.0998462849476));
#6513=CARTESIAN_POINT('',(-13.9729012762685,-35.,10.9178657696081));
#6514=CARTESIAN_POINT('Origin',(-13.9729012762685,-35.,10.9178657696081));
#6515=CARTESIAN_POINT('',(-7.96249363618286,-35.,16.9282734096938));
#6516=CARTESIAN_POINT('Origin',(-9.5534838938526,-35.,18.5192636673635));
#6517=CARTESIAN_POINT('',(-11.1444741515223,-35.,20.1102539250332));
#6518=CARTESIAN_POINT('Origin',(-17.154881791608,-35.,14.0998462849476));
#6519=CARTESIAN_POINT('Origin',(12.9729430582329,-6.,-39.1443169350792));
#6520=CARTESIAN_POINT('',(10.5095223033516,-6.,-42.4399914037927));
#6521=CARTESIAN_POINT('Origin',(12.9729430582329,-6.,-39.1443169350792));
#6522=CARTESIAN_POINT('',(10.5095223033516,-10.,-42.4399914037927));
#6523=CARTESIAN_POINT('',(10.5095223033516,-6.,-42.4399914037927));
#6524=CARTESIAN_POINT('Origin',(12.9729430582329,-10.,-39.1443169350792));
#6525=CARTESIAN_POINT('Origin',(10.5095223033516,-6.,-42.4399914037927));
#6526=CARTESIAN_POINT('',(11.3338982751065,-10.,-42.3343990952854));
#6527=CARTESIAN_POINT('',(14.3077866983261,-6.,-41.9534809770846));
#6528=CARTESIAN_POINT('Origin',(12.9729430582329,-6.,-39.1443169350792));
#6529=CARTESIAN_POINT('',(12.8431981768101,-6.,-40.5));
#6530=CARTESIAN_POINT('Origin',(12.8431981768101,-6.,-38.5));
#6531=CARTESIAN_POINT('Origin',(12.9729430582329,-10.,-39.1443169350792));
#6532=CARTESIAN_POINT('',(12.8431981768101,-10.,-40.5));
#6533=CARTESIAN_POINT('Origin',(12.8431981768101,-10.,-38.5));
#6534=CARTESIAN_POINT('Origin',(12.8431981768101,-10.,-38.5));
#6535=CARTESIAN_POINT('',(12.8431981768101,-10.,-40.5));
#6536=CARTESIAN_POINT('Origin',(12.9729430582329,-6.,39.1443169350792));
#6537=CARTESIAN_POINT('',(10.5095223033516,-10.,42.4399914037927));
#6538=CARTESIAN_POINT('Origin',(12.9729430582329,-10.,39.1443169350792));
#6539=CARTESIAN_POINT('',(10.5095223033516,-6.,42.4399914037927));
#6540=CARTESIAN_POINT('',(10.5095223033516,-6.,42.4399914037927));
#6541=CARTESIAN_POINT('Origin',(12.9729430582329,-6.,39.1443169350792));
#6542=CARTESIAN_POINT('Origin',(12.9729430582329,-10.,39.1443169350792));
#6543=CARTESIAN_POINT('',(11.6113851691772,-10.,42.2988564754987));
#6544=CARTESIAN_POINT('',(12.8431981768101,-10.,36.5));
#6545=CARTESIAN_POINT('Origin',(12.8431981768101,-10.,38.5));
#6546=CARTESIAN_POINT('Origin',(10.5095223033516,-6.,42.4399914037927));
#6547=CARTESIAN_POINT('',(14.5668144619153,-6.,41.9203027423204));
#6548=CARTESIAN_POINT('Origin',(12.9729430582329,-6.,39.1443169350792));
#6549=CARTESIAN_POINT('',(12.8431981768101,-6.,36.5));
#6550=CARTESIAN_POINT('Origin',(12.8431981768101,-6.,38.5));
#6551=CARTESIAN_POINT('Origin',(12.8431981768101,-10.,38.5));
#6552=CARTESIAN_POINT('',(12.8431981768101,-10.,36.5));
#6553=CARTESIAN_POINT('Origin',(35.0297406414075,-15.8121068421932,3.8552787357747));
#6554=CARTESIAN_POINT('',(35.0297406414075,-15.8121068421932,3.8552787357747));
#6555=CARTESIAN_POINT('',(35.0297406414075,-15.8121068421932,3.8552787357747));
#6556=CARTESIAN_POINT('',(33.1965747373085,-19.3673146797252,3.8552787357747));
#6557=CARTESIAN_POINT('',(33.1965747373085,-19.3673146797252,3.8552787357747));
#6558=CARTESIAN_POINT('',(33.1965747373085,-19.3673146797252,3.8552787357747));
#6559=CARTESIAN_POINT('Origin',(35.1863862822763,-15.8928777734549,-1.14161411877601));
#6560=CARTESIAN_POINT('',(35.1863862822763,-15.8928777734549,-1.14161411877601));
#6561=CARTESIAN_POINT('',(35.1863862822763,-15.8928777734549,-1.14161411877601));
#6562=CARTESIAN_POINT('',(35.0297406414075,-15.8121068421932,3.8552787357747));
#6563=CARTESIAN_POINT('',(39.1350672055185,-17.928929550298,1.5));
#6564=CARTESIAN_POINT('Origin',(37.3574632867525,-17.0123465982485,1.5));
#6565=CARTESIAN_POINT('Origin',(35.1863862822763,-15.8928777734549,-1.14161411877601));
#6566=CARTESIAN_POINT('',(33.3532203781773,-19.4480856109869,-1.14161411877601));
#6567=CARTESIAN_POINT('',(33.3532203781773,-19.4480856109869,-1.14161411877601));
#6568=CARTESIAN_POINT('',(35.1863862822763,-15.8928777734549,-1.14161411877601));
#6569=CARTESIAN_POINT('Origin',(33.3532203781773,-19.4480856109869,-1.14161411877601));
#6570=CARTESIAN_POINT('',(33.3532203781773,-19.4480856109869,-1.14161411877601));
#6571=CARTESIAN_POINT('',(37.3019013014195,-21.48413738783,1.5));
#6572=CARTESIAN_POINT('Origin',(35.5242973826535,-20.5675544357805,1.5));
#6573=CARTESIAN_POINT('Origin',(34.1914805097924,-17.63009622659,1.35683230849936));
#6574=CARTESIAN_POINT('Origin',(35.0660059066288,-21.4563563951635,1.5));
#6575=CARTESIAN_POINT('',(36.8436098253948,-22.372939347213,1.5));
#6576=CARTESIAN_POINT('Origin',(-35.0297406414075,-15.8121068421932,3.8552787357747));
#6577=CARTESIAN_POINT('',(-38.5260725292504,-22.1153547619446,4.06677103398365));
#6578=CARTESIAN_POINT('',(-38.5260725292504,-22.1153547619446,4.06677103398365));
#6579=CARTESIAN_POINT('',(-33.1965747373085,-19.3673146797252,3.8552787357747));
#6580=CARTESIAN_POINT('',(-33.1965747373085,-19.3673146797252,3.8552787357747));
#6581=CARTESIAN_POINT('',(-35.0297406414075,-15.8121068421932,3.8552787357747));
#6582=CARTESIAN_POINT('',(-33.1965747373085,-19.3673146797252,3.8552787357747));
#6583=CARTESIAN_POINT('',(-35.0297406414075,-15.8121068421932,3.8552787357747));
#6584=CARTESIAN_POINT('Origin',(-35.1863862822763,-15.8928777734549,-1.14161411877601));
#6585=CARTESIAN_POINT('',(-35.1863862822763,-15.8928777734549,-1.14161411877601));
#6586=CARTESIAN_POINT('',(-35.0297406414075,-15.8121068421932,3.8552787357747));
#6587=CARTESIAN_POINT('',(-40.5158840742182,-18.6409178556743,-0.930121820567058));
#6588=CARTESIAN_POINT('',(-35.1863862822763,-15.8928777734549,-1.14161411877601));
#6589=CARTESIAN_POINT('',(-40.4639340032715,-18.6141309269976,0.727051254069299));
#6590=CARTESIAN_POINT('',(-35.5798593679865,-16.095763646199,1.5));
#6591=CARTESIAN_POINT('Origin',(-37.3574632867525,-17.0123465982485,1.5));
#6592=CARTESIAN_POINT('Origin',(-39.5209783017343,-20.3781363088095,1.56832460670831));
#6593=CARTESIAN_POINT('',(-38.6827181701192,-22.1961256932063,-0.930121820567058));
#6594=CARTESIAN_POINT('',(-40.5158840742182,-18.6409178556743,-0.930121820567058));
#6595=CARTESIAN_POINT('',(-38.6827181701192,-22.1961256932063,-0.930121820567058));
#6596=CARTESIAN_POINT('Origin',(-33.3532203781773,-19.4480856109869,-1.14161411877601));
#6597=CARTESIAN_POINT('',(-33.3532203781773,-19.4480856109869,-1.14161411877601));
#6598=CARTESIAN_POINT('',(-33.3532203781773,-19.4480856109869,-1.14161411877601));
#6599=CARTESIAN_POINT('',(-33.3532203781773,-19.4480856109869,-1.14161411877601));
#6600=CARTESIAN_POINT('',(-33.7466934638875,-19.650971483731,1.5));
#6601=CARTESIAN_POINT('Origin',(-35.5242973826535,-20.5675544357805,1.5));
#6602=CARTESIAN_POINT('Origin',(-35.1863862822763,-15.8928777734549,-1.14161411877601));
#6603=CARTESIAN_POINT('',(-35.1863862822763,-15.8928777734549,-1.14161411877601));
#6604=CARTESIAN_POINT('Origin',(-34.1914805097924,-17.63009622659,1.35683230849936));
#6605=CARTESIAN_POINT('Origin',(-35.0660059066288,-21.4563563951635,1.5));
#6606=CARTESIAN_POINT('',(-33.2884019878628,-20.5397734431141,1.5));
#6607=CARTESIAN_POINT('Origin',(44.6904879886091,-4.,-5.14170738364439));
#6608=CARTESIAN_POINT('',(44.6904879886091,0.,-5.14170738364439));
#6609=CARTESIAN_POINT('',(44.6904879886091,-0.0374645379280268,-5.14170738364439));
#6610=CARTESIAN_POINT('',(38.7115086064255,0.,-4.63990508450311));
#6611=CARTESIAN_POINT('',(38.7115086064255,0.,-4.63990508450311));
#6612=CARTESIAN_POINT('',(38.7115086064255,-4.,-4.63990508450311));
#6613=CARTESIAN_POINT('',(38.7115086064255,-4.,-4.63990508450311));
#6614=CARTESIAN_POINT('',(38.7115086064255,-4.,-4.63990508450311));
#6615=CARTESIAN_POINT('Origin',(43.8541508233736,-4.,-15.1066730206171));
#6616=CARTESIAN_POINT('',(37.87517144119,-4.,-14.6048707214758));
#6617=CARTESIAN_POINT('',(42.5789152740717,-4.,-14.9996453676211));
#6618=CARTESIAN_POINT('',(37.87517144119,0.,-14.6048707214758));
#6619=CARTESIAN_POINT('',(37.87517144119,-4.,-14.6048707214758));
#6620=CARTESIAN_POINT('',(43.8541508233736,0.,-15.1066730206171));
#6621=CARTESIAN_POINT('Origin',(43.8541508233736,-4.,-15.1066730206171));
#6622=CARTESIAN_POINT('',(44.6904879886091,0.,-5.1417073836444));
#6623=CARTESIAN_POINT('Origin',(0.,-4.,0.));
#6624=CARTESIAN_POINT('',(37.87517144119,-4.,-14.6048707214758));
#6625=CARTESIAN_POINT('Origin',(37.87517144119,-4.,-14.6048707214758));
#6626=CARTESIAN_POINT('',(37.87517144119,0.,-14.6048707214758));
#6627=CARTESIAN_POINT('Origin',(0.,0.,0.));
#6628=CARTESIAN_POINT('',(43.7828297148996,2.77555756156289E-15,-9.87328905256008));
#6629=CARTESIAN_POINT('Origin',(41.2828297148995,2.45946922079868E-15,-9.87328905256008));
#6630=CARTESIAN_POINT('Origin',(41.2828297148995,-3.,-9.87328905256008));
#6631=CARTESIAN_POINT('',(43.7828297148996,-3.,-9.87328905256008));
#6632=CARTESIAN_POINT('Origin',(41.2828297148995,-3.,-9.87328905256008));
#6633=CARTESIAN_POINT('',(43.7828297148996,-3.,-9.87328905256008));
#6634=CARTESIAN_POINT('Origin',(41.2828297148995,-3.,-9.87328905256008));
#6635=CARTESIAN_POINT('Origin',(36.6356850996872,-4.,-27.3058675573506));
#6636=CARTESIAN_POINT('',(32.3265704792416,-4.,-23.1307590332686));
#6637=CARTESIAN_POINT('',(32.3265704792416,-4.,-23.1307590332686));
#6638=CARTESIAN_POINT('',(32.3265704792416,-4.,-23.1307590332686));
#6639=CARTESIAN_POINT('Origin',(29.677170892884,-4.,-34.4877252580932));
#6640=CARTESIAN_POINT('',(25.3680562724383,-4.,-30.3126167340113));
#6641=CARTESIAN_POINT('',(29.0102707929484,-4.,-33.8415646109057));
#6642=CARTESIAN_POINT('',(25.3680562724383,-4.,-30.3126167340113));
#6643=CARTESIAN_POINT('Origin',(0.,-4.,0.));
#6644=CARTESIAN_POINT('',(25.3680562724383,-4.,-30.3126167340113));
#6645=CARTESIAN_POINT('Origin',(32.3265704792416,-4.,-23.1307590332686));
#6646=CARTESIAN_POINT('Origin',(37.7480865371178,-4.,25.233923284365));
#6647=CARTESIAN_POINT('',(33.4545456810717,-4.,21.0428008908452));
#6648=CARTESIAN_POINT('',(36.8682972886276,-4.,24.3751205980618));
#6649=CARTESIAN_POINT('',(33.4545456810717,-4.,21.0428008908452));
#6650=CARTESIAN_POINT('Origin',(30.7628825479181,-4.,32.3898247111085));
#6651=CARTESIAN_POINT('',(26.469341691872,-4.,28.1987023175887));
#6652=CARTESIAN_POINT('',(26.469341691872,-4.,28.1987023175887));
#6653=CARTESIAN_POINT('',(26.469341691872,-4.,28.1987023175887));
#6654=CARTESIAN_POINT('Origin',(33.4545456810717,-4.,21.0428008908452));
#6655=CARTESIAN_POINT('',(33.4545456810717,-4.,21.0428008908452));
#6656=CARTESIAN_POINT('Origin',(0.,-4.,0.));
#6657=CARTESIAN_POINT('Origin',(32.1087141144949,-3.1,26.7163128009768));
#6658=CARTESIAN_POINT('',(32.1087141144949,-3.1,24.2163128009768));
#6659=CARTESIAN_POINT('Origin',(32.1087141144949,-3.1,26.7163128009768));
#6660=CARTESIAN_POINT('',(32.1087141144949,-3.1,24.2163128009768));
#6661=CARTESIAN_POINT('Origin',(32.1087141144949,-3.1,26.7163128009768));
#6662=CARTESIAN_POINT('Origin',(31.0018706860628,-3.1,-28.8092421456809));
#6663=CARTESIAN_POINT('',(31.0018706860628,-3.1,-31.3092421456809));
#6664=CARTESIAN_POINT('Origin',(31.0018706860628,-3.1,-28.8092421456809));
#6665=CARTESIAN_POINT('',(31.0018706860628,-3.1,-31.3092421456809));
#6666=CARTESIAN_POINT('Origin',(31.0018706860628,-3.1,-28.8092421456809));
#6667=UNCERTAINTY_MEASURE_WITH_UNIT(LENGTH_MEASURE(0.01),#6671,
'DISTANCE_ACCURACY_VALUE',
'Maximum model space distance between geometric entities at asserted c
onnectivities');
#6668=UNCERTAINTY_MEASURE_WITH_UNIT(LENGTH_MEASURE(0.01),#6671,
'DISTANCE_ACCURACY_VALUE',
'Maximum model space distance between geometric entities at asserted c
onnectivities');
#6669=(
GEOMETRIC_REPRESENTATION_CONTEXT(3)
GLOBAL_UNCERTAINTY_ASSIGNED_CONTEXT((#6667))
GLOBAL_UNIT_ASSIGNED_CONTEXT((#6671,#6673,#6674))
REPRESENTATION_CONTEXT('','3D')
);
#6670=(
GEOMETRIC_REPRESENTATION_CONTEXT(3)
GLOBAL_UNCERTAINTY_ASSIGNED_CONTEXT((#6668))
GLOBAL_UNIT_ASSIGNED_CONTEXT((#6671,#6673,#6674))
REPRESENTATION_CONTEXT('','3D')
);
#6671=(
LENGTH_UNIT()
NAMED_UNIT(*)
SI_UNIT(.MILLI.,.METRE.)
);
#6672=(
LENGTH_UNIT()
NAMED_UNIT(*)
SI_UNIT($,.METRE.)
);
#6673=(
NAMED_UNIT(*)
PLANE_ANGLE_UNIT()
SI_UNIT($,.RADIAN.)
);
#6674=(
NAMED_UNIT(*)
SI_UNIT($,.STERADIAN.)
SOLID_ANGLE_UNIT()
);
#6675=SHAPE_DEFINITION_REPRESENTATION(#6676,#6677);
#6676=PRODUCT_DEFINITION_SHAPE('',$,#6679);
#6677=SHAPE_REPRESENTATION('',(#4174),#6669);
#6678=PRODUCT_DEFINITION_CONTEXT('part definition',#6683,'design');
#6679=PRODUCT_DEFINITION('lower_cover_with_groove',
'lower_cover_with_groove_restaurant_server_caller',#6680,#6678);
#6680=PRODUCT_DEFINITION_FORMATION('',$,#6685);
#6681=PRODUCT_RELATED_PRODUCT_CATEGORY(
'lower_cover_with_groove_restaurant_server_caller',
'lower_cover_with_groove_restaurant_server_caller',(#6685));
#6682=APPLICATION_PROTOCOL_DEFINITION('international standard',
'automotive_design',2009,#6683);
#6683=APPLICATION_CONTEXT(
'Core Data for Automotive Mechanical Design Process');
#6684=PRODUCT_CONTEXT('part definition',#6683,'mechanical');
#6685=PRODUCT('lower_cover_with_groove',
'lower_cover_with_groove_restaurant_server_caller',$,(#6684));
#6686=PRESENTATION_STYLE_ASSIGNMENT((#6687));
#6687=SURFACE_STYLE_USAGE(.BOTH.,#6688);
#6688=SURFACE_SIDE_STYLE('',(#6689));
#6689=SURFACE_STYLE_FILL_AREA(#6690);
#6690=FILL_AREA_STYLE('Steel - Satin',(#6691));
#6691=FILL_AREA_STYLE_COLOUR('Steel - Satin',#6692);
#6692=COLOUR_RGB('Steel - Satin',0.627450980392157,0.627450980392157,0.627450980392157);
ENDSEC;
END-ISO-10303-21;
