ISO-10303-21;
HEADER;
/* Generated by software containing ST-Developer
 * from STEP Tools, Inc. (www.steptools.com) 
 */

FILE_DESCRIPTION(
/* description */ (''),
/* implementation_level */ '2;1');

FILE_NAME(
/* name */ 'upper_cover_with_lip.step',
/* time_stamp */ '2025-10-25T19:21:22+04:00',
/* author */ (''),
/* organization */ (''),
/* preprocessor_version */ 'ST-DEVELOPER v20.1',
/* originating_system */ 'Autodesk Translation Framework v14.17.0.0',
/* authorisation */ '');

FILE_SCHEMA (('AUTOMOTIVE_DESIGN { 1 0 10303 214 3 1 1 }'));
ENDSEC;

DATA;
#10=MECHANICAL_DESIGN_GEOMETRIC_PRESENTATION_REPRESENTATION('',(#13),#4586);
#11=SHAPE_REPRESENTATION_RELATIONSHIP('SRR','None',#4593,#12);
#12=ADVANCED_BREP_SHAPE_REPRESENTATION('',(#14),#4585);
#13=STYLED_ITEM('',(#4602),#14);
#14=MANIFOLD_SOLID_BREP('Body1',#2873);
#15=FACE_BOUND('',#339,.T.);
#16=FACE_BOUND('',#418,.T.);
#17=FACE_BOUND('',#493,.T.);
#18=FACE_BOUND('',#495,.T.);
#19=FACE_BOUND('',#499,.T.);
#20=PLANE('',#2890);
#21=PLANE('',#2891);
#22=PLANE('',#2892);
#23=PLANE('',#2893);
#24=PLANE('',#2894);
#25=PLANE('',#2895);
#26=PLANE('',#2896);
#27=PLANE('',#2897);
#28=PLANE('',#2898);
#29=PLANE('',#2899);
#30=PLANE('',#2900);
#31=PLANE('',#2901);
#32=PLANE('',#2902);
#33=PLANE('',#2903);
#34=PLANE('',#2904);
#35=PLANE('',#2905);
#36=PLANE('',#2906);
#37=PLANE('',#2907);
#38=PLANE('',#2908);
#39=PLANE('',#2909);
#40=PLANE('',#2910);
#41=PLANE('',#2911);
#42=PLANE('',#2912);
#43=PLANE('',#2913);
#44=PLANE('',#2914);
#45=PLANE('',#2915);
#46=PLANE('',#2916);
#47=PLANE('',#2917);
#48=PLANE('',#2918);
#49=PLANE('',#2919);
#50=PLANE('',#2920);
#51=PLANE('',#2921);
#52=PLANE('',#2922);
#53=PLANE('',#2923);
#54=PLANE('',#2924);
#55=PLANE('',#2925);
#56=PLANE('',#2926);
#57=PLANE('',#2927);
#58=PLANE('',#2928);
#59=PLANE('',#2929);
#60=PLANE('',#2930);
#61=PLANE('',#2931);
#62=PLANE('',#2932);
#63=PLANE('',#2933);
#64=PLANE('',#2934);
#65=PLANE('',#2935);
#66=PLANE('',#2936);
#67=PLANE('',#2937);
#68=PLANE('',#2938);
#69=PLANE('',#2939);
#70=PLANE('',#2940);
#71=PLANE('',#2941);
#72=PLANE('',#2942);
#73=PLANE('',#2943);
#74=PLANE('',#2944);
#75=PLANE('',#2945);
#76=PLANE('',#2946);
#77=PLANE('',#2947);
#78=PLANE('',#2948);
#79=PLANE('',#2949);
#80=PLANE('',#2950);
#81=PLANE('',#2951);
#82=PLANE('',#2952);
#83=PLANE('',#2953);
#84=PLANE('',#2954);
#85=PLANE('',#2955);
#86=PLANE('',#2956);
#87=PLANE('',#2957);
#88=PLANE('',#2958);
#89=PLANE('',#2959);
#90=PLANE('',#2960);
#91=PLANE('',#2961);
#92=PLANE('',#2962);
#93=PLANE('',#2963);
#94=PLANE('',#2964);
#95=PLANE('',#2965);
#96=PLANE('',#2966);
#97=PLANE('',#2967);
#98=PLANE('',#2968);
#99=PLANE('',#2970);
#100=PLANE('',#2971);
#101=PLANE('',#2972);
#102=PLANE('',#2973);
#103=PLANE('',#2974);
#104=PLANE('',#2975);
#105=PLANE('',#2976);
#106=PLANE('',#2977);
#107=PLANE('',#2978);
#108=PLANE('',#2979);
#109=PLANE('',#2980);
#110=PLANE('',#2981);
#111=PLANE('',#2982);
#112=PLANE('',#2983);
#113=PLANE('',#2984);
#114=PLANE('',#2985);
#115=PLANE('',#2986);
#116=PLANE('',#2987);
#117=PLANE('',#2988);
#118=PLANE('',#2989);
#119=PLANE('',#2990);
#120=PLANE('',#2991);
#121=PLANE('',#2992);
#122=PLANE('',#2993);
#123=PLANE('',#2994);
#124=PLANE('',#2995);
#125=PLANE('',#2996);
#126=PLANE('',#2997);
#127=PLANE('',#2998);
#128=PLANE('',#2999);
#129=PLANE('',#3000);
#130=PLANE('',#3001);
#131=PLANE('',#3002);
#132=PLANE('',#3003);
#133=PLANE('',#3004);
#134=PLANE('',#3005);
#135=PLANE('',#3006);
#136=PLANE('',#3007);
#137=PLANE('',#3008);
#138=PLANE('',#3009);
#139=PLANE('',#3010);
#140=PLANE('',#3011);
#141=PLANE('',#3012);
#142=PLANE('',#3013);
#143=PLANE('',#3014);
#144=PLANE('',#3015);
#145=PLANE('',#3016);
#146=PLANE('',#3017);
#147=PLANE('',#3018);
#148=PLANE('',#3019);
#149=PLANE('',#3020);
#150=PLANE('',#3021);
#151=PLANE('',#3022);
#152=PLANE('',#3023);
#153=PLANE('',#3024);
#154=PLANE('',#3025);
#155=PLANE('',#3026);
#156=PLANE('',#3027);
#157=PLANE('',#3028);
#158=PLANE('',#3029);
#159=PLANE('',#3030);
#160=PLANE('',#3031);
#161=PLANE('',#3032);
#162=PLANE('',#3033);
#163=PLANE('',#3034);
#164=PLANE('',#3035);
#165=PLANE('',#3036);
#166=PLANE('',#3037);
#167=PLANE('',#3038);
#168=PLANE('',#3039);
#169=PLANE('',#3040);
#170=PLANE('',#3041);
#171=PLANE('',#3042);
#172=PLANE('',#3043);
#173=PLANE('',#3045);
#174=PLANE('',#3052);
#175=PLANE('',#3056);
#176=FACE_OUTER_BOUND('',#337,.T.);
#177=FACE_OUTER_BOUND('',#338,.T.);
#178=FACE_OUTER_BOUND('',#340,.T.);
#179=FACE_OUTER_BOUND('',#341,.T.);
#180=FACE_OUTER_BOUND('',#342,.T.);
#181=FACE_OUTER_BOUND('',#343,.T.);
#182=FACE_OUTER_BOUND('',#344,.T.);
#183=FACE_OUTER_BOUND('',#345,.T.);
#184=FACE_OUTER_BOUND('',#346,.T.);
#185=FACE_OUTER_BOUND('',#347,.T.);
#186=FACE_OUTER_BOUND('',#348,.T.);
#187=FACE_OUTER_BOUND('',#349,.T.);
#188=FACE_OUTER_BOUND('',#350,.T.);
#189=FACE_OUTER_BOUND('',#351,.T.);
#190=FACE_OUTER_BOUND('',#352,.T.);
#191=FACE_OUTER_BOUND('',#353,.T.);
#192=FACE_OUTER_BOUND('',#354,.T.);
#193=FACE_OUTER_BOUND('',#355,.T.);
#194=FACE_OUTER_BOUND('',#356,.T.);
#195=FACE_OUTER_BOUND('',#357,.T.);
#196=FACE_OUTER_BOUND('',#358,.T.);
#197=FACE_OUTER_BOUND('',#359,.T.);
#198=FACE_OUTER_BOUND('',#360,.T.);
#199=FACE_OUTER_BOUND('',#361,.T.);
#200=FACE_OUTER_BOUND('',#362,.T.);
#201=FACE_OUTER_BOUND('',#363,.T.);
#202=FACE_OUTER_BOUND('',#364,.T.);
#203=FACE_OUTER_BOUND('',#365,.T.);
#204=FACE_OUTER_BOUND('',#366,.T.);
#205=FACE_OUTER_BOUND('',#367,.T.);
#206=FACE_OUTER_BOUND('',#368,.T.);
#207=FACE_OUTER_BOUND('',#369,.T.);
#208=FACE_OUTER_BOUND('',#370,.T.);
#209=FACE_OUTER_BOUND('',#371,.T.);
#210=FACE_OUTER_BOUND('',#372,.T.);
#211=FACE_OUTER_BOUND('',#373,.T.);
#212=FACE_OUTER_BOUND('',#374,.T.);
#213=FACE_OUTER_BOUND('',#375,.T.);
#214=FACE_OUTER_BOUND('',#376,.T.);
#215=FACE_OUTER_BOUND('',#377,.T.);
#216=FACE_OUTER_BOUND('',#378,.T.);
#217=FACE_OUTER_BOUND('',#379,.T.);
#218=FACE_OUTER_BOUND('',#380,.T.);
#219=FACE_OUTER_BOUND('',#381,.T.);
#220=FACE_OUTER_BOUND('',#382,.T.);
#221=FACE_OUTER_BOUND('',#383,.T.);
#222=FACE_OUTER_BOUND('',#384,.T.);
#223=FACE_OUTER_BOUND('',#385,.T.);
#224=FACE_OUTER_BOUND('',#386,.T.);
#225=FACE_OUTER_BOUND('',#387,.T.);
#226=FACE_OUTER_BOUND('',#388,.T.);
#227=FACE_OUTER_BOUND('',#389,.T.);
#228=FACE_OUTER_BOUND('',#390,.T.);
#229=FACE_OUTER_BOUND('',#391,.T.);
#230=FACE_OUTER_BOUND('',#392,.T.);
#231=FACE_OUTER_BOUND('',#393,.T.);
#232=FACE_OUTER_BOUND('',#394,.T.);
#233=FACE_OUTER_BOUND('',#395,.T.);
#234=FACE_OUTER_BOUND('',#396,.T.);
#235=FACE_OUTER_BOUND('',#397,.T.);
#236=FACE_OUTER_BOUND('',#398,.T.);
#237=FACE_OUTER_BOUND('',#399,.T.);
#238=FACE_OUTER_BOUND('',#400,.T.);
#239=FACE_OUTER_BOUND('',#401,.T.);
#240=FACE_OUTER_BOUND('',#402,.T.);
#241=FACE_OUTER_BOUND('',#403,.T.);
#242=FACE_OUTER_BOUND('',#404,.T.);
#243=FACE_OUTER_BOUND('',#405,.T.);
#244=FACE_OUTER_BOUND('',#406,.T.);
#245=FACE_OUTER_BOUND('',#407,.T.);
#246=FACE_OUTER_BOUND('',#408,.T.);
#247=FACE_OUTER_BOUND('',#409,.T.);
#248=FACE_OUTER_BOUND('',#410,.T.);
#249=FACE_OUTER_BOUND('',#411,.T.);
#250=FACE_OUTER_BOUND('',#412,.T.);
#251=FACE_OUTER_BOUND('',#413,.T.);
#252=FACE_OUTER_BOUND('',#414,.T.);
#253=FACE_OUTER_BOUND('',#415,.T.);
#254=FACE_OUTER_BOUND('',#416,.T.);
#255=FACE_OUTER_BOUND('',#417,.T.);
#256=FACE_OUTER_BOUND('',#419,.T.);
#257=FACE_OUTER_BOUND('',#420,.T.);
#258=FACE_OUTER_BOUND('',#421,.T.);
#259=FACE_OUTER_BOUND('',#422,.T.);
#260=FACE_OUTER_BOUND('',#423,.T.);
#261=FACE_OUTER_BOUND('',#424,.T.);
#262=FACE_OUTER_BOUND('',#425,.T.);
#263=FACE_OUTER_BOUND('',#426,.T.);
#264=FACE_OUTER_BOUND('',#427,.T.);
#265=FACE_OUTER_BOUND('',#428,.T.);
#266=FACE_OUTER_BOUND('',#429,.T.);
#267=FACE_OUTER_BOUND('',#430,.T.);
#268=FACE_OUTER_BOUND('',#431,.T.);
#269=FACE_OUTER_BOUND('',#432,.T.);
#270=FACE_OUTER_BOUND('',#433,.T.);
#271=FACE_OUTER_BOUND('',#434,.T.);
#272=FACE_OUTER_BOUND('',#435,.T.);
#273=FACE_OUTER_BOUND('',#436,.T.);
#274=FACE_OUTER_BOUND('',#437,.T.);
#275=FACE_OUTER_BOUND('',#438,.T.);
#276=FACE_OUTER_BOUND('',#439,.T.);
#277=FACE_OUTER_BOUND('',#440,.T.);
#278=FACE_OUTER_BOUND('',#441,.T.);
#279=FACE_OUTER_BOUND('',#442,.T.);
#280=FACE_OUTER_BOUND('',#443,.T.);
#281=FACE_OUTER_BOUND('',#444,.T.);
#282=FACE_OUTER_BOUND('',#445,.T.);
#283=FACE_OUTER_BOUND('',#446,.T.);
#284=FACE_OUTER_BOUND('',#447,.T.);
#285=FACE_OUTER_BOUND('',#448,.T.);
#286=FACE_OUTER_BOUND('',#449,.T.);
#287=FACE_OUTER_BOUND('',#450,.T.);
#288=FACE_OUTER_BOUND('',#451,.T.);
#289=FACE_OUTER_BOUND('',#452,.T.);
#290=FACE_OUTER_BOUND('',#453,.T.);
#291=FACE_OUTER_BOUND('',#454,.T.);
#292=FACE_OUTER_BOUND('',#455,.T.);
#293=FACE_OUTER_BOUND('',#456,.T.);
#294=FACE_OUTER_BOUND('',#457,.T.);
#295=FACE_OUTER_BOUND('',#458,.T.);
#296=FACE_OUTER_BOUND('',#459,.T.);
#297=FACE_OUTER_BOUND('',#460,.T.);
#298=FACE_OUTER_BOUND('',#461,.T.);
#299=FACE_OUTER_BOUND('',#462,.T.);
#300=FACE_OUTER_BOUND('',#463,.T.);
#301=FACE_OUTER_BOUND('',#464,.T.);
#302=FACE_OUTER_BOUND('',#465,.T.);
#303=FACE_OUTER_BOUND('',#466,.T.);
#304=FACE_OUTER_BOUND('',#467,.T.);
#305=FACE_OUTER_BOUND('',#468,.T.);
#306=FACE_OUTER_BOUND('',#469,.T.);
#307=FACE_OUTER_BOUND('',#470,.T.);
#308=FACE_OUTER_BOUND('',#471,.T.);
#309=FACE_OUTER_BOUND('',#472,.T.);
#310=FACE_OUTER_BOUND('',#473,.T.);
#311=FACE_OUTER_BOUND('',#474,.T.);
#312=FACE_OUTER_BOUND('',#475,.T.);
#313=FACE_OUTER_BOUND('',#476,.T.);
#314=FACE_OUTER_BOUND('',#477,.T.);
#315=FACE_OUTER_BOUND('',#478,.T.);
#316=FACE_OUTER_BOUND('',#479,.T.);
#317=FACE_OUTER_BOUND('',#480,.T.);
#318=FACE_OUTER_BOUND('',#481,.T.);
#319=FACE_OUTER_BOUND('',#482,.T.);
#320=FACE_OUTER_BOUND('',#483,.T.);
#321=FACE_OUTER_BOUND('',#484,.T.);
#322=FACE_OUTER_BOUND('',#485,.T.);
#323=FACE_OUTER_BOUND('',#486,.T.);
#324=FACE_OUTER_BOUND('',#487,.T.);
#325=FACE_OUTER_BOUND('',#488,.T.);
#326=FACE_OUTER_BOUND('',#489,.T.);
#327=FACE_OUTER_BOUND('',#490,.T.);
#328=FACE_OUTER_BOUND('',#491,.T.);
#329=FACE_OUTER_BOUND('',#492,.T.);
#330=FACE_OUTER_BOUND('',#494,.T.);
#331=FACE_OUTER_BOUND('',#496,.T.);
#332=FACE_OUTER_BOUND('',#497,.T.);
#333=FACE_OUTER_BOUND('',#498,.T.);
#334=FACE_OUTER_BOUND('',#500,.T.);
#335=FACE_OUTER_BOUND('',#501,.T.);
#336=FACE_OUTER_BOUND('',#502,.T.);
#337=EDGE_LOOP('',(#1917,#1918,#1919,#1920));
#338=EDGE_LOOP('',(#1921,#1922,#1923,#1924,#1925,#1926,#1927,#1928,#1929,
#1930,#1931,#1932,#1933,#1934,#1935,#1936,#1937,#1938,#1939,#1940,#1941,
#1942,#1943,#1944,#1945,#1946,#1947,#1948,#1949,#1950,#1951,#1952,#1953,
#1954,#1955,#1956,#1957,#1958));
#339=EDGE_LOOP('',(#1959,#1960,#1961,#1962,#1963,#1964,#1965,#1966,#1967,
#1968,#1969,#1970,#1971,#1972,#1973,#1974,#1975,#1976,#1977,#1978,#1979,
#1980,#1981,#1982,#1983,#1984,#1985,#1986,#1987,#1988,#1989,#1990,#1991,
#1992));
#340=EDGE_LOOP('',(#1993,#1994,#1995,#1996));
#341=EDGE_LOOP('',(#1997,#1998,#1999,#2000));
#342=EDGE_LOOP('',(#2001,#2002,#2003));
#343=EDGE_LOOP('',(#2004,#2005,#2006));
#344=EDGE_LOOP('',(#2007,#2008,#2009,#2010));
#345=EDGE_LOOP('',(#2011,#2012,#2013));
#346=EDGE_LOOP('',(#2014,#2015,#2016,#2017));
#347=EDGE_LOOP('',(#2018,#2019,#2020));
#348=EDGE_LOOP('',(#2021,#2022,#2023));
#349=EDGE_LOOP('',(#2024,#2025,#2026,#2027));
#350=EDGE_LOOP('',(#2028,#2029,#2030,#2031));
#351=EDGE_LOOP('',(#2032,#2033,#2034));
#352=EDGE_LOOP('',(#2035,#2036,#2037,#2038));
#353=EDGE_LOOP('',(#2039,#2040,#2041,#2042));
#354=EDGE_LOOP('',(#2043,#2044,#2045));
#355=EDGE_LOOP('',(#2046,#2047,#2048));
#356=EDGE_LOOP('',(#2049,#2050,#2051,#2052));
#357=EDGE_LOOP('',(#2053,#2054,#2055));
#358=EDGE_LOOP('',(#2056,#2057,#2058,#2059));
#359=EDGE_LOOP('',(#2060,#2061,#2062,#2063));
#360=EDGE_LOOP('',(#2064,#2065,#2066));
#361=EDGE_LOOP('',(#2067,#2068,#2069));
#362=EDGE_LOOP('',(#2070,#2071,#2072));
#363=EDGE_LOOP('',(#2073,#2074,#2075,#2076));
#364=EDGE_LOOP('',(#2077,#2078,#2079));
#365=EDGE_LOOP('',(#2080,#2081,#2082));
#366=EDGE_LOOP('',(#2083,#2084,#2085));
#367=EDGE_LOOP('',(#2086,#2087,#2088,#2089));
#368=EDGE_LOOP('',(#2090,#2091,#2092,#2093));
#369=EDGE_LOOP('',(#2094,#2095,#2096));
#370=EDGE_LOOP('',(#2097,#2098,#2099,#2100));
#371=EDGE_LOOP('',(#2101,#2102,#2103,#2104));
#372=EDGE_LOOP('',(#2105,#2106,#2107));
#373=EDGE_LOOP('',(#2108,#2109,#2110));
#374=EDGE_LOOP('',(#2111,#2112,#2113,#2114));
#375=EDGE_LOOP('',(#2115,#2116,#2117));
#376=EDGE_LOOP('',(#2118,#2119,#2120));
#377=EDGE_LOOP('',(#2121,#2122,#2123));
#378=EDGE_LOOP('',(#2124,#2125,#2126));
#379=EDGE_LOOP('',(#2127,#2128,#2129));
#380=EDGE_LOOP('',(#2130,#2131,#2132,#2133));
#381=EDGE_LOOP('',(#2134,#2135,#2136));
#382=EDGE_LOOP('',(#2137,#2138,#2139));
#383=EDGE_LOOP('',(#2140,#2141,#2142,#2143));
#384=EDGE_LOOP('',(#2144,#2145,#2146));
#385=EDGE_LOOP('',(#2147,#2148,#2149));
#386=EDGE_LOOP('',(#2150,#2151,#2152));
#387=EDGE_LOOP('',(#2153,#2154,#2155,#2156));
#388=EDGE_LOOP('',(#2157,#2158,#2159));
#389=EDGE_LOOP('',(#2160,#2161,#2162));
#390=EDGE_LOOP('',(#2163,#2164,#2165,#2166));
#391=EDGE_LOOP('',(#2167,#2168,#2169));
#392=EDGE_LOOP('',(#2170,#2171,#2172));
#393=EDGE_LOOP('',(#2173,#2174,#2175));
#394=EDGE_LOOP('',(#2176,#2177,#2178,#2179));
#395=EDGE_LOOP('',(#2180,#2181,#2182));
#396=EDGE_LOOP('',(#2183,#2184,#2185,#2186));
#397=EDGE_LOOP('',(#2187,#2188,#2189));
#398=EDGE_LOOP('',(#2190,#2191,#2192,#2193));
#399=EDGE_LOOP('',(#2194,#2195,#2196,#2197));
#400=EDGE_LOOP('',(#2198,#2199,#2200));
#401=EDGE_LOOP('',(#2201,#2202,#2203));
#402=EDGE_LOOP('',(#2204,#2205,#2206,#2207));
#403=EDGE_LOOP('',(#2208,#2209,#2210,#2211));
#404=EDGE_LOOP('',(#2212,#2213,#2214));
#405=EDGE_LOOP('',(#2215,#2216,#2217));
#406=EDGE_LOOP('',(#2218,#2219,#2220,#2221));
#407=EDGE_LOOP('',(#2222,#2223,#2224));
#408=EDGE_LOOP('',(#2225,#2226,#2227,#2228));
#409=EDGE_LOOP('',(#2229,#2230,#2231));
#410=EDGE_LOOP('',(#2232,#2233,#2234));
#411=EDGE_LOOP('',(#2235,#2236,#2237,#2238));
#412=EDGE_LOOP('',(#2239,#2240,#2241));
#413=EDGE_LOOP('',(#2242,#2243,#2244));
#414=EDGE_LOOP('',(#2245,#2246,#2247));
#415=EDGE_LOOP('',(#2248,#2249,#2250));
#416=EDGE_LOOP('',(#2251,#2252,#2253,#2254));
#417=EDGE_LOOP('',(#2255,#2256,#2257,#2258,#2259,#2260,#2261,#2262,#2263,
#2264,#2265,#2266,#2267,#2268,#2269,#2270,#2271,#2272,#2273,#2274));
#418=EDGE_LOOP('',(#2275));
#419=EDGE_LOOP('',(#2276,#2277,#2278,#2279,#2280,#2281));
#420=EDGE_LOOP('',(#2282,#2283,#2284,#2285,#2286));
#421=EDGE_LOOP('',(#2287,#2288,#2289,#2290,#2291,#2292,#2293));
#422=EDGE_LOOP('',(#2294,#2295,#2296,#2297,#2298,#2299,#2300,#2301,#2302));
#423=EDGE_LOOP('',(#2303,#2304,#2305,#2306,#2307,#2308));
#424=EDGE_LOOP('',(#2309,#2310,#2311));
#425=EDGE_LOOP('',(#2312,#2313,#2314,#2315));
#426=EDGE_LOOP('',(#2316,#2317,#2318,#2319,#2320));
#427=EDGE_LOOP('',(#2321,#2322,#2323,#2324,#2325,#2326,#2327));
#428=EDGE_LOOP('',(#2328,#2329,#2330,#2331));
#429=EDGE_LOOP('',(#2332,#2333,#2334));
#430=EDGE_LOOP('',(#2335,#2336,#2337,#2338));
#431=EDGE_LOOP('',(#2339,#2340,#2341,#2342,#2343,#2344));
#432=EDGE_LOOP('',(#2345,#2346,#2347));
#433=EDGE_LOOP('',(#2348,#2349,#2350,#2351,#2352,#2353,#2354));
#434=EDGE_LOOP('',(#2355,#2356,#2357,#2358,#2359));
#435=EDGE_LOOP('',(#2360,#2361,#2362));
#436=EDGE_LOOP('',(#2363,#2364,#2365,#2366,#2367,#2368,#2369,#2370,#2371,
#2372));
#437=EDGE_LOOP('',(#2373,#2374,#2375,#2376,#2377));
#438=EDGE_LOOP('',(#2378,#2379,#2380,#2381,#2382));
#439=EDGE_LOOP('',(#2383,#2384,#2385,#2386));
#440=EDGE_LOOP('',(#2387,#2388,#2389,#2390,#2391));
#441=EDGE_LOOP('',(#2392,#2393,#2394,#2395,#2396));
#442=EDGE_LOOP('',(#2397,#2398,#2399,#2400,#2401));
#443=EDGE_LOOP('',(#2402,#2403,#2404,#2405,#2406,#2407));
#444=EDGE_LOOP('',(#2408,#2409,#2410,#2411,#2412));
#445=EDGE_LOOP('',(#2413,#2414,#2415,#2416,#2417,#2418));
#446=EDGE_LOOP('',(#2419,#2420,#2421,#2422,#2423));
#447=EDGE_LOOP('',(#2424,#2425,#2426,#2427,#2428,#2429));
#448=EDGE_LOOP('',(#2430,#2431,#2432,#2433,#2434,#2435));
#449=EDGE_LOOP('',(#2436,#2437,#2438,#2439));
#450=EDGE_LOOP('',(#2440,#2441,#2442,#2443,#2444,#2445,#2446,#2447));
#451=EDGE_LOOP('',(#2448,#2449,#2450,#2451,#2452,#2453,#2454,#2455,#2456));
#452=EDGE_LOOP('',(#2457,#2458,#2459,#2460,#2461,#2462));
#453=EDGE_LOOP('',(#2463,#2464,#2465,#2466,#2467));
#454=EDGE_LOOP('',(#2468,#2469,#2470));
#455=EDGE_LOOP('',(#2471,#2472,#2473,#2474));
#456=EDGE_LOOP('',(#2475,#2476,#2477));
#457=EDGE_LOOP('',(#2478,#2479,#2480,#2481,#2482));
#458=EDGE_LOOP('',(#2483,#2484,#2485,#2486));
#459=EDGE_LOOP('',(#2487,#2488,#2489,#2490));
#460=EDGE_LOOP('',(#2491,#2492,#2493,#2494));
#461=EDGE_LOOP('',(#2495,#2496,#2497,#2498));
#462=EDGE_LOOP('',(#2499,#2500,#2501,#2502));
#463=EDGE_LOOP('',(#2503,#2504,#2505,#2506,#2507,#2508,#2509,#2510));
#464=EDGE_LOOP('',(#2511,#2512,#2513,#2514,#2515));
#465=EDGE_LOOP('',(#2516,#2517,#2518,#2519,#2520));
#466=EDGE_LOOP('',(#2521,#2522,#2523,#2524));
#467=EDGE_LOOP('',(#2525,#2526,#2527,#2528));
#468=EDGE_LOOP('',(#2529,#2530,#2531,#2532,#2533,#2534,#2535));
#469=EDGE_LOOP('',(#2536,#2537,#2538));
#470=EDGE_LOOP('',(#2539,#2540,#2541));
#471=EDGE_LOOP('',(#2542,#2543,#2544,#2545,#2546,#2547,#2548,#2549));
#472=EDGE_LOOP('',(#2550,#2551,#2552,#2553,#2554,#2555));
#473=EDGE_LOOP('',(#2556,#2557,#2558));
#474=EDGE_LOOP('',(#2559,#2560,#2561,#2562,#2563));
#475=EDGE_LOOP('',(#2564,#2565,#2566,#2567));
#476=EDGE_LOOP('',(#2568,#2569,#2570,#2571,#2572,#2573,#2574,#2575));
#477=EDGE_LOOP('',(#2576,#2577,#2578,#2579));
#478=EDGE_LOOP('',(#2580,#2581,#2582,#2583,#2584,#2585));
#479=EDGE_LOOP('',(#2586,#2587,#2588,#2589));
#480=EDGE_LOOP('',(#2590,#2591,#2592,#2593,#2594));
#481=EDGE_LOOP('',(#2595,#2596,#2597,#2598,#2599,#2600,#2601,#2602,#2603,
#2604));
#482=EDGE_LOOP('',(#2605,#2606,#2607,#2608));
#483=EDGE_LOOP('',(#2609,#2610,#2611,#2612,#2613,#2614,#2615));
#484=EDGE_LOOP('',(#2616,#2617,#2618,#2619));
#485=EDGE_LOOP('',(#2620,#2621,#2622,#2623));
#486=EDGE_LOOP('',(#2624,#2625,#2626,#2627,#2628));
#487=EDGE_LOOP('',(#2629,#2630,#2631,#2632,#2633,#2634,#2635,#2636,#2637));
#488=EDGE_LOOP('',(#2638,#2639,#2640,#2641,#2642,#2643,#2644));
#489=EDGE_LOOP('',(#2645,#2646,#2647,#2648));
#490=EDGE_LOOP('',(#2649,#2650,#2651,#2652,#2653));
#491=EDGE_LOOP('',(#2654,#2655,#2656,#2657));
#492=EDGE_LOOP('',(#2658,#2659,#2660,#2661,#2662,#2663,#2664,#2665,#2666,
#2667,#2668,#2669,#2670,#2671,#2672,#2673,#2674,#2675));
#493=EDGE_LOOP('',(#2676));
#494=EDGE_LOOP('',(#2677));
#495=EDGE_LOOP('',(#2678,#2679,#2680,#2681));
#496=EDGE_LOOP('',(#2682,#2683,#2684,#2685));
#497=EDGE_LOOP('',(#2686,#2687,#2688,#2689));
#498=EDGE_LOOP('',(#2690));
#499=EDGE_LOOP('',(#2691,#2692,#2693,#2694));
#500=EDGE_LOOP('',(#2695,#2696,#2697,#2698));
#501=EDGE_LOOP('',(#2699,#2700,#2701,#2702));
#502=EDGE_LOOP('',(#2703,#2704,#2705,#2706));
#503=CIRCLE('',#2888,18.);
#504=CIRCLE('',#2889,18.);
#505=CIRCLE('',#2969,25.);
#506=CIRCLE('',#3044,28.);
#507=CIRCLE('',#3046,28.);
#508=CIRCLE('',#3047,3.53986434685874);
#509=CIRCLE('',#3048,3.53986434685874);
#510=CIRCLE('',#3051,25.);
#511=CIRCLE('',#3053,3.53986434685874);
#512=CIRCLE('',#3054,3.53986434685874);
#513=LINE('',#3791,#898);
#514=LINE('',#3795,#899);
#515=LINE('',#3800,#900);
#516=LINE('',#3802,#901);
#517=LINE('',#3804,#902);
#518=LINE('',#3806,#903);
#519=LINE('',#3808,#904);
#520=LINE('',#3810,#905);
#521=LINE('',#3812,#906);
#522=LINE('',#3814,#907);
#523=LINE('',#3816,#908);
#524=LINE('',#3818,#909);
#525=LINE('',#3820,#910);
#526=LINE('',#3822,#911);
#527=LINE('',#3824,#912);
#528=LINE('',#3826,#913);
#529=LINE('',#3828,#914);
#530=LINE('',#3830,#915);
#531=LINE('',#3832,#916);
#532=LINE('',#3834,#917);
#533=LINE('',#3836,#918);
#534=LINE('',#3838,#919);
#535=LINE('',#3840,#920);
#536=LINE('',#3842,#921);
#537=LINE('',#3844,#922);
#538=LINE('',#3846,#923);
#539=LINE('',#3848,#924);
#540=LINE('',#3850,#925);
#541=LINE('',#3852,#926);
#542=LINE('',#3854,#927);
#543=LINE('',#3856,#928);
#544=LINE('',#3858,#929);
#545=LINE('',#3860,#930);
#546=LINE('',#3862,#931);
#547=LINE('',#3864,#932);
#548=LINE('',#3866,#933);
#549=LINE('',#3868,#934);
#550=LINE('',#3870,#935);
#551=LINE('',#3872,#936);
#552=LINE('',#3873,#937);
#553=LINE('',#3876,#938);
#554=LINE('',#3878,#939);
#555=LINE('',#3880,#940);
#556=LINE('',#3882,#941);
#557=LINE('',#3884,#942);
#558=LINE('',#3886,#943);
#559=LINE('',#3888,#944);
#560=LINE('',#3890,#945);
#561=LINE('',#3892,#946);
#562=LINE('',#3894,#947);
#563=LINE('',#3896,#948);
#564=LINE('',#3898,#949);
#565=LINE('',#3900,#950);
#566=LINE('',#3902,#951);
#567=LINE('',#3904,#952);
#568=LINE('',#3906,#953);
#569=LINE('',#3908,#954);
#570=LINE('',#3910,#955);
#571=LINE('',#3912,#956);
#572=LINE('',#3914,#957);
#573=LINE('',#3916,#958);
#574=LINE('',#3918,#959);
#575=LINE('',#3920,#960);
#576=LINE('',#3922,#961);
#577=LINE('',#3924,#962);
#578=LINE('',#3926,#963);
#579=LINE('',#3928,#964);
#580=LINE('',#3930,#965);
#581=LINE('',#3932,#966);
#582=LINE('',#3934,#967);
#583=LINE('',#3936,#968);
#584=LINE('',#3938,#969);
#585=LINE('',#3940,#970);
#586=LINE('',#3941,#971);
#587=LINE('',#3945,#972);
#588=LINE('',#3947,#973);
#589=LINE('',#3949,#974);
#590=LINE('',#3950,#975);
#591=LINE('',#3954,#976);
#592=LINE('',#3956,#977);
#593=LINE('',#3957,#978);
#594=LINE('',#3958,#979);
#595=LINE('',#3961,#980);
#596=LINE('',#3962,#981);
#597=LINE('',#3964,#982);
#598=LINE('',#3967,#983);
#599=LINE('',#3969,#984);
#600=LINE('',#3970,#985);
#601=LINE('',#3973,#986);
#602=LINE('',#3974,#987);
#603=LINE('',#3977,#988);
#604=LINE('',#3979,#989);
#605=LINE('',#3980,#990);
#606=LINE('',#3983,#991);
#607=LINE('',#3984,#992);
#608=LINE('',#3988,#993);
#609=LINE('',#3990,#994);
#610=LINE('',#3991,#995);
#611=LINE('',#3994,#996);
#612=LINE('',#3996,#997);
#613=LINE('',#3997,#998);
#614=LINE('',#3999,#999);
#615=LINE('',#4000,#1000);
#616=LINE('',#4003,#1001);
#617=LINE('',#4004,#1002);
#618=LINE('',#4008,#1003);
#619=LINE('',#4009,#1004);
#620=LINE('',#4010,#1005);
#621=LINE('',#4013,#1006);
#622=LINE('',#4015,#1007);
#623=LINE('',#4016,#1008);
#624=LINE('',#4020,#1009);
#625=LINE('',#4022,#1010);
#626=LINE('',#4023,#1011);
#627=LINE('',#4026,#1012);
#628=LINE('',#4027,#1013);
#629=LINE('',#4029,#1014);
#630=LINE('',#4030,#1015);
#631=LINE('',#4033,#1016);
#632=LINE('',#4034,#1017);
#633=LINE('',#4037,#1018);
#634=LINE('',#4039,#1019);
#635=LINE('',#4040,#1020);
#636=LINE('',#4042,#1021);
#637=LINE('',#4043,#1022);
#638=LINE('',#4046,#1023);
#639=LINE('',#4047,#1024);
#640=LINE('',#4050,#1025);
#641=LINE('',#4051,#1026);
#642=LINE('',#4054,#1027);
#643=LINE('',#4055,#1028);
#644=LINE('',#4056,#1029);
#645=LINE('',#4060,#1030);
#646=LINE('',#4061,#1031);
#647=LINE('',#4062,#1032);
#648=LINE('',#4064,#1033);
#649=LINE('',#4066,#1034);
#650=LINE('',#4068,#1035);
#651=LINE('',#4070,#1036);
#652=LINE('',#4071,#1037);
#653=LINE('',#4075,#1038);
#654=LINE('',#4077,#1039);
#655=LINE('',#4078,#1040);
#656=LINE('',#4080,#1041);
#657=LINE('',#4081,#1042);
#658=LINE('',#4082,#1043);
#659=LINE('',#4084,#1044);
#660=LINE('',#4086,#1045);
#661=LINE('',#4087,#1046);
#662=LINE('',#4089,#1047);
#663=LINE('',#4094,#1048);
#664=LINE('',#4096,#1049);
#665=LINE('',#4099,#1050);
#666=LINE('',#4100,#1051);
#667=LINE('',#4102,#1052);
#668=LINE('',#4104,#1053);
#669=LINE('',#4107,#1054);
#670=LINE('',#4108,#1055);
#671=LINE('',#4109,#1056);
#672=LINE('',#4111,#1057);
#673=LINE('',#4113,#1058);
#674=LINE('',#4115,#1059);
#675=LINE('',#4117,#1060);
#676=LINE('',#4118,#1061);
#677=LINE('',#4122,#1062);
#678=LINE('',#4123,#1063);
#679=LINE('',#4126,#1064);
#680=LINE('',#4127,#1065);
#681=LINE('',#4129,#1066);
#682=LINE('',#4131,#1067);
#683=LINE('',#4133,#1068);
#684=LINE('',#4135,#1069);
#685=LINE('',#4138,#1070);
#686=LINE('',#4139,#1071);
#687=LINE('',#4141,#1072);
#688=LINE('',#4143,#1073);
#689=LINE('',#4145,#1074);
#690=LINE('',#4146,#1075);
#691=LINE('',#4148,#1076);
#692=LINE('',#4151,#1077);
#693=LINE('',#4154,#1078);
#694=LINE('',#4155,#1079);
#695=LINE('',#4158,#1080);
#696=LINE('',#4159,#1081);
#697=LINE('',#4161,#1082);
#698=LINE('',#4163,#1083);
#699=LINE('',#4165,#1084);
#700=LINE('',#4166,#1085);
#701=LINE('',#4170,#1086);
#702=LINE('',#4173,#1087);
#703=LINE('',#4174,#1088);
#704=LINE('',#4176,#1089);
#705=LINE('',#4178,#1090);
#706=LINE('',#4180,#1091);
#707=LINE('',#4182,#1092);
#708=LINE('',#4184,#1093);
#709=LINE('',#4191,#1094);
#710=LINE('',#4193,#1095);
#711=LINE('',#4195,#1096);
#712=LINE('',#4197,#1097);
#713=LINE('',#4198,#1098);
#714=LINE('',#4201,#1099);
#715=LINE('',#4203,#1100);
#716=LINE('',#4204,#1101);
#717=LINE('',#4208,#1102);
#718=LINE('',#4210,#1103);
#719=LINE('',#4212,#1104);
#720=LINE('',#4214,#1105);
#721=LINE('',#4216,#1106);
#722=LINE('',#4218,#1107);
#723=LINE('',#4219,#1108);
#724=LINE('',#4223,#1109);
#725=LINE('',#4225,#1110);
#726=LINE('',#4227,#1111);
#727=LINE('',#4229,#1112);
#728=LINE('',#4231,#1113);
#729=LINE('',#4233,#1114);
#730=LINE('',#4235,#1115);
#731=LINE('',#4237,#1116);
#732=LINE('',#4238,#1117);
#733=LINE('',#4241,#1118);
#734=LINE('',#4243,#1119);
#735=LINE('',#4244,#1120);
#736=LINE('',#4245,#1121);
#737=LINE('',#4247,#1122);
#738=LINE('',#4250,#1123);
#739=LINE('',#4252,#1124);
#740=LINE('',#4253,#1125);
#741=LINE('',#4256,#1126);
#742=LINE('',#4258,#1127);
#743=LINE('',#4260,#1128);
#744=LINE('',#4261,#1129);
#745=LINE('',#4264,#1130);
#746=LINE('',#4266,#1131);
#747=LINE('',#4268,#1132);
#748=LINE('',#4270,#1133);
#749=LINE('',#4272,#1134);
#750=LINE('',#4273,#1135);
#751=LINE('',#4276,#1136);
#752=LINE('',#4278,#1137);
#753=LINE('',#4279,#1138);
#754=LINE('',#4283,#1139);
#755=LINE('',#4285,#1140);
#756=LINE('',#4286,#1141);
#757=LINE('',#4289,#1142);
#758=LINE('',#4291,#1143);
#759=LINE('',#4292,#1144);
#760=LINE('',#4295,#1145);
#761=LINE('',#4297,#1146);
#762=LINE('',#4298,#1147);
#763=LINE('',#4299,#1148);
#764=LINE('',#4302,#1149);
#765=LINE('',#4303,#1150);
#766=LINE('',#4307,#1151);
#767=LINE('',#4309,#1152);
#768=LINE('',#4311,#1153);
#769=LINE('',#4312,#1154);
#770=LINE('',#4313,#1155);
#771=LINE('',#4316,#1156);
#772=LINE('',#4318,#1157);
#773=LINE('',#4320,#1158);
#774=LINE('',#4321,#1159);
#775=LINE('',#4324,#1160);
#776=LINE('',#4325,#1161);
#777=LINE('',#4328,#1162);
#778=LINE('',#4330,#1163);
#779=LINE('',#4332,#1164);
#780=LINE('',#4334,#1165);
#781=LINE('',#4336,#1166);
#782=LINE('',#4338,#1167);
#783=LINE('',#4340,#1168);
#784=LINE('',#4341,#1169);
#785=LINE('',#4344,#1170);
#786=LINE('',#4346,#1171);
#787=LINE('',#4347,#1172);
#788=LINE('',#4350,#1173);
#789=LINE('',#4351,#1174);
#790=LINE('',#4352,#1175);
#791=LINE('',#4355,#1176);
#792=LINE('',#4357,#1177);
#793=LINE('',#4358,#1178);
#794=LINE('',#4361,#1179);
#795=LINE('',#4363,#1180);
#796=LINE('',#4365,#1181);
#797=LINE('',#4366,#1182);
#798=LINE('',#4370,#1183);
#799=LINE('',#4372,#1184);
#800=LINE('',#4373,#1185);
#801=LINE('',#4374,#1186);
#802=LINE('',#4376,#1187);
#803=LINE('',#4379,#1188);
#804=LINE('',#4381,#1189);
#805=LINE('',#4383,#1190);
#806=LINE('',#4385,#1191);
#807=LINE('',#4386,#1192);
#808=LINE('',#4389,#1193);
#809=LINE('',#4390,#1194);
#810=LINE('',#4391,#1195);
#811=LINE('',#4394,#1196);
#812=LINE('',#4395,#1197);
#813=LINE('',#4397,#1198);
#814=LINE('',#4399,#1199);
#815=LINE('',#4400,#1200);
#816=LINE('',#4404,#1201);
#817=LINE('',#4406,#1202);
#818=LINE('',#4407,#1203);
#819=LINE('',#4409,#1204);
#820=LINE('',#4410,#1205);
#821=LINE('',#4412,#1206);
#822=LINE('',#4413,#1207);
#823=LINE('',#4415,#1208);
#824=LINE('',#4418,#1209);
#825=LINE('',#4420,#1210);
#826=LINE('',#4421,#1211);
#827=LINE('',#4422,#1212);
#828=LINE('',#4424,#1213);
#829=LINE('',#4430,#1214);
#830=LINE('',#4431,#1215);
#831=LINE('',#4434,#1216);
#832=LINE('',#4435,#1217);
#833=LINE('',#4438,#1218);
#834=LINE('',#4439,#1219);
#835=LINE('',#4442,#1220);
#836=LINE('',#4443,#1221);
#837=LINE('',#4445,#1222);
#838=LINE('',#4448,#1223);
#839=LINE('',#4450,#1224);
#840=LINE('',#4451,#1225);
#841=LINE('',#4453,#1226);
#842=LINE('',#4455,#1227);
#843=LINE('',#4457,#1228);
#844=LINE('',#4459,#1229);
#845=LINE('',#4460,#1230);
#846=LINE('',#4462,#1231);
#847=LINE('',#4464,#1232);
#848=LINE('',#4466,#1233);
#849=LINE('',#4467,#1234);
#850=LINE('',#4471,#1235);
#851=LINE('',#4473,#1236);
#852=LINE('',#4474,#1237);
#853=LINE('',#4477,#1238);
#854=LINE('',#4479,#1239);
#855=LINE('',#4481,#1240);
#856=LINE('',#4482,#1241);
#857=LINE('',#4484,#1242);
#858=LINE('',#4486,#1243);
#859=LINE('',#4489,#1244);
#860=LINE('',#4490,#1245);
#861=LINE('',#4493,#1246);
#862=LINE('',#4494,#1247);
#863=LINE('',#4497,#1248);
#864=LINE('',#4498,#1249);
#865=LINE('',#4501,#1250);
#866=LINE('',#4502,#1251);
#867=LINE('',#4504,#1252);
#868=LINE('',#4506,#1253);
#869=LINE('',#4508,#1254);
#870=LINE('',#4511,#1255);
#871=LINE('',#4513,#1256);
#872=LINE('',#4514,#1257);
#873=LINE('',#4517,#1258);
#874=LINE('',#4518,#1259);
#875=LINE('',#4521,#1260);
#876=LINE('',#4523,#1261);
#877=LINE('',#4524,#1262);
#878=LINE('',#4526,#1263);
#879=LINE('',#4528,#1264);
#880=LINE('',#4532,#1265);
#881=LINE('',#4533,#1266);
#882=LINE('',#4536,#1267);
#883=LINE('',#4537,#1268);
#884=LINE('',#4540,#1269);
#885=LINE('',#4541,#1270);
#886=LINE('',#4544,#1271);
#887=LINE('',#4546,#1272);
#888=LINE('',#4547,#1273);
#889=LINE('',#4549,#1274);
#890=LINE('',#4551,#1275);
#891=LINE('',#4553,#1276);
#892=LINE('',#4565,#1277);
#893=LINE('',#4567,#1278);
#894=LINE('',#4571,#1279);
#895=LINE('',#4576,#1280);
#896=LINE('',#4579,#1281);
#897=LINE('',#4581,#1282);
#898=VECTOR('',#3062,3.);
#899=VECTOR('',#3065,3.);
#900=VECTOR('',#3070,0.723090917842923);
#901=VECTOR('',#3071,13.573948610938);
#902=VECTOR('',#3072,11.2616210367319);
#903=VECTOR('',#3073,6.23225518646702);
#904=VECTOR('',#3074,23.9011533960712);
#905=VECTOR('',#3075,1.87933470787855);
#906=VECTOR('',#3076,1.62733809436693);
#907=VECTOR('',#3077,21.5467936509867);
#908=VECTOR('',#3078,3.34182780438013);
#909=VECTOR('',#3079,17.6872279091392);
#910=VECTOR('',#3080,0.672264105936564);
#911=VECTOR('',#3081,0.086231378307618);
#912=VECTOR('',#3082,2.49492807038215);
#913=VECTOR('',#3083,11.5878242945173);
#914=VECTOR('',#3084,0.690192778384268);
#915=VECTOR('',#3085,19.7881592410775);
#916=VECTOR('',#3086,2.57369514648735);
#917=VECTOR('',#3087,5.80348160089057);
#918=VECTOR('',#3088,14.7730467389805);
#919=VECTOR('',#3089,7.88485546998405);
#920=VECTOR('',#3090,21.4987541454755);
#921=VECTOR('',#3091,0.789212371776015);
#922=VECTOR('',#3092,7.04047482583014);
#923=VECTOR('',#3093,10.7746164037565);
#924=VECTOR('',#3094,0.690192778384277);
#925=VECTOR('',#3095,11.587824294519);
#926=VECTOR('',#3096,2.4949280703805);
#927=VECTOR('',#3097,0.086231378307618);
#928=VECTOR('',#3098,0.672264105936462);
#929=VECTOR('',#3099,17.6872279091393);
#930=VECTOR('',#3100,3.34182780438013);
#931=VECTOR('',#3101,21.5467936509867);
#932=VECTOR('',#3102,1.62733809436693);
#933=VECTOR('',#3103,12.6266711405911);
#934=VECTOR('',#3104,7.60289918401413);
#935=VECTOR('',#3105,0.522552206024022);
#936=VECTOR('',#3106,12.5281125924457);
#937=VECTOR('',#3107,3.96099081978392);
#938=VECTOR('',#3108,12.5846779117443);
#939=VECTOR('',#3109,0.631020572305187);
#940=VECTOR('',#3110,0.591438110133985);
#941=VECTOR('',#3111,15.4459280801164);
#942=VECTOR('',#3112,0.453749167851175);
#943=VECTOR('',#3113,4.55773944688578);
#944=VECTOR('',#3114,14.1375695879823);
#945=VECTOR('',#3115,1.60305955345202);
#946=VECTOR('',#3116,19.9012772662756);
#947=VECTOR('',#3117,3.24191256973879);
#948=VECTOR('',#3118,16.9941930603841);
#949=VECTOR('',#3119,0.116264618150076);
#950=VECTOR('',#3120,12.7073034250985);
#951=VECTOR('',#3121,1.46835610462841);
#952=VECTOR('',#3122,11.2640928203702);
#953=VECTOR('',#3123,5.278365632604);
#954=VECTOR('',#3124,0.531934689598932);
#955=VECTOR('',#3125,20.3867964491891);
#956=VECTOR('',#3126,6.73209888004575);
#957=VECTOR('',#3127,14.5263142706061);
#958=VECTOR('',#3128,4.89504192746175);
#959=VECTOR('',#3129,2.57062041301878);
#960=VECTOR('',#3130,18.7354285748966);
#961=VECTOR('',#3131,1.23538075796698);
#962=VECTOR('',#3132,12.7073034250985);
#963=VECTOR('',#3133,0.116264618150114);
#964=VECTOR('',#3134,16.9941930603841);
#965=VECTOR('',#3135,3.24191256973879);
#966=VECTOR('',#3136,19.9012772662756);
#967=VECTOR('',#3137,1.65605448557318);
#968=VECTOR('',#3138,2.06742059510417);
#969=VECTOR('',#3139,22.4542679825359);
#970=VECTOR('',#3140,5.71829378338641);
#971=VECTOR('',#3141,10.4200830662026);
#972=VECTOR('',#3144,14.2205776657695);
#973=VECTOR('',#3145,3.96564741832295);
#974=VECTOR('',#3146,21.9920927103896);
#975=VECTOR('',#3147,10.4358751194083);
#976=VECTOR('',#3150,13.01863879699);
#977=VECTOR('',#3151,20.2986854801204);
#978=VECTOR('',#3152,9.91353352063041);
#979=VECTOR('',#3153,33.9484983774377);
#980=VECTOR('',#3156,7.42532645740627);
#981=VECTOR('',#3157,7.01659030923163);
#982=VECTOR('',#3160,4.98127358383524);
#983=VECTOR('',#3163,16.436116315428);
#984=VECTOR('',#3164,13.0709034982137);
#985=VECTOR('',#3165,27.7332634570826);
#986=VECTOR('',#3168,7.23853907354586);
#987=VECTOR('',#3169,12.2622400920943);
#988=VECTOR('',#3172,13.6556557215711);
#989=VECTOR('',#3173,3.48352848286584);
#990=VECTOR('',#3174,19.689366443186);
#991=VECTOR('',#3177,14.414714655339);
#992=VECTOR('',#3178,14.7872078384868);
#993=VECTOR('',#3181,25.3485523450811);
#994=VECTOR('',#3182,14.6665590531428);
#995=VECTOR('',#3183,18.2501865663712);
#996=VECTOR('',#3186,3.96321450712796);
#997=VECTOR('',#3187,19.2249542805534);
#998=VECTOR('',#3188,24.3433686700942);
#999=VECTOR('',#3191,1.02503859451366);
#1000=VECTOR('',#3192,27.7779432000536);
#1001=VECTOR('',#3195,20.3075712900215);
#1002=VECTOR('',#3196,15.2257459793791);
#1003=VECTOR('',#3199,19.5142717897836);
#1004=VECTOR('',#3200,5.33569080680666);
#1005=VECTOR('',#3201,19.6407402699251);
#1006=VECTOR('',#3204,3.30463775694298);
#1007=VECTOR('',#3205,16.9987832095317);
#1008=VECTOR('',#3206,17.1519969835021);
#1009=VECTOR('',#3209,2.58813639106117);
#1010=VECTOR('',#3210,1.78302903876295);
#1011=VECTOR('',#3211,1.75699594334343);
#1012=VECTOR('',#3214,15.7380910505865);
#1013=VECTOR('',#3215,21.3758822291762);
#1014=VECTOR('',#3218,22.6547359760341);
#1015=VECTOR('',#3219,29.5138172213669);
#1016=VECTOR('',#3222,6.40074554814674);
#1017=VECTOR('',#3223,7.21505224386951);
#1018=VECTOR('',#3226,2.23096238991316);
#1019=VECTOR('',#3227,20.670772191317);
#1020=VECTOR('',#3228,21.9832454458336);
#1021=VECTOR('',#3231,13.880301213662);
#1022=VECTOR('',#3232,31.2512454937203);
#1023=VECTOR('',#3235,10.9904456207443);
#1024=VECTOR('',#3236,8.84363307369509);
#1025=VECTOR('',#3239,0.756918447404719);
#1026=VECTOR('',#3240,0.295928339487703);
#1027=VECTOR('',#3243,15.6998642486562);
#1028=VECTOR('',#3244,19.518967035472);
#1029=VECTOR('',#3245,23.1286204603552);
#1030=VECTOR('',#3250,24.7776067176568);
#1031=VECTOR('',#3251,23.1704155280444);
#1032=VECTOR('',#3252,15.5223890411398);
#1033=VECTOR('',#3255,16.6802144427903);
#1034=VECTOR('',#3258,22.1565022056211);
#1035=VECTOR('',#3261,14.6689421490451);
#1036=VECTOR('',#3264,29.1242171144198);
#1037=VECTOR('',#3265,26.3010757914484);
#1038=VECTOR('',#3270,21.2811225493579);
#1039=VECTOR('',#3271,13.0449700982204);
#1040=VECTOR('',#3272,21.3657409994516);
#1041=VECTOR('',#3275,33.0556444029242);
#1042=VECTOR('',#3276,34.2846883377792);
#1043=VECTOR('',#3277,4.00988051254183);
#1044=VECTOR('',#3280,21.4876272207235);
#1045=VECTOR('',#3283,26.097487925396);
#1046=VECTOR('',#3284,29.9102746624715);
#1047=VECTOR('',#3287,18.6151020300933);
#1048=VECTOR('',#3296,1.56438088870153);
#1049=VECTOR('',#3299,2.05926063863604);
#1050=VECTOR('',#3302,3.40934807785472);
#1051=VECTOR('',#3303,24.5559109850705);
#1052=VECTOR('',#3306,3.6835130520141);
#1053=VECTOR('',#3309,19.9272564224171);
#1054=VECTOR('',#3312,12.08465227098);
#1055=VECTOR('',#3313,22.4301757604593);
#1056=VECTOR('',#3314,25.3009910440084);
#1057=VECTOR('',#3317,0.728241572226471);
#1058=VECTOR('',#3320,24.4328690283087);
#1059=VECTOR('',#3323,0.587740777780418);
#1060=VECTOR('',#3326,11.0283663357131);
#1061=VECTOR('',#3327,17.2252408054631);
#1062=VECTOR('',#3332,8.21794443479808);
#1063=VECTOR('',#3333,20.347040138422);
#1064=VECTOR('',#3336,20.4206741759531);
#1065=VECTOR('',#3337,24.1257967944624);
#1066=VECTOR('',#3340,21.1684695778853);
#1067=VECTOR('',#3343,16.3695443283012);
#1068=VECTOR('',#3346,22.8707595582092);
#1069=VECTOR('',#3349,23.2922035393441);
#1070=VECTOR('',#3352,0.119347840831962);
#1071=VECTOR('',#3353,0.721425821392319);
#1072=VECTOR('',#3356,20.2905631150597);
#1073=VECTOR('',#3359,0.125574431717374);
#1074=VECTOR('',#3362,2.55283266873739);
#1075=VECTOR('',#3363,26.8700112395561);
#1076=VECTOR('',#3366,25.546613743593);
#1077=VECTOR('',#3371,24.6248960572219);
#1078=VECTOR('',#3374,14.1954907913647);
#1079=VECTOR('',#3375,20.7836404290284);
#1080=VECTOR('',#3378,9.13045854862);
#1081=VECTOR('',#3379,17.9058028957112);
#1082=VECTOR('',#3382,9.42511750051324);
#1083=VECTOR('',#3385,25.5059659356406);
#1084=VECTOR('',#3388,22.0716624536144);
#1085=VECTOR('',#3389,21.8717091459866);
#1086=VECTOR('',#3396,22.3663911060937);
#1087=VECTOR('',#3399,19.2031758860064);
#1088=VECTOR('',#3400,17.8707295854359);
#1089=VECTOR('',#3403,20.7886442787582);
#1090=VECTOR('',#3406,24.1523664107522);
#1091=VECTOR('',#3409,18.3176364217737);
#1092=VECTOR('',#3412,14.0488591682664);
#1093=VECTOR('',#3415,18.3831565440804);
#1094=VECTOR('',#3424,18.9852831661924);
#1095=VECTOR('',#3425,0.0510809027225866);
#1096=VECTOR('',#3426,20.2222878246418);
#1097=VECTOR('',#3427,20.5446716618111);
#1098=VECTOR('',#3428,0.0120195906811921);
#1099=VECTOR('',#3431,0.106451645908472);
#1100=VECTOR('',#3432,13.1701642245975);
#1101=VECTOR('',#3433,0.843103692475522);
#1102=VECTOR('',#3436,14.2782915814946);
#1103=VECTOR('',#3437,7.92051218565979);
#1104=VECTOR('',#3438,0.41540961519916);
#1105=VECTOR('',#3439,19.6967939918091);
#1106=VECTOR('',#3440,0.0771726136197625);
#1107=VECTOR('',#3441,0.272126488000626);
#1108=VECTOR('',#3442,2.37456899952494);
#1109=VECTOR('',#3445,11.0159488124039);
#1110=VECTOR('',#3446,0.128244241203509);
#1111=VECTOR('',#3447,0.380592030857395);
#1112=VECTOR('',#3448,0.0428375588434527);
#1113=VECTOR('',#3449,31.3316690861071);
#1114=VECTOR('',#3450,0.466782224704685);
#1115=VECTOR('',#3451,0.493403733778443);
#1116=VECTOR('',#3452,6.7972809447534);
#1117=VECTOR('',#3453,21.3226776089763);
#1118=VECTOR('',#3456,5.09122503418855);
#1119=VECTOR('',#3457,0.236216895308569);
#1120=VECTOR('',#3458,0.0743098179568366);
#1121=VECTOR('',#3459,5.78264954760844);
#1122=VECTOR('',#3462,3.41544374077562);
#1123=VECTOR('',#3465,25.7125715394374);
#1124=VECTOR('',#3466,10.8198719135174);
#1125=VECTOR('',#3467,16.8177742877423);
#1126=VECTOR('',#3470,6.20162799639742);
#1127=VECTOR('',#3471,0.0626665696292381);
#1128=VECTOR('',#3472,0.159969311559543);
#1129=VECTOR('',#3473,10.2246050016055);
#1130=VECTOR('',#3476,13.804391393987);
#1131=VECTOR('',#3477,0.0483249517858387);
#1132=VECTOR('',#3478,0.317039538576517);
#1133=VECTOR('',#3479,17.997805062495);
#1134=VECTOR('',#3480,0.164708196187796);
#1135=VECTOR('',#3481,1.82264627238178);
#1136=VECTOR('',#3484,0.0585401837725349);
#1137=VECTOR('',#3485,7.74759852612555);
#1138=VECTOR('',#3486,7.61088960222593);
#1139=VECTOR('',#3489,22.033977115545);
#1140=VECTOR('',#3490,15.8637932329845);
#1141=VECTOR('',#3491,12.748760644844);
#1142=VECTOR('',#3494,22.3785871677954);
#1143=VECTOR('',#3495,16.7911138064921);
#1144=VECTOR('',#3496,9.37120882169922);
#1145=VECTOR('',#3499,0.166215917693593);
#1146=VECTOR('',#3500,25.7794875030731);
#1147=VECTOR('',#3501,0.00974866757308095);
#1148=VECTOR('',#3502,2.47619370373605);
#1149=VECTOR('',#3505,17.183606467893);
#1150=VECTOR('',#3506,12.8835311398519);
#1151=VECTOR('',#3509,17.1817760364846);
#1152=VECTOR('',#3510,0.229748225535198);
#1153=VECTOR('',#3511,18.1796048904094);
#1154=VECTOR('',#3512,0.121911688217897);
#1155=VECTOR('',#3513,6.30711153145754);
#1156=VECTOR('',#3516,3.65416660745167);
#1157=VECTOR('',#3517,14.8988630122653);
#1158=VECTOR('',#3518,0.0939026638158532);
#1159=VECTOR('',#3519,15.6435970749937);
#1160=VECTOR('',#3522,13.6706916904652);
#1161=VECTOR('',#3523,18.5678869583024);
#1162=VECTOR('',#3526,0.321499391802558);
#1163=VECTOR('',#3527,0.311716250758753);
#1164=VECTOR('',#3528,0.41441720751737);
#1165=VECTOR('',#3529,26.8279095762151);
#1166=VECTOR('',#3530,0.0691974450735782);
#1167=VECTOR('',#3531,0.470261802596815);
#1168=VECTOR('',#3532,0.297580550462543);
#1169=VECTOR('',#3533,23.5728485845645);
#1170=VECTOR('',#3536,3.06147951689014);
#1171=VECTOR('',#3537,19.5790675624022);
#1172=VECTOR('',#3538,19.2249412389829);
#1173=VECTOR('',#3541,29.2504848208338);
#1174=VECTOR('',#3542,0.259218476654836);
#1175=VECTOR('',#3543,19.7336469202844);
#1176=VECTOR('',#3546,10.1205312281454);
#1177=VECTOR('',#3547,0.271807816081815);
#1178=VECTOR('',#3548,7.89669299201421);
#1179=VECTOR('',#3551,0.402992956398356);
#1180=VECTOR('',#3552,0.0496620866637208);
#1181=VECTOR('',#3553,0.230130752290535);
#1182=VECTOR('',#3554,0.0441867466512446);
#1183=VECTOR('',#3557,14.2135371929618);
#1184=VECTOR('',#3558,21.2939412214756);
#1185=VECTOR('',#3559,17.6476632017605);
#1186=VECTOR('',#3560,0.106749595207091);
#1187=VECTOR('',#3563,0.020884460310089);
#1188=VECTOR('',#3566,23.0407017785129);
#1189=VECTOR('',#3567,13.9023285882933);
#1190=VECTOR('',#3568,0.598953644126657);
#1191=VECTOR('',#3569,21.2075138244421);
#1192=VECTOR('',#3570,0.104892021531339);
#1193=VECTOR('',#3573,15.3189374923076);
#1194=VECTOR('',#3574,0.0461417036117559);
#1195=VECTOR('',#3575,0.199478152718024);
#1196=VECTOR('',#3578,0.0271604267448563);
#1197=VECTOR('',#3579,20.8193960158212);
#1198=VECTOR('',#3582,13.5956838226586);
#1199=VECTOR('',#3585,27.2671347398066);
#1200=VECTOR('',#3586,24.5748279686456);
#1201=VECTOR('',#3591,19.345193655204);
#1202=VECTOR('',#3592,19.1220026258179);
#1203=VECTOR('',#3593,14.0616074627227);
#1204=VECTOR('',#3596,0.59873810874679);
#1205=VECTOR('',#3597,32.2113876678614);
#1206=VECTOR('',#3598,0.274941198700141);
#1207=VECTOR('',#3599,30.4760770756926);
#1208=VECTOR('',#3602,19.2449791983386);
#1209=VECTOR('',#3605,24.0451296941722);
#1210=VECTOR('',#3606,27.6804756187495);
#1211=VECTOR('',#3607,0.335450423963156);
#1212=VECTOR('',#3608,0.430054446787002);
#1213=VECTOR('',#3611,16.9134770100367);
#1214=VECTOR('',#3620,0.213585562362184);
#1215=VECTOR('',#3621,1.39181196049177);
#1216=VECTOR('',#3624,0.28946167967261);
#1217=VECTOR('',#3625,1.66988334324231);
#1218=VECTOR('',#3628,22.4270421513059);
#1219=VECTOR('',#3629,2.94475452453627);
#1220=VECTOR('',#3632,0.302877154005823);
#1221=VECTOR('',#3633,3.4057624310245);
#1222=VECTOR('',#3636,0.122956012654076);
#1223=VECTOR('',#3639,23.540537435564);
#1224=VECTOR('',#3640,20.741827644957);
#1225=VECTOR('',#3641,0.379712788132787);
#1226=VECTOR('',#3644,0.118017623692433);
#1227=VECTOR('',#3645,0.0542378906138712);
#1228=VECTOR('',#3646,22.5486235255323);
#1229=VECTOR('',#3647,0.0562735658456);
#1230=VECTOR('',#3648,0.33614099855559);
#1231=VECTOR('',#3651,0.608459318065677);
#1232=VECTOR('',#3654,11.4706376111882);
#1233=VECTOR('',#3655,0.0933107355564115);
#1234=VECTOR('',#3656,15.899944363159);
#1235=VECTOR('',#3661,19.019723497686);
#1236=VECTOR('',#3662,0.293319978512405);
#1237=VECTOR('',#3663,7.66262313313323);
#1238=VECTOR('',#3666,18.8611588955049);
#1239=VECTOR('',#3667,0.287489001546676);
#1240=VECTOR('',#3668,0.24688240039341);
#1241=VECTOR('',#3669,22.0530908872576);
#1242=VECTOR('',#3672,19.3498348478341);
#1243=VECTOR('',#3675,15.1194115318032);
#1244=VECTOR('',#3678,21.1872776723967);
#1245=VECTOR('',#3679,0.0378506191923532);
#1246=VECTOR('',#3682,21.5699944569204);
#1247=VECTOR('',#3683,0.254359373857044);
#1248=VECTOR('',#3686,0.0240654559680574);
#1249=VECTOR('',#3687,0.0989877274069928);
#1250=VECTOR('',#3690,18.3761657653561);
#1251=VECTOR('',#3691,0.51440791128654);
#1252=VECTOR('',#3694,24.2166333398397);
#1253=VECTOR('',#3697,23.8056760820002);
#1254=VECTOR('',#3700,22.9078283019717);
#1255=VECTOR('',#3703,19.1892801764622);
#1256=VECTOR('',#3704,0.175540061371971);
#1257=VECTOR('',#3705,12.8864017238354);
#1258=VECTOR('',#3708,8.81886635953439);
#1259=VECTOR('',#3709,16.2506629096882);
#1260=VECTOR('',#3712,8.88763278944629);
#1261=VECTOR('',#3713,0.324819653408433);
#1262=VECTOR('',#3714,0.129004116800732);
#1263=VECTOR('',#3717,23.6331345430464);
#1264=VECTOR('',#3720,0.0367126964482595);
#1265=VECTOR('',#3725,20.2824158983889);
#1266=VECTOR('',#3726,0.0482264927021513);
#1267=VECTOR('',#3729,17.4759498968217);
#1268=VECTOR('',#3730,16.2576846327375);
#1269=VECTOR('',#3733,0.314689428223526);
#1270=VECTOR('',#3734,18.867708460026);
#1271=VECTOR('',#3737,0.182207563018786);
#1272=VECTOR('',#3738,0.199404520870645);
#1273=VECTOR('',#3739,22.2298384211428);
#1274=VECTOR('',#3742,16.6918796118595);
#1275=VECTOR('',#3745,12.8081664916483);
#1276=VECTOR('',#3748,16.6024076146047);
#1277=VECTOR('',#3763,12.3035126465643);
#1278=VECTOR('',#3766,28.);
#1279=VECTOR('',#3771,25.);
#1280=VECTOR('',#3776,12.3035126465643);
#1281=VECTOR('',#3781,3.);
#1282=VECTOR('',#3784,3.);
#1283=VERTEX_POINT('',#3789);
#1284=VERTEX_POINT('',#3790);
#1285=VERTEX_POINT('',#3792);
#1286=VERTEX_POINT('',#3794);
#1287=VERTEX_POINT('',#3798);
#1288=VERTEX_POINT('',#3799);
#1289=VERTEX_POINT('',#3801);
#1290=VERTEX_POINT('',#3803);
#1291=VERTEX_POINT('',#3805);
#1292=VERTEX_POINT('',#3807);
#1293=VERTEX_POINT('',#3809);
#1294=VERTEX_POINT('',#3811);
#1295=VERTEX_POINT('',#3813);
#1296=VERTEX_POINT('',#3815);
#1297=VERTEX_POINT('',#3817);
#1298=VERTEX_POINT('',#3819);
#1299=VERTEX_POINT('',#3821);
#1300=VERTEX_POINT('',#3823);
#1301=VERTEX_POINT('',#3825);
#1302=VERTEX_POINT('',#3827);
#1303=VERTEX_POINT('',#3829);
#1304=VERTEX_POINT('',#3831);
#1305=VERTEX_POINT('',#3833);
#1306=VERTEX_POINT('',#3835);
#1307=VERTEX_POINT('',#3837);
#1308=VERTEX_POINT('',#3839);
#1309=VERTEX_POINT('',#3841);
#1310=VERTEX_POINT('',#3843);
#1311=VERTEX_POINT('',#3845);
#1312=VERTEX_POINT('',#3847);
#1313=VERTEX_POINT('',#3849);
#1314=VERTEX_POINT('',#3851);
#1315=VERTEX_POINT('',#3853);
#1316=VERTEX_POINT('',#3855);
#1317=VERTEX_POINT('',#3857);
#1318=VERTEX_POINT('',#3859);
#1319=VERTEX_POINT('',#3861);
#1320=VERTEX_POINT('',#3863);
#1321=VERTEX_POINT('',#3865);
#1322=VERTEX_POINT('',#3867);
#1323=VERTEX_POINT('',#3869);
#1324=VERTEX_POINT('',#3871);
#1325=VERTEX_POINT('',#3874);
#1326=VERTEX_POINT('',#3875);
#1327=VERTEX_POINT('',#3877);
#1328=VERTEX_POINT('',#3879);
#1329=VERTEX_POINT('',#3881);
#1330=VERTEX_POINT('',#3883);
#1331=VERTEX_POINT('',#3885);
#1332=VERTEX_POINT('',#3887);
#1333=VERTEX_POINT('',#3889);
#1334=VERTEX_POINT('',#3891);
#1335=VERTEX_POINT('',#3893);
#1336=VERTEX_POINT('',#3895);
#1337=VERTEX_POINT('',#3897);
#1338=VERTEX_POINT('',#3899);
#1339=VERTEX_POINT('',#3901);
#1340=VERTEX_POINT('',#3903);
#1341=VERTEX_POINT('',#3905);
#1342=VERTEX_POINT('',#3907);
#1343=VERTEX_POINT('',#3909);
#1344=VERTEX_POINT('',#3911);
#1345=VERTEX_POINT('',#3913);
#1346=VERTEX_POINT('',#3915);
#1347=VERTEX_POINT('',#3917);
#1348=VERTEX_POINT('',#3919);
#1349=VERTEX_POINT('',#3921);
#1350=VERTEX_POINT('',#3923);
#1351=VERTEX_POINT('',#3925);
#1352=VERTEX_POINT('',#3927);
#1353=VERTEX_POINT('',#3929);
#1354=VERTEX_POINT('',#3931);
#1355=VERTEX_POINT('',#3933);
#1356=VERTEX_POINT('',#3935);
#1357=VERTEX_POINT('',#3937);
#1358=VERTEX_POINT('',#3939);
#1359=VERTEX_POINT('',#3943);
#1360=VERTEX_POINT('',#3944);
#1361=VERTEX_POINT('',#3946);
#1362=VERTEX_POINT('',#3948);
#1363=VERTEX_POINT('',#3952);
#1364=VERTEX_POINT('',#3953);
#1365=VERTEX_POINT('',#3955);
#1366=VERTEX_POINT('',#3960);
#1367=VERTEX_POINT('',#3966);
#1368=VERTEX_POINT('',#3968);
#1369=VERTEX_POINT('',#3972);
#1370=VERTEX_POINT('',#3976);
#1371=VERTEX_POINT('',#3978);
#1372=VERTEX_POINT('',#3982);
#1373=VERTEX_POINT('',#3986);
#1374=VERTEX_POINT('',#3987);
#1375=VERTEX_POINT('',#3989);
#1376=VERTEX_POINT('',#3993);
#1377=VERTEX_POINT('',#3995);
#1378=VERTEX_POINT('',#4002);
#1379=VERTEX_POINT('',#4006);
#1380=VERTEX_POINT('',#4007);
#1381=VERTEX_POINT('',#4012);
#1382=VERTEX_POINT('',#4014);
#1383=VERTEX_POINT('',#4018);
#1384=VERTEX_POINT('',#4019);
#1385=VERTEX_POINT('',#4021);
#1386=VERTEX_POINT('',#4025);
#1387=VERTEX_POINT('',#4032);
#1388=VERTEX_POINT('',#4036);
#1389=VERTEX_POINT('',#4038);
#1390=VERTEX_POINT('',#4045);
#1391=VERTEX_POINT('',#4049);
#1392=VERTEX_POINT('',#4053);
#1393=VERTEX_POINT('',#4059);
#1394=VERTEX_POINT('',#4074);
#1395=VERTEX_POINT('',#4076);
#1396=VERTEX_POINT('',#4098);
#1397=VERTEX_POINT('',#4106);
#1398=VERTEX_POINT('',#4121);
#1399=VERTEX_POINT('',#4125);
#1400=VERTEX_POINT('',#4137);
#1401=VERTEX_POINT('',#4153);
#1402=VERTEX_POINT('',#4157);
#1403=VERTEX_POINT('',#4172);
#1404=VERTEX_POINT('',#4187);
#1405=VERTEX_POINT('',#4190);
#1406=VERTEX_POINT('',#4192);
#1407=VERTEX_POINT('',#4194);
#1408=VERTEX_POINT('',#4196);
#1409=VERTEX_POINT('',#4200);
#1410=VERTEX_POINT('',#4202);
#1411=VERTEX_POINT('',#4206);
#1412=VERTEX_POINT('',#4207);
#1413=VERTEX_POINT('',#4209);
#1414=VERTEX_POINT('',#4211);
#1415=VERTEX_POINT('',#4213);
#1416=VERTEX_POINT('',#4215);
#1417=VERTEX_POINT('',#4217);
#1418=VERTEX_POINT('',#4221);
#1419=VERTEX_POINT('',#4222);
#1420=VERTEX_POINT('',#4224);
#1421=VERTEX_POINT('',#4226);
#1422=VERTEX_POINT('',#4228);
#1423=VERTEX_POINT('',#4230);
#1424=VERTEX_POINT('',#4232);
#1425=VERTEX_POINT('',#4234);
#1426=VERTEX_POINT('',#4236);
#1427=VERTEX_POINT('',#4240);
#1428=VERTEX_POINT('',#4242);
#1429=VERTEX_POINT('',#4249);
#1430=VERTEX_POINT('',#4251);
#1431=VERTEX_POINT('',#4255);
#1432=VERTEX_POINT('',#4257);
#1433=VERTEX_POINT('',#4259);
#1434=VERTEX_POINT('',#4263);
#1435=VERTEX_POINT('',#4265);
#1436=VERTEX_POINT('',#4267);
#1437=VERTEX_POINT('',#4269);
#1438=VERTEX_POINT('',#4271);
#1439=VERTEX_POINT('',#4275);
#1440=VERTEX_POINT('',#4277);
#1441=VERTEX_POINT('',#4281);
#1442=VERTEX_POINT('',#4282);
#1443=VERTEX_POINT('',#4284);
#1444=VERTEX_POINT('',#4288);
#1445=VERTEX_POINT('',#4290);
#1446=VERTEX_POINT('',#4294);
#1447=VERTEX_POINT('',#4296);
#1448=VERTEX_POINT('',#4301);
#1449=VERTEX_POINT('',#4305);
#1450=VERTEX_POINT('',#4306);
#1451=VERTEX_POINT('',#4308);
#1452=VERTEX_POINT('',#4310);
#1453=VERTEX_POINT('',#4315);
#1454=VERTEX_POINT('',#4317);
#1455=VERTEX_POINT('',#4319);
#1456=VERTEX_POINT('',#4323);
#1457=VERTEX_POINT('',#4327);
#1458=VERTEX_POINT('',#4329);
#1459=VERTEX_POINT('',#4331);
#1460=VERTEX_POINT('',#4333);
#1461=VERTEX_POINT('',#4335);
#1462=VERTEX_POINT('',#4337);
#1463=VERTEX_POINT('',#4339);
#1464=VERTEX_POINT('',#4343);
#1465=VERTEX_POINT('',#4345);
#1466=VERTEX_POINT('',#4349);
#1467=VERTEX_POINT('',#4354);
#1468=VERTEX_POINT('',#4356);
#1469=VERTEX_POINT('',#4360);
#1470=VERTEX_POINT('',#4362);
#1471=VERTEX_POINT('',#4364);
#1472=VERTEX_POINT('',#4368);
#1473=VERTEX_POINT('',#4369);
#1474=VERTEX_POINT('',#4371);
#1475=VERTEX_POINT('',#4378);
#1476=VERTEX_POINT('',#4380);
#1477=VERTEX_POINT('',#4382);
#1478=VERTEX_POINT('',#4384);
#1479=VERTEX_POINT('',#4388);
#1480=VERTEX_POINT('',#4393);
#1481=VERTEX_POINT('',#4403);
#1482=VERTEX_POINT('',#4405);
#1483=VERTEX_POINT('',#4411);
#1484=VERTEX_POINT('',#4417);
#1485=VERTEX_POINT('',#4419);
#1486=VERTEX_POINT('',#4429);
#1487=VERTEX_POINT('',#4433);
#1488=VERTEX_POINT('',#4437);
#1489=VERTEX_POINT('',#4441);
#1490=VERTEX_POINT('',#4447);
#1491=VERTEX_POINT('',#4449);
#1492=VERTEX_POINT('',#4454);
#1493=VERTEX_POINT('',#4456);
#1494=VERTEX_POINT('',#4458);
#1495=VERTEX_POINT('',#4465);
#1496=VERTEX_POINT('',#4470);
#1497=VERTEX_POINT('',#4472);
#1498=VERTEX_POINT('',#4476);
#1499=VERTEX_POINT('',#4478);
#1500=VERTEX_POINT('',#4480);
#1501=VERTEX_POINT('',#4488);
#1502=VERTEX_POINT('',#4492);
#1503=VERTEX_POINT('',#4496);
#1504=VERTEX_POINT('',#4500);
#1505=VERTEX_POINT('',#4510);
#1506=VERTEX_POINT('',#4512);
#1507=VERTEX_POINT('',#4516);
#1508=VERTEX_POINT('',#4520);
#1509=VERTEX_POINT('',#4522);
#1510=VERTEX_POINT('',#4531);
#1511=VERTEX_POINT('',#4535);
#1512=VERTEX_POINT('',#4539);
#1513=VERTEX_POINT('',#4543);
#1514=VERTEX_POINT('',#4545);
#1515=VERTEX_POINT('',#4556);
#1516=VERTEX_POINT('',#4559);
#1517=VERTEX_POINT('',#4561);
#1518=VERTEX_POINT('',#4563);
#1519=VERTEX_POINT('',#4569);
#1520=VERTEX_POINT('',#4573);
#1521=VERTEX_POINT('',#4575);
#1522=EDGE_CURVE('',#1283,#1284,#513,.F.);
#1523=EDGE_CURVE('',#1283,#1285,#503,.T.);
#1524=EDGE_CURVE('',#1286,#1285,#514,.T.);
#1525=EDGE_CURVE('',#1286,#1284,#504,.T.);
#1526=EDGE_CURVE('',#1287,#1288,#515,.T.);
#1527=EDGE_CURVE('',#1287,#1289,#516,.T.);
#1528=EDGE_CURVE('',#1290,#1289,#517,.T.);
#1529=EDGE_CURVE('',#1291,#1290,#518,.T.);
#1530=EDGE_CURVE('',#1292,#1291,#519,.T.);
#1531=EDGE_CURVE('',#1293,#1292,#520,.T.);
#1532=EDGE_CURVE('',#1294,#1293,#521,.T.);
#1533=EDGE_CURVE('',#1295,#1294,#522,.T.);
#1534=EDGE_CURVE('',#1296,#1295,#523,.T.);
#1535=EDGE_CURVE('',#1296,#1297,#524,.T.);
#1536=EDGE_CURVE('',#1298,#1297,#525,.T.);
#1537=EDGE_CURVE('',#1298,#1299,#526,.T.);
#1538=EDGE_CURVE('',#1299,#1300,#527,.T.);
#1539=EDGE_CURVE('',#1300,#1301,#528,.T.);
#1540=EDGE_CURVE('',#1301,#1302,#529,.T.);
#1541=EDGE_CURVE('',#1302,#1303,#530,.T.);
#1542=EDGE_CURVE('',#1303,#1304,#531,.T.);
#1543=EDGE_CURVE('',#1305,#1304,#532,.T.);
#1544=EDGE_CURVE('',#1305,#1306,#533,.T.);
#1545=EDGE_CURVE('',#1306,#1307,#534,.T.);
#1546=EDGE_CURVE('',#1307,#1308,#535,.T.);
#1547=EDGE_CURVE('',#1309,#1308,#536,.T.);
#1548=EDGE_CURVE('',#1310,#1309,#537,.T.);
#1549=EDGE_CURVE('',#1310,#1311,#538,.T.);
#1550=EDGE_CURVE('',#1311,#1312,#539,.T.);
#1551=EDGE_CURVE('',#1312,#1313,#540,.T.);
#1552=EDGE_CURVE('',#1313,#1314,#541,.T.);
#1553=EDGE_CURVE('',#1314,#1315,#542,.T.);
#1554=EDGE_CURVE('',#1316,#1315,#543,.T.);
#1555=EDGE_CURVE('',#1316,#1317,#544,.T.);
#1556=EDGE_CURVE('',#1318,#1317,#545,.T.);
#1557=EDGE_CURVE('',#1319,#1318,#546,.T.);
#1558=EDGE_CURVE('',#1320,#1319,#547,.T.);
#1559=EDGE_CURVE('',#1321,#1320,#548,.T.);
#1560=EDGE_CURVE('',#1322,#1321,#549,.T.);
#1561=EDGE_CURVE('',#1323,#1322,#550,.T.);
#1562=EDGE_CURVE('',#1323,#1324,#551,.T.);
#1563=EDGE_CURVE('',#1288,#1324,#552,.T.);
#1564=EDGE_CURVE('',#1325,#1326,#553,.T.);
#1565=EDGE_CURVE('',#1325,#1327,#554,.T.);
#1566=EDGE_CURVE('',#1327,#1328,#555,.T.);
#1567=EDGE_CURVE('',#1329,#1328,#556,.T.);
#1568=EDGE_CURVE('',#1329,#1330,#557,.T.);
#1569=EDGE_CURVE('',#1330,#1331,#558,.T.);
#1570=EDGE_CURVE('',#1331,#1332,#559,.T.);
#1571=EDGE_CURVE('',#1332,#1333,#560,.T.);
#1572=EDGE_CURVE('',#1333,#1334,#561,.T.);
#1573=EDGE_CURVE('',#1334,#1335,#562,.T.);
#1574=EDGE_CURVE('',#1336,#1335,#563,.T.);
#1575=EDGE_CURVE('',#1336,#1337,#564,.T.);
#1576=EDGE_CURVE('',#1338,#1337,#565,.T.);
#1577=EDGE_CURVE('',#1339,#1338,#566,.T.);
#1578=EDGE_CURVE('',#1340,#1339,#567,.T.);
#1579=EDGE_CURVE('',#1340,#1341,#568,.T.);
#1580=EDGE_CURVE('',#1341,#1342,#569,.T.);
#1581=EDGE_CURVE('',#1343,#1342,#570,.T.);
#1582=EDGE_CURVE('',#1344,#1343,#571,.T.);
#1583=EDGE_CURVE('',#1345,#1344,#572,.T.);
#1584=EDGE_CURVE('',#1345,#1346,#573,.T.);
#1585=EDGE_CURVE('',#1347,#1346,#574,.T.);
#1586=EDGE_CURVE('',#1348,#1347,#575,.T.);
#1587=EDGE_CURVE('',#1349,#1348,#576,.T.);
#1588=EDGE_CURVE('',#1350,#1349,#577,.T.);
#1589=EDGE_CURVE('',#1350,#1351,#578,.T.);
#1590=EDGE_CURVE('',#1352,#1351,#579,.T.);
#1591=EDGE_CURVE('',#1352,#1353,#580,.T.);
#1592=EDGE_CURVE('',#1353,#1354,#581,.T.);
#1593=EDGE_CURVE('',#1354,#1355,#582,.T.);
#1594=EDGE_CURVE('',#1355,#1356,#583,.T.);
#1595=EDGE_CURVE('',#1356,#1357,#584,.T.);
#1596=EDGE_CURVE('',#1357,#1358,#585,.T.);
#1597=EDGE_CURVE('',#1358,#1326,#586,.T.);
#1598=EDGE_CURVE('',#1359,#1360,#587,.T.);
#1599=EDGE_CURVE('',#1361,#1359,#588,.T.);
#1600=EDGE_CURVE('',#1361,#1362,#589,.T.);
#1601=EDGE_CURVE('',#1360,#1362,#590,.T.);
#1602=EDGE_CURVE('',#1363,#1364,#591,.T.);
#1603=EDGE_CURVE('',#1363,#1365,#592,.T.);
#1604=EDGE_CURVE('',#1362,#1365,#593,.T.);
#1605=EDGE_CURVE('',#1362,#1364,#594,.T.);
#1606=EDGE_CURVE('',#1366,#1362,#595,.T.);
#1607=EDGE_CURVE('',#1366,#1360,#596,.T.);
#1608=EDGE_CURVE('',#1365,#1366,#597,.T.);
#1609=EDGE_CURVE('',#1359,#1367,#598,.T.);
#1610=EDGE_CURVE('',#1368,#1367,#599,.T.);
#1611=EDGE_CURVE('',#1368,#1361,#600,.T.);
#1612=EDGE_CURVE('',#1369,#1367,#601,.T.);
#1613=EDGE_CURVE('',#1368,#1369,#602,.T.);
#1614=EDGE_CURVE('',#1370,#1369,#603,.T.);
#1615=EDGE_CURVE('',#1371,#1370,#604,.T.);
#1616=EDGE_CURVE('',#1371,#1368,#605,.T.);
#1617=EDGE_CURVE('',#1370,#1372,#606,.T.);
#1618=EDGE_CURVE('',#1371,#1372,#607,.T.);
#1619=EDGE_CURVE('',#1373,#1374,#608,.T.);
#1620=EDGE_CURVE('',#1373,#1375,#609,.T.);
#1621=EDGE_CURVE('',#1374,#1375,#610,.T.);
#1622=EDGE_CURVE('',#1372,#1376,#611,.T.);
#1623=EDGE_CURVE('',#1377,#1376,#612,.T.);
#1624=EDGE_CURVE('',#1377,#1371,#613,.T.);
#1625=EDGE_CURVE('',#1376,#1373,#614,.T.);
#1626=EDGE_CURVE('',#1377,#1374,#615,.T.);
#1627=EDGE_CURVE('',#1378,#1364,#616,.T.);
#1628=EDGE_CURVE('',#1378,#1363,#617,.T.);
#1629=EDGE_CURVE('',#1379,#1380,#618,.T.);
#1630=EDGE_CURVE('',#1379,#1378,#619,.T.);
#1631=EDGE_CURVE('',#1364,#1380,#620,.T.);
#1632=EDGE_CURVE('',#1379,#1381,#621,.T.);
#1633=EDGE_CURVE('',#1380,#1382,#622,.T.);
#1634=EDGE_CURVE('',#1381,#1382,#623,.T.);
#1635=EDGE_CURVE('',#1383,#1384,#624,.T.);
#1636=EDGE_CURVE('',#1383,#1385,#625,.T.);
#1637=EDGE_CURVE('',#1384,#1385,#626,.T.);
#1638=EDGE_CURVE('',#1381,#1386,#627,.T.);
#1639=EDGE_CURVE('',#1386,#1382,#628,.T.);
#1640=EDGE_CURVE('',#1375,#1383,#629,.T.);
#1641=EDGE_CURVE('',#1374,#1384,#630,.T.);
#1642=EDGE_CURVE('',#1387,#1385,#631,.T.);
#1643=EDGE_CURVE('',#1384,#1387,#632,.T.);
#1644=EDGE_CURVE('',#1386,#1388,#633,.T.);
#1645=EDGE_CURVE('',#1382,#1389,#634,.T.);
#1646=EDGE_CURVE('',#1388,#1389,#635,.T.);
#1647=EDGE_CURVE('',#1388,#1387,#636,.T.);
#1648=EDGE_CURVE('',#1384,#1389,#637,.T.);
#1649=EDGE_CURVE('',#1290,#1390,#638,.T.);
#1650=EDGE_CURVE('',#1390,#1289,#639,.T.);
#1651=EDGE_CURVE('',#1287,#1391,#640,.T.);
#1652=EDGE_CURVE('',#1391,#1288,#641,.T.);
#1653=EDGE_CURVE('',#1390,#1392,#642,.T.);
#1654=EDGE_CURVE('',#1391,#1390,#643,.T.);
#1655=EDGE_CURVE('',#1392,#1391,#644,.T.);
#1656=EDGE_CURVE('',#1393,#1361,#645,.T.);
#1657=EDGE_CURVE('',#1392,#1393,#646,.T.);
#1658=EDGE_CURVE('',#1361,#1392,#647,.T.);
#1659=EDGE_CURVE('',#1390,#1393,#648,.T.);
#1660=EDGE_CURVE('',#1393,#1368,#649,.T.);
#1661=EDGE_CURVE('',#1291,#1393,#650,.T.);
#1662=EDGE_CURVE('',#1293,#1368,#651,.T.);
#1663=EDGE_CURVE('',#1393,#1292,#652,.T.);
#1664=EDGE_CURVE('',#1322,#1394,#653,.T.);
#1665=EDGE_CURVE('',#1395,#1321,#654,.T.);
#1666=EDGE_CURVE('',#1394,#1395,#655,.T.);
#1667=EDGE_CURVE('',#1362,#1323,#656,.T.);
#1668=EDGE_CURVE('',#1391,#1362,#657,.T.);
#1669=EDGE_CURVE('',#1324,#1391,#658,.T.);
#1670=EDGE_CURVE('',#1392,#1362,#659,.T.);
#1671=EDGE_CURVE('',#1394,#1364,#660,.T.);
#1672=EDGE_CURVE('',#1364,#1395,#661,.T.);
#1673=EDGE_CURVE('',#1362,#1394,#662,.T.);
#1674=EDGE_CURVE('',#1395,#1320,#663,.T.);
#1675=EDGE_CURVE('',#1395,#1319,#664,.T.);
#1676=EDGE_CURVE('',#1396,#1318,#665,.T.);
#1677=EDGE_CURVE('',#1395,#1396,#666,.T.);
#1678=EDGE_CURVE('',#1396,#1317,#667,.T.);
#1679=EDGE_CURVE('',#1396,#1316,#668,.T.);
#1680=EDGE_CURVE('',#1397,#1313,#669,.T.);
#1681=EDGE_CURVE('',#1382,#1397,#670,.T.);
#1682=EDGE_CURVE('',#1314,#1382,#671,.T.);
#1683=EDGE_CURVE('',#1397,#1312,#672,.T.);
#1684=EDGE_CURVE('',#1389,#1397,#673,.T.);
#1685=EDGE_CURVE('',#1397,#1311,#674,.T.);
#1686=EDGE_CURVE('',#1310,#1397,#675,.T.);
#1687=EDGE_CURVE('',#1389,#1309,#676,.T.);
#1688=EDGE_CURVE('',#1398,#1307,#677,.T.);
#1689=EDGE_CURVE('',#1308,#1398,#678,.T.);
#1690=EDGE_CURVE('',#1294,#1399,#679,.T.);
#1691=EDGE_CURVE('',#1399,#1368,#680,.T.);
#1692=EDGE_CURVE('',#1399,#1371,#681,.T.);
#1693=EDGE_CURVE('',#1295,#1399,#682,.T.);
#1694=EDGE_CURVE('',#1399,#1377,#683,.T.);
#1695=EDGE_CURVE('',#1296,#1377,#684,.T.);
#1696=EDGE_CURVE('',#1298,#1400,#685,.T.);
#1697=EDGE_CURVE('',#1400,#1297,#686,.T.);
#1698=EDGE_CURVE('',#1400,#1377,#687,.T.);
#1699=EDGE_CURVE('',#1299,#1400,#688,.T.);
#1700=EDGE_CURVE('',#1400,#1300,#689,.T.);
#1701=EDGE_CURVE('',#1301,#1377,#690,.T.);
#1702=EDGE_CURVE('',#1302,#1374,#691,.T.);
#1703=EDGE_CURVE('',#1303,#1374,#692,.T.);
#1704=EDGE_CURVE('',#1401,#1374,#693,.T.);
#1705=EDGE_CURVE('',#1304,#1401,#694,.T.);
#1706=EDGE_CURVE('',#1305,#1402,#695,.T.);
#1707=EDGE_CURVE('',#1402,#1401,#696,.T.);
#1708=EDGE_CURVE('',#1306,#1402,#697,.T.);
#1709=EDGE_CURVE('',#1364,#1396,#698,.T.);
#1710=EDGE_CURVE('',#1380,#1315,#699,.T.);
#1711=EDGE_CURVE('',#1396,#1380,#700,.T.);
#1712=EDGE_CURVE('',#1401,#1384,#701,.T.);
#1713=EDGE_CURVE('',#1401,#1403,#702,.T.);
#1714=EDGE_CURVE('',#1403,#1384,#703,.T.);
#1715=EDGE_CURVE('',#1389,#1398,#704,.T.);
#1716=EDGE_CURVE('',#1403,#1389,#705,.T.);
#1717=EDGE_CURVE('',#1402,#1403,#706,.T.);
#1718=EDGE_CURVE('',#1403,#1398,#707,.T.);
#1719=EDGE_CURVE('',#1402,#1398,#708,.T.);
#1720=EDGE_CURVE('',#1404,#1404,#505,.T.);
#1721=EDGE_CURVE('',#1405,#1336,#709,.T.);
#1722=EDGE_CURVE('',#1406,#1405,#710,.F.);
#1723=EDGE_CURVE('',#1406,#1407,#711,.T.);
#1724=EDGE_CURVE('',#1407,#1408,#712,.T.);
#1725=EDGE_CURVE('',#1337,#1408,#713,.T.);
#1726=EDGE_CURVE('',#1409,#1408,#714,.T.);
#1727=EDGE_CURVE('',#1410,#1409,#715,.T.);
#1728=EDGE_CURVE('',#1410,#1338,#716,.T.);
#1729=EDGE_CURVE('',#1411,#1412,#717,.T.);
#1730=EDGE_CURVE('',#1412,#1413,#718,.T.);
#1731=EDGE_CURVE('',#1414,#1413,#719,.F.);
#1732=EDGE_CURVE('',#1415,#1414,#720,.T.);
#1733=EDGE_CURVE('',#1415,#1416,#721,.T.);
#1734=EDGE_CURVE('',#1417,#1416,#722,.T.);
#1735=EDGE_CURVE('',#1417,#1411,#723,.T.);
#1736=EDGE_CURVE('',#1418,#1419,#724,.T.);
#1737=EDGE_CURVE('',#1419,#1420,#725,.T.);
#1738=EDGE_CURVE('',#1421,#1420,#726,.T.);
#1739=EDGE_CURVE('',#1422,#1421,#727,.T.);
#1740=EDGE_CURVE('',#1423,#1422,#728,.T.);
#1741=EDGE_CURVE('',#1423,#1424,#729,.T.);
#1742=EDGE_CURVE('',#1425,#1424,#730,.T.);
#1743=EDGE_CURVE('',#1425,#1426,#731,.T.);
#1744=EDGE_CURVE('',#1418,#1426,#732,.T.);
#1745=EDGE_CURVE('',#1427,#1425,#733,.T.);
#1746=EDGE_CURVE('',#1428,#1424,#734,.T.);
#1747=EDGE_CURVE('',#1413,#1428,#735,.T.);
#1748=EDGE_CURVE('',#1427,#1412,#736,.T.);
#1749=EDGE_CURVE('',#1426,#1427,#737,.T.);
#1750=EDGE_CURVE('',#1429,#1417,#738,.T.);
#1751=EDGE_CURVE('',#1429,#1430,#739,.T.);
#1752=EDGE_CURVE('',#1411,#1430,#740,.T.);
#1753=EDGE_CURVE('',#1431,#1430,#741,.T.);
#1754=EDGE_CURVE('',#1429,#1432,#742,.T.);
#1755=EDGE_CURVE('',#1432,#1433,#743,.T.);
#1756=EDGE_CURVE('',#1433,#1431,#744,.T.);
#1757=EDGE_CURVE('',#1434,#1431,#745,.T.);
#1758=EDGE_CURVE('',#1433,#1435,#746,.T.);
#1759=EDGE_CURVE('',#1436,#1435,#747,.T.);
#1760=EDGE_CURVE('',#1437,#1436,#748,.T.);
#1761=EDGE_CURVE('',#1437,#1438,#749,.T.);
#1762=EDGE_CURVE('',#1438,#1434,#750,.T.);
#1763=EDGE_CURVE('',#1439,#1438,#751,.T.);
#1764=EDGE_CURVE('',#1439,#1440,#752,.T.);
#1765=EDGE_CURVE('',#1434,#1440,#753,.T.);
#1766=EDGE_CURVE('',#1441,#1442,#754,.T.);
#1767=EDGE_CURVE('',#1442,#1443,#755,.T.);
#1768=EDGE_CURVE('',#1441,#1443,#756,.T.);
#1769=EDGE_CURVE('',#1444,#1439,#757,.T.);
#1770=EDGE_CURVE('',#1444,#1445,#758,.T.);
#1771=EDGE_CURVE('',#1440,#1445,#759,.T.);
#1772=EDGE_CURVE('',#1444,#1446,#760,.T.);
#1773=EDGE_CURVE('',#1446,#1447,#761,.T.);
#1774=EDGE_CURVE('',#1442,#1447,#762,.T.);
#1775=EDGE_CURVE('',#1445,#1441,#763,.T.);
#1776=EDGE_CURVE('',#1448,#1419,#764,.T.);
#1777=EDGE_CURVE('',#1448,#1418,#765,.T.);
#1778=EDGE_CURVE('',#1449,#1450,#766,.T.);
#1779=EDGE_CURVE('',#1450,#1451,#767,.T.);
#1780=EDGE_CURVE('',#1452,#1451,#768,.T.);
#1781=EDGE_CURVE('',#1452,#1420,#769,.T.);
#1782=EDGE_CURVE('',#1449,#1448,#770,.T.);
#1783=EDGE_CURVE('',#1449,#1453,#771,.T.);
#1784=EDGE_CURVE('',#1453,#1454,#772,.T.);
#1785=EDGE_CURVE('',#1454,#1455,#773,.T.);
#1786=EDGE_CURVE('',#1450,#1455,#774,.T.);
#1787=EDGE_CURVE('',#1453,#1456,#775,.T.);
#1788=EDGE_CURVE('',#1456,#1454,#776,.T.);
#1789=EDGE_CURVE('',#1447,#1457,#777,.T.);
#1790=EDGE_CURVE('',#1458,#1457,#778,.T.);
#1791=EDGE_CURVE('',#1459,#1458,#779,.T.);
#1792=EDGE_CURVE('',#1459,#1460,#780,.T.);
#1793=EDGE_CURVE('',#1460,#1461,#781,.F.);
#1794=EDGE_CURVE('',#1461,#1462,#782,.F.);
#1795=EDGE_CURVE('',#1462,#1463,#783,.T.);
#1796=EDGE_CURVE('',#1443,#1463,#784,.T.);
#1797=EDGE_CURVE('',#1456,#1464,#785,.T.);
#1798=EDGE_CURVE('',#1464,#1465,#786,.T.);
#1799=EDGE_CURVE('',#1455,#1465,#787,.T.);
#1800=EDGE_CURVE('',#1462,#1466,#788,.T.);
#1801=EDGE_CURVE('',#1465,#1466,#789,.T.);
#1802=EDGE_CURVE('',#1464,#1463,#790,.T.);
#1803=EDGE_CURVE('',#1358,#1467,#791,.T.);
#1804=EDGE_CURVE('',#1468,#1467,#792,.F.);
#1805=EDGE_CURVE('',#1468,#1326,#793,.T.);
#1806=EDGE_CURVE('',#1325,#1469,#794,.T.);
#1807=EDGE_CURVE('',#1470,#1469,#795,.T.);
#1808=EDGE_CURVE('',#1471,#1470,#796,.F.);
#1809=EDGE_CURVE('',#1471,#1327,#797,.T.);
#1810=EDGE_CURVE('',#1472,#1473,#798,.T.);
#1811=EDGE_CURVE('',#1473,#1474,#799,.T.);
#1812=EDGE_CURVE('',#1474,#1468,#800,.T.);
#1813=EDGE_CURVE('',#1472,#1467,#801,.T.);
#1814=EDGE_CURVE('',#1474,#1469,#802,.T.);
#1815=EDGE_CURVE('',#1475,#1416,#803,.T.);
#1816=EDGE_CURVE('',#1415,#1476,#804,.T.);
#1817=EDGE_CURVE('',#1476,#1477,#805,.T.);
#1818=EDGE_CURVE('',#1477,#1478,#806,.T.);
#1819=EDGE_CURVE('',#1478,#1475,#807,.T.);
#1820=EDGE_CURVE('',#1472,#1479,#808,.T.);
#1821=EDGE_CURVE('',#1479,#1478,#809,.T.);
#1822=EDGE_CURVE('',#1473,#1477,#810,.F.);
#1823=EDGE_CURVE('',#1480,#1475,#811,.T.);
#1824=EDGE_CURVE('',#1480,#1432,#812,.T.);
#1825=EDGE_CURVE('',#1357,#1479,#813,.T.);
#1826=EDGE_CURVE('',#1355,#1435,#814,.T.);
#1827=EDGE_CURVE('',#1480,#1356,#815,.T.);
#1828=EDGE_CURVE('',#1330,#1481,#816,.T.);
#1829=EDGE_CURVE('',#1481,#1482,#817,.T.);
#1830=EDGE_CURVE('',#1482,#1331,#818,.T.);
#1831=EDGE_CURVE('',#1328,#1471,#819,.T.);
#1832=EDGE_CURVE('',#1470,#1428,#820,.T.);
#1833=EDGE_CURVE('',#1483,#1423,#821,.T.);
#1834=EDGE_CURVE('',#1483,#1329,#822,.T.);
#1835=EDGE_CURVE('',#1476,#1414,#823,.T.);
#1836=EDGE_CURVE('',#1484,#1422,#824,.T.);
#1837=EDGE_CURVE('',#1421,#1485,#825,.T.);
#1838=EDGE_CURVE('',#1482,#1485,#826,.F.);
#1839=EDGE_CURVE('',#1481,#1484,#827,.T.);
#1840=EDGE_CURVE('',#1483,#1484,#828,.T.);
#1841=EDGE_CURVE('',#1485,#1486,#829,.T.);
#1842=EDGE_CURVE('',#1486,#1332,#830,.T.);
#1843=EDGE_CURVE('',#1487,#1486,#831,.F.);
#1844=EDGE_CURVE('',#1487,#1333,#832,.T.);
#1845=EDGE_CURVE('',#1487,#1488,#833,.T.);
#1846=EDGE_CURVE('',#1488,#1334,#834,.T.);
#1847=EDGE_CURVE('',#1488,#1489,#835,.F.);
#1848=EDGE_CURVE('',#1489,#1335,#836,.T.);
#1849=EDGE_CURVE('',#1489,#1405,#837,.T.);
#1850=EDGE_CURVE('',#1409,#1490,#838,.T.);
#1851=EDGE_CURVE('',#1490,#1491,#839,.T.);
#1852=EDGE_CURVE('',#1410,#1491,#840,.T.);
#1853=EDGE_CURVE('',#1490,#1455,#841,.F.);
#1854=EDGE_CURVE('',#1466,#1492,#842,.T.);
#1855=EDGE_CURVE('',#1492,#1493,#843,.T.);
#1856=EDGE_CURVE('',#1493,#1494,#844,.F.);
#1857=EDGE_CURVE('',#1491,#1494,#845,.T.);
#1858=EDGE_CURVE('',#1494,#1339,#846,.T.);
#1859=EDGE_CURVE('',#1340,#1493,#847,.T.);
#1860=EDGE_CURVE('',#1492,#1495,#848,.T.);
#1861=EDGE_CURVE('',#1495,#1341,#849,.T.);
#1862=EDGE_CURVE('',#1342,#1496,#850,.T.);
#1863=EDGE_CURVE('',#1496,#1497,#851,.F.);
#1864=EDGE_CURVE('',#1497,#1343,#852,.T.);
#1865=EDGE_CURVE('',#1354,#1498,#853,.T.);
#1866=EDGE_CURVE('',#1498,#1499,#854,.T.);
#1867=EDGE_CURVE('',#1500,#1499,#855,.F.);
#1868=EDGE_CURVE('',#1500,#1436,#856,.T.);
#1869=EDGE_CURVE('',#1500,#1437,#857,.T.);
#1870=EDGE_CURVE('',#1353,#1498,#858,.T.);
#1871=EDGE_CURVE('',#1499,#1501,#859,.T.);
#1872=EDGE_CURVE('',#1446,#1501,#860,.T.);
#1873=EDGE_CURVE('',#1352,#1502,#861,.T.);
#1874=EDGE_CURVE('',#1502,#1501,#862,.T.);
#1875=EDGE_CURVE('',#1503,#1350,#863,.F.);
#1876=EDGE_CURVE('',#1503,#1351,#864,.T.);
#1877=EDGE_CURVE('',#1503,#1504,#865,.T.);
#1878=EDGE_CURVE('',#1504,#1502,#866,.T.);
#1879=EDGE_CURVE('',#1349,#1504,#867,.T.);
#1880=EDGE_CURVE('',#1348,#1457,#868,.T.);
#1881=EDGE_CURVE('',#1347,#1458,#869,.T.);
#1882=EDGE_CURVE('',#1346,#1505,#870,.T.);
#1883=EDGE_CURVE('',#1505,#1506,#871,.F.);
#1884=EDGE_CURVE('',#1506,#1459,#872,.T.);
#1885=EDGE_CURVE('',#1345,#1507,#873,.T.);
#1886=EDGE_CURVE('',#1507,#1505,#874,.T.);
#1887=EDGE_CURVE('',#1344,#1508,#875,.T.);
#1888=EDGE_CURVE('',#1508,#1509,#876,.T.);
#1889=EDGE_CURVE('',#1507,#1509,#877,.F.);
#1890=EDGE_CURVE('',#1452,#1406,#878,.T.);
#1891=EDGE_CURVE('',#1407,#1451,#879,.T.);
#1892=EDGE_CURVE('',#1510,#1460,#880,.T.);
#1893=EDGE_CURVE('',#1510,#1506,#881,.T.);
#1894=EDGE_CURVE('',#1510,#1511,#882,.T.);
#1895=EDGE_CURVE('',#1511,#1461,#883,.T.);
#1896=EDGE_CURVE('',#1512,#1495,#884,.T.);
#1897=EDGE_CURVE('',#1512,#1496,#885,.T.);
#1898=EDGE_CURVE('',#1511,#1513,#886,.T.);
#1899=EDGE_CURVE('',#1514,#1513,#887,.T.);
#1900=EDGE_CURVE('',#1514,#1512,#888,.T.);
#1901=EDGE_CURVE('',#1509,#1513,#889,.T.);
#1902=EDGE_CURVE('',#1514,#1497,#890,.T.);
#1903=EDGE_CURVE('',#1508,#1497,#891,.T.);
#1904=EDGE_CURVE('',#1515,#1515,#506,.F.);
#1905=EDGE_CURVE('',#1516,#1516,#507,.T.);
#1906=EDGE_CURVE('',#1284,#1517,#508,.T.);
#1907=EDGE_CURVE('',#1518,#1286,#509,.T.);
#1908=EDGE_CURVE('',#1517,#1518,#892,.T.);
#1909=EDGE_CURVE('',#1515,#1516,#893,.T.);
#1910=EDGE_CURVE('',#1519,#1519,#510,.T.);
#1911=EDGE_CURVE('',#1519,#1404,#894,.T.);
#1912=EDGE_CURVE('',#1520,#1283,#511,.T.);
#1913=EDGE_CURVE('',#1521,#1520,#895,.T.);
#1914=EDGE_CURVE('',#1285,#1521,#512,.T.);
#1915=EDGE_CURVE('',#1517,#1520,#896,.T.);
#1916=EDGE_CURVE('',#1518,#1521,#897,.T.);
#1917=ORIENTED_EDGE('',*,*,#1522,.F.);
#1918=ORIENTED_EDGE('',*,*,#1523,.T.);
#1919=ORIENTED_EDGE('',*,*,#1524,.F.);
#1920=ORIENTED_EDGE('',*,*,#1525,.T.);
#1921=ORIENTED_EDGE('',*,*,#1526,.F.);
#1922=ORIENTED_EDGE('',*,*,#1527,.T.);
#1923=ORIENTED_EDGE('',*,*,#1528,.F.);
#1924=ORIENTED_EDGE('',*,*,#1529,.F.);
#1925=ORIENTED_EDGE('',*,*,#1530,.F.);
#1926=ORIENTED_EDGE('',*,*,#1531,.F.);
#1927=ORIENTED_EDGE('',*,*,#1532,.F.);
#1928=ORIENTED_EDGE('',*,*,#1533,.F.);
#1929=ORIENTED_EDGE('',*,*,#1534,.F.);
#1930=ORIENTED_EDGE('',*,*,#1535,.T.);
#1931=ORIENTED_EDGE('',*,*,#1536,.F.);
#1932=ORIENTED_EDGE('',*,*,#1537,.T.);
#1933=ORIENTED_EDGE('',*,*,#1538,.T.);
#1934=ORIENTED_EDGE('',*,*,#1539,.T.);
#1935=ORIENTED_EDGE('',*,*,#1540,.T.);
#1936=ORIENTED_EDGE('',*,*,#1541,.T.);
#1937=ORIENTED_EDGE('',*,*,#1542,.T.);
#1938=ORIENTED_EDGE('',*,*,#1543,.F.);
#1939=ORIENTED_EDGE('',*,*,#1544,.T.);
#1940=ORIENTED_EDGE('',*,*,#1545,.T.);
#1941=ORIENTED_EDGE('',*,*,#1546,.T.);
#1942=ORIENTED_EDGE('',*,*,#1547,.F.);
#1943=ORIENTED_EDGE('',*,*,#1548,.F.);
#1944=ORIENTED_EDGE('',*,*,#1549,.T.);
#1945=ORIENTED_EDGE('',*,*,#1550,.T.);
#1946=ORIENTED_EDGE('',*,*,#1551,.T.);
#1947=ORIENTED_EDGE('',*,*,#1552,.T.);
#1948=ORIENTED_EDGE('',*,*,#1553,.T.);
#1949=ORIENTED_EDGE('',*,*,#1554,.F.);
#1950=ORIENTED_EDGE('',*,*,#1555,.T.);
#1951=ORIENTED_EDGE('',*,*,#1556,.F.);
#1952=ORIENTED_EDGE('',*,*,#1557,.F.);
#1953=ORIENTED_EDGE('',*,*,#1558,.F.);
#1954=ORIENTED_EDGE('',*,*,#1559,.F.);
#1955=ORIENTED_EDGE('',*,*,#1560,.F.);
#1956=ORIENTED_EDGE('',*,*,#1561,.F.);
#1957=ORIENTED_EDGE('',*,*,#1562,.T.);
#1958=ORIENTED_EDGE('',*,*,#1563,.F.);
#1959=ORIENTED_EDGE('',*,*,#1564,.F.);
#1960=ORIENTED_EDGE('',*,*,#1565,.T.);
#1961=ORIENTED_EDGE('',*,*,#1566,.T.);
#1962=ORIENTED_EDGE('',*,*,#1567,.F.);
#1963=ORIENTED_EDGE('',*,*,#1568,.T.);
#1964=ORIENTED_EDGE('',*,*,#1569,.T.);
#1965=ORIENTED_EDGE('',*,*,#1570,.T.);
#1966=ORIENTED_EDGE('',*,*,#1571,.T.);
#1967=ORIENTED_EDGE('',*,*,#1572,.T.);
#1968=ORIENTED_EDGE('',*,*,#1573,.T.);
#1969=ORIENTED_EDGE('',*,*,#1574,.F.);
#1970=ORIENTED_EDGE('',*,*,#1575,.T.);
#1971=ORIENTED_EDGE('',*,*,#1576,.F.);
#1972=ORIENTED_EDGE('',*,*,#1577,.F.);
#1973=ORIENTED_EDGE('',*,*,#1578,.F.);
#1974=ORIENTED_EDGE('',*,*,#1579,.T.);
#1975=ORIENTED_EDGE('',*,*,#1580,.T.);
#1976=ORIENTED_EDGE('',*,*,#1581,.F.);
#1977=ORIENTED_EDGE('',*,*,#1582,.F.);
#1978=ORIENTED_EDGE('',*,*,#1583,.F.);
#1979=ORIENTED_EDGE('',*,*,#1584,.T.);
#1980=ORIENTED_EDGE('',*,*,#1585,.F.);
#1981=ORIENTED_EDGE('',*,*,#1586,.F.);
#1982=ORIENTED_EDGE('',*,*,#1587,.F.);
#1983=ORIENTED_EDGE('',*,*,#1588,.F.);
#1984=ORIENTED_EDGE('',*,*,#1589,.T.);
#1985=ORIENTED_EDGE('',*,*,#1590,.F.);
#1986=ORIENTED_EDGE('',*,*,#1591,.T.);
#1987=ORIENTED_EDGE('',*,*,#1592,.T.);
#1988=ORIENTED_EDGE('',*,*,#1593,.T.);
#1989=ORIENTED_EDGE('',*,*,#1594,.T.);
#1990=ORIENTED_EDGE('',*,*,#1595,.T.);
#1991=ORIENTED_EDGE('',*,*,#1596,.T.);
#1992=ORIENTED_EDGE('',*,*,#1597,.T.);
#1993=ORIENTED_EDGE('',*,*,#1598,.F.);
#1994=ORIENTED_EDGE('',*,*,#1599,.F.);
#1995=ORIENTED_EDGE('',*,*,#1600,.T.);
#1996=ORIENTED_EDGE('',*,*,#1601,.F.);
#1997=ORIENTED_EDGE('',*,*,#1602,.F.);
#1998=ORIENTED_EDGE('',*,*,#1603,.T.);
#1999=ORIENTED_EDGE('',*,*,#1604,.F.);
#2000=ORIENTED_EDGE('',*,*,#1605,.T.);
#2001=ORIENTED_EDGE('',*,*,#1606,.F.);
#2002=ORIENTED_EDGE('',*,*,#1607,.T.);
#2003=ORIENTED_EDGE('',*,*,#1601,.T.);
#2004=ORIENTED_EDGE('',*,*,#1604,.T.);
#2005=ORIENTED_EDGE('',*,*,#1608,.T.);
#2006=ORIENTED_EDGE('',*,*,#1606,.T.);
#2007=ORIENTED_EDGE('',*,*,#1599,.T.);
#2008=ORIENTED_EDGE('',*,*,#1609,.T.);
#2009=ORIENTED_EDGE('',*,*,#1610,.F.);
#2010=ORIENTED_EDGE('',*,*,#1611,.T.);
#2011=ORIENTED_EDGE('',*,*,#1612,.F.);
#2012=ORIENTED_EDGE('',*,*,#1613,.F.);
#2013=ORIENTED_EDGE('',*,*,#1610,.T.);
#2014=ORIENTED_EDGE('',*,*,#1614,.F.);
#2015=ORIENTED_EDGE('',*,*,#1615,.F.);
#2016=ORIENTED_EDGE('',*,*,#1616,.T.);
#2017=ORIENTED_EDGE('',*,*,#1613,.T.);
#2018=ORIENTED_EDGE('',*,*,#1615,.T.);
#2019=ORIENTED_EDGE('',*,*,#1617,.T.);
#2020=ORIENTED_EDGE('',*,*,#1618,.F.);
#2021=ORIENTED_EDGE('',*,*,#1619,.F.);
#2022=ORIENTED_EDGE('',*,*,#1620,.T.);
#2023=ORIENTED_EDGE('',*,*,#1621,.F.);
#2024=ORIENTED_EDGE('',*,*,#1618,.T.);
#2025=ORIENTED_EDGE('',*,*,#1622,.T.);
#2026=ORIENTED_EDGE('',*,*,#1623,.F.);
#2027=ORIENTED_EDGE('',*,*,#1624,.T.);
#2028=ORIENTED_EDGE('',*,*,#1623,.T.);
#2029=ORIENTED_EDGE('',*,*,#1625,.T.);
#2030=ORIENTED_EDGE('',*,*,#1619,.T.);
#2031=ORIENTED_EDGE('',*,*,#1626,.F.);
#2032=ORIENTED_EDGE('',*,*,#1627,.F.);
#2033=ORIENTED_EDGE('',*,*,#1628,.T.);
#2034=ORIENTED_EDGE('',*,*,#1602,.T.);
#2035=ORIENTED_EDGE('',*,*,#1629,.F.);
#2036=ORIENTED_EDGE('',*,*,#1630,.T.);
#2037=ORIENTED_EDGE('',*,*,#1627,.T.);
#2038=ORIENTED_EDGE('',*,*,#1631,.T.);
#2039=ORIENTED_EDGE('',*,*,#1632,.F.);
#2040=ORIENTED_EDGE('',*,*,#1629,.T.);
#2041=ORIENTED_EDGE('',*,*,#1633,.T.);
#2042=ORIENTED_EDGE('',*,*,#1634,.F.);
#2043=ORIENTED_EDGE('',*,*,#1635,.F.);
#2044=ORIENTED_EDGE('',*,*,#1636,.T.);
#2045=ORIENTED_EDGE('',*,*,#1637,.F.);
#2046=ORIENTED_EDGE('',*,*,#1638,.F.);
#2047=ORIENTED_EDGE('',*,*,#1634,.T.);
#2048=ORIENTED_EDGE('',*,*,#1639,.F.);
#2049=ORIENTED_EDGE('',*,*,#1621,.T.);
#2050=ORIENTED_EDGE('',*,*,#1640,.T.);
#2051=ORIENTED_EDGE('',*,*,#1635,.T.);
#2052=ORIENTED_EDGE('',*,*,#1641,.F.);
#2053=ORIENTED_EDGE('',*,*,#1642,.F.);
#2054=ORIENTED_EDGE('',*,*,#1643,.F.);
#2055=ORIENTED_EDGE('',*,*,#1637,.T.);
#2056=ORIENTED_EDGE('',*,*,#1644,.F.);
#2057=ORIENTED_EDGE('',*,*,#1639,.T.);
#2058=ORIENTED_EDGE('',*,*,#1645,.T.);
#2059=ORIENTED_EDGE('',*,*,#1646,.F.);
#2060=ORIENTED_EDGE('',*,*,#1647,.F.);
#2061=ORIENTED_EDGE('',*,*,#1646,.T.);
#2062=ORIENTED_EDGE('',*,*,#1648,.F.);
#2063=ORIENTED_EDGE('',*,*,#1643,.T.);
#2064=ORIENTED_EDGE('',*,*,#1649,.F.);
#2065=ORIENTED_EDGE('',*,*,#1528,.T.);
#2066=ORIENTED_EDGE('',*,*,#1650,.F.);
#2067=ORIENTED_EDGE('',*,*,#1651,.F.);
#2068=ORIENTED_EDGE('',*,*,#1526,.T.);
#2069=ORIENTED_EDGE('',*,*,#1652,.F.);
#2070=ORIENTED_EDGE('',*,*,#1653,.F.);
#2071=ORIENTED_EDGE('',*,*,#1654,.F.);
#2072=ORIENTED_EDGE('',*,*,#1655,.F.);
#2073=ORIENTED_EDGE('',*,*,#1527,.F.);
#2074=ORIENTED_EDGE('',*,*,#1651,.T.);
#2075=ORIENTED_EDGE('',*,*,#1654,.T.);
#2076=ORIENTED_EDGE('',*,*,#1650,.T.);
#2077=ORIENTED_EDGE('',*,*,#1656,.F.);
#2078=ORIENTED_EDGE('',*,*,#1657,.F.);
#2079=ORIENTED_EDGE('',*,*,#1658,.F.);
#2080=ORIENTED_EDGE('',*,*,#1653,.T.);
#2081=ORIENTED_EDGE('',*,*,#1657,.T.);
#2082=ORIENTED_EDGE('',*,*,#1659,.F.);
#2083=ORIENTED_EDGE('',*,*,#1656,.T.);
#2084=ORIENTED_EDGE('',*,*,#1611,.F.);
#2085=ORIENTED_EDGE('',*,*,#1660,.F.);
#2086=ORIENTED_EDGE('',*,*,#1661,.F.);
#2087=ORIENTED_EDGE('',*,*,#1529,.T.);
#2088=ORIENTED_EDGE('',*,*,#1649,.T.);
#2089=ORIENTED_EDGE('',*,*,#1659,.T.);
#2090=ORIENTED_EDGE('',*,*,#1662,.F.);
#2091=ORIENTED_EDGE('',*,*,#1531,.T.);
#2092=ORIENTED_EDGE('',*,*,#1663,.F.);
#2093=ORIENTED_EDGE('',*,*,#1660,.T.);
#2094=ORIENTED_EDGE('',*,*,#1663,.T.);
#2095=ORIENTED_EDGE('',*,*,#1530,.T.);
#2096=ORIENTED_EDGE('',*,*,#1661,.T.);
#2097=ORIENTED_EDGE('',*,*,#1664,.F.);
#2098=ORIENTED_EDGE('',*,*,#1560,.T.);
#2099=ORIENTED_EDGE('',*,*,#1665,.F.);
#2100=ORIENTED_EDGE('',*,*,#1666,.F.);
#2101=ORIENTED_EDGE('',*,*,#1562,.F.);
#2102=ORIENTED_EDGE('',*,*,#1667,.F.);
#2103=ORIENTED_EDGE('',*,*,#1668,.F.);
#2104=ORIENTED_EDGE('',*,*,#1669,.F.);
#2105=ORIENTED_EDGE('',*,*,#1670,.F.);
#2106=ORIENTED_EDGE('',*,*,#1655,.T.);
#2107=ORIENTED_EDGE('',*,*,#1668,.T.);
#2108=ORIENTED_EDGE('',*,*,#1671,.F.);
#2109=ORIENTED_EDGE('',*,*,#1666,.T.);
#2110=ORIENTED_EDGE('',*,*,#1672,.F.);
#2111=ORIENTED_EDGE('',*,*,#1667,.T.);
#2112=ORIENTED_EDGE('',*,*,#1561,.T.);
#2113=ORIENTED_EDGE('',*,*,#1664,.T.);
#2114=ORIENTED_EDGE('',*,*,#1673,.F.);
#2115=ORIENTED_EDGE('',*,*,#1670,.T.);
#2116=ORIENTED_EDGE('',*,*,#1600,.F.);
#2117=ORIENTED_EDGE('',*,*,#1658,.T.);
#2118=ORIENTED_EDGE('',*,*,#1605,.F.);
#2119=ORIENTED_EDGE('',*,*,#1673,.T.);
#2120=ORIENTED_EDGE('',*,*,#1671,.T.);
#2121=ORIENTED_EDGE('',*,*,#1652,.T.);
#2122=ORIENTED_EDGE('',*,*,#1563,.T.);
#2123=ORIENTED_EDGE('',*,*,#1669,.T.);
#2124=ORIENTED_EDGE('',*,*,#1665,.T.);
#2125=ORIENTED_EDGE('',*,*,#1559,.T.);
#2126=ORIENTED_EDGE('',*,*,#1674,.F.);
#2127=ORIENTED_EDGE('',*,*,#1674,.T.);
#2128=ORIENTED_EDGE('',*,*,#1558,.T.);
#2129=ORIENTED_EDGE('',*,*,#1675,.F.);
#2130=ORIENTED_EDGE('',*,*,#1675,.T.);
#2131=ORIENTED_EDGE('',*,*,#1557,.T.);
#2132=ORIENTED_EDGE('',*,*,#1676,.F.);
#2133=ORIENTED_EDGE('',*,*,#1677,.F.);
#2134=ORIENTED_EDGE('',*,*,#1676,.T.);
#2135=ORIENTED_EDGE('',*,*,#1556,.T.);
#2136=ORIENTED_EDGE('',*,*,#1678,.F.);
#2137=ORIENTED_EDGE('',*,*,#1555,.F.);
#2138=ORIENTED_EDGE('',*,*,#1679,.F.);
#2139=ORIENTED_EDGE('',*,*,#1678,.T.);
#2140=ORIENTED_EDGE('',*,*,#1552,.F.);
#2141=ORIENTED_EDGE('',*,*,#1680,.F.);
#2142=ORIENTED_EDGE('',*,*,#1681,.F.);
#2143=ORIENTED_EDGE('',*,*,#1682,.F.);
#2144=ORIENTED_EDGE('',*,*,#1551,.F.);
#2145=ORIENTED_EDGE('',*,*,#1683,.F.);
#2146=ORIENTED_EDGE('',*,*,#1680,.T.);
#2147=ORIENTED_EDGE('',*,*,#1681,.T.);
#2148=ORIENTED_EDGE('',*,*,#1684,.F.);
#2149=ORIENTED_EDGE('',*,*,#1645,.F.);
#2150=ORIENTED_EDGE('',*,*,#1550,.F.);
#2151=ORIENTED_EDGE('',*,*,#1685,.F.);
#2152=ORIENTED_EDGE('',*,*,#1683,.T.);
#2153=ORIENTED_EDGE('',*,*,#1686,.F.);
#2154=ORIENTED_EDGE('',*,*,#1548,.T.);
#2155=ORIENTED_EDGE('',*,*,#1687,.F.);
#2156=ORIENTED_EDGE('',*,*,#1684,.T.);
#2157=ORIENTED_EDGE('',*,*,#1549,.F.);
#2158=ORIENTED_EDGE('',*,*,#1686,.T.);
#2159=ORIENTED_EDGE('',*,*,#1685,.T.);
#2160=ORIENTED_EDGE('',*,*,#1546,.F.);
#2161=ORIENTED_EDGE('',*,*,#1688,.F.);
#2162=ORIENTED_EDGE('',*,*,#1689,.F.);
#2163=ORIENTED_EDGE('',*,*,#1690,.F.);
#2164=ORIENTED_EDGE('',*,*,#1532,.T.);
#2165=ORIENTED_EDGE('',*,*,#1662,.T.);
#2166=ORIENTED_EDGE('',*,*,#1691,.F.);
#2167=ORIENTED_EDGE('',*,*,#1616,.F.);
#2168=ORIENTED_EDGE('',*,*,#1692,.F.);
#2169=ORIENTED_EDGE('',*,*,#1691,.T.);
#2170=ORIENTED_EDGE('',*,*,#1693,.F.);
#2171=ORIENTED_EDGE('',*,*,#1533,.T.);
#2172=ORIENTED_EDGE('',*,*,#1690,.T.);
#2173=ORIENTED_EDGE('',*,*,#1694,.F.);
#2174=ORIENTED_EDGE('',*,*,#1692,.T.);
#2175=ORIENTED_EDGE('',*,*,#1624,.F.);
#2176=ORIENTED_EDGE('',*,*,#1695,.F.);
#2177=ORIENTED_EDGE('',*,*,#1534,.T.);
#2178=ORIENTED_EDGE('',*,*,#1693,.T.);
#2179=ORIENTED_EDGE('',*,*,#1694,.T.);
#2180=ORIENTED_EDGE('',*,*,#1696,.F.);
#2181=ORIENTED_EDGE('',*,*,#1536,.T.);
#2182=ORIENTED_EDGE('',*,*,#1697,.F.);
#2183=ORIENTED_EDGE('',*,*,#1535,.F.);
#2184=ORIENTED_EDGE('',*,*,#1695,.T.);
#2185=ORIENTED_EDGE('',*,*,#1698,.F.);
#2186=ORIENTED_EDGE('',*,*,#1697,.T.);
#2187=ORIENTED_EDGE('',*,*,#1537,.F.);
#2188=ORIENTED_EDGE('',*,*,#1696,.T.);
#2189=ORIENTED_EDGE('',*,*,#1699,.F.);
#2190=ORIENTED_EDGE('',*,*,#1539,.F.);
#2191=ORIENTED_EDGE('',*,*,#1700,.F.);
#2192=ORIENTED_EDGE('',*,*,#1698,.T.);
#2193=ORIENTED_EDGE('',*,*,#1701,.F.);
#2194=ORIENTED_EDGE('',*,*,#1540,.F.);
#2195=ORIENTED_EDGE('',*,*,#1701,.T.);
#2196=ORIENTED_EDGE('',*,*,#1626,.T.);
#2197=ORIENTED_EDGE('',*,*,#1702,.F.);
#2198=ORIENTED_EDGE('',*,*,#1538,.F.);
#2199=ORIENTED_EDGE('',*,*,#1699,.T.);
#2200=ORIENTED_EDGE('',*,*,#1700,.T.);
#2201=ORIENTED_EDGE('',*,*,#1541,.F.);
#2202=ORIENTED_EDGE('',*,*,#1702,.T.);
#2203=ORIENTED_EDGE('',*,*,#1703,.F.);
#2204=ORIENTED_EDGE('',*,*,#1542,.F.);
#2205=ORIENTED_EDGE('',*,*,#1703,.T.);
#2206=ORIENTED_EDGE('',*,*,#1704,.F.);
#2207=ORIENTED_EDGE('',*,*,#1705,.F.);
#2208=ORIENTED_EDGE('',*,*,#1706,.F.);
#2209=ORIENTED_EDGE('',*,*,#1543,.T.);
#2210=ORIENTED_EDGE('',*,*,#1705,.T.);
#2211=ORIENTED_EDGE('',*,*,#1707,.F.);
#2212=ORIENTED_EDGE('',*,*,#1544,.F.);
#2213=ORIENTED_EDGE('',*,*,#1706,.T.);
#2214=ORIENTED_EDGE('',*,*,#1708,.F.);
#2215=ORIENTED_EDGE('',*,*,#1677,.T.);
#2216=ORIENTED_EDGE('',*,*,#1709,.F.);
#2217=ORIENTED_EDGE('',*,*,#1672,.T.);
#2218=ORIENTED_EDGE('',*,*,#1679,.T.);
#2219=ORIENTED_EDGE('',*,*,#1554,.T.);
#2220=ORIENTED_EDGE('',*,*,#1710,.F.);
#2221=ORIENTED_EDGE('',*,*,#1711,.F.);
#2222=ORIENTED_EDGE('',*,*,#1711,.T.);
#2223=ORIENTED_EDGE('',*,*,#1631,.F.);
#2224=ORIENTED_EDGE('',*,*,#1709,.T.);
#2225=ORIENTED_EDGE('',*,*,#1553,.F.);
#2226=ORIENTED_EDGE('',*,*,#1682,.T.);
#2227=ORIENTED_EDGE('',*,*,#1633,.F.);
#2228=ORIENTED_EDGE('',*,*,#1710,.T.);
#2229=ORIENTED_EDGE('',*,*,#1704,.T.);
#2230=ORIENTED_EDGE('',*,*,#1641,.T.);
#2231=ORIENTED_EDGE('',*,*,#1712,.F.);
#2232=ORIENTED_EDGE('',*,*,#1713,.F.);
#2233=ORIENTED_EDGE('',*,*,#1712,.T.);
#2234=ORIENTED_EDGE('',*,*,#1714,.F.);
#2235=ORIENTED_EDGE('',*,*,#1687,.T.);
#2236=ORIENTED_EDGE('',*,*,#1547,.T.);
#2237=ORIENTED_EDGE('',*,*,#1689,.T.);
#2238=ORIENTED_EDGE('',*,*,#1715,.F.);
#2239=ORIENTED_EDGE('',*,*,#1714,.T.);
#2240=ORIENTED_EDGE('',*,*,#1648,.T.);
#2241=ORIENTED_EDGE('',*,*,#1716,.F.);
#2242=ORIENTED_EDGE('',*,*,#1713,.T.);
#2243=ORIENTED_EDGE('',*,*,#1717,.F.);
#2244=ORIENTED_EDGE('',*,*,#1707,.T.);
#2245=ORIENTED_EDGE('',*,*,#1718,.F.);
#2246=ORIENTED_EDGE('',*,*,#1716,.T.);
#2247=ORIENTED_EDGE('',*,*,#1715,.T.);
#2248=ORIENTED_EDGE('',*,*,#1718,.T.);
#2249=ORIENTED_EDGE('',*,*,#1719,.F.);
#2250=ORIENTED_EDGE('',*,*,#1717,.T.);
#2251=ORIENTED_EDGE('',*,*,#1545,.F.);
#2252=ORIENTED_EDGE('',*,*,#1708,.T.);
#2253=ORIENTED_EDGE('',*,*,#1719,.T.);
#2254=ORIENTED_EDGE('',*,*,#1688,.T.);
#2255=ORIENTED_EDGE('',*,*,#1609,.F.);
#2256=ORIENTED_EDGE('',*,*,#1598,.T.);
#2257=ORIENTED_EDGE('',*,*,#1607,.F.);
#2258=ORIENTED_EDGE('',*,*,#1608,.F.);
#2259=ORIENTED_EDGE('',*,*,#1603,.F.);
#2260=ORIENTED_EDGE('',*,*,#1628,.F.);
#2261=ORIENTED_EDGE('',*,*,#1630,.F.);
#2262=ORIENTED_EDGE('',*,*,#1632,.T.);
#2263=ORIENTED_EDGE('',*,*,#1638,.T.);
#2264=ORIENTED_EDGE('',*,*,#1644,.T.);
#2265=ORIENTED_EDGE('',*,*,#1647,.T.);
#2266=ORIENTED_EDGE('',*,*,#1642,.T.);
#2267=ORIENTED_EDGE('',*,*,#1636,.F.);
#2268=ORIENTED_EDGE('',*,*,#1640,.F.);
#2269=ORIENTED_EDGE('',*,*,#1620,.F.);
#2270=ORIENTED_EDGE('',*,*,#1625,.F.);
#2271=ORIENTED_EDGE('',*,*,#1622,.F.);
#2272=ORIENTED_EDGE('',*,*,#1617,.F.);
#2273=ORIENTED_EDGE('',*,*,#1614,.T.);
#2274=ORIENTED_EDGE('',*,*,#1612,.T.);
#2275=ORIENTED_EDGE('',*,*,#1720,.F.);
#2276=ORIENTED_EDGE('',*,*,#1575,.F.);
#2277=ORIENTED_EDGE('',*,*,#1721,.F.);
#2278=ORIENTED_EDGE('',*,*,#1722,.F.);
#2279=ORIENTED_EDGE('',*,*,#1723,.T.);
#2280=ORIENTED_EDGE('',*,*,#1724,.T.);
#2281=ORIENTED_EDGE('',*,*,#1725,.F.);
#2282=ORIENTED_EDGE('',*,*,#1725,.T.);
#2283=ORIENTED_EDGE('',*,*,#1726,.F.);
#2284=ORIENTED_EDGE('',*,*,#1727,.F.);
#2285=ORIENTED_EDGE('',*,*,#1728,.T.);
#2286=ORIENTED_EDGE('',*,*,#1576,.T.);
#2287=ORIENTED_EDGE('',*,*,#1729,.T.);
#2288=ORIENTED_EDGE('',*,*,#1730,.T.);
#2289=ORIENTED_EDGE('',*,*,#1731,.F.);
#2290=ORIENTED_EDGE('',*,*,#1732,.F.);
#2291=ORIENTED_EDGE('',*,*,#1733,.T.);
#2292=ORIENTED_EDGE('',*,*,#1734,.F.);
#2293=ORIENTED_EDGE('',*,*,#1735,.T.);
#2294=ORIENTED_EDGE('',*,*,#1736,.T.);
#2295=ORIENTED_EDGE('',*,*,#1737,.T.);
#2296=ORIENTED_EDGE('',*,*,#1738,.F.);
#2297=ORIENTED_EDGE('',*,*,#1739,.F.);
#2298=ORIENTED_EDGE('',*,*,#1740,.F.);
#2299=ORIENTED_EDGE('',*,*,#1741,.T.);
#2300=ORIENTED_EDGE('',*,*,#1742,.F.);
#2301=ORIENTED_EDGE('',*,*,#1743,.T.);
#2302=ORIENTED_EDGE('',*,*,#1744,.F.);
#2303=ORIENTED_EDGE('',*,*,#1745,.T.);
#2304=ORIENTED_EDGE('',*,*,#1742,.T.);
#2305=ORIENTED_EDGE('',*,*,#1746,.F.);
#2306=ORIENTED_EDGE('',*,*,#1747,.F.);
#2307=ORIENTED_EDGE('',*,*,#1730,.F.);
#2308=ORIENTED_EDGE('',*,*,#1748,.F.);
#2309=ORIENTED_EDGE('',*,*,#1743,.F.);
#2310=ORIENTED_EDGE('',*,*,#1745,.F.);
#2311=ORIENTED_EDGE('',*,*,#1749,.F.);
#2312=ORIENTED_EDGE('',*,*,#1735,.F.);
#2313=ORIENTED_EDGE('',*,*,#1750,.F.);
#2314=ORIENTED_EDGE('',*,*,#1751,.T.);
#2315=ORIENTED_EDGE('',*,*,#1752,.F.);
#2316=ORIENTED_EDGE('',*,*,#1753,.T.);
#2317=ORIENTED_EDGE('',*,*,#1751,.F.);
#2318=ORIENTED_EDGE('',*,*,#1754,.T.);
#2319=ORIENTED_EDGE('',*,*,#1755,.T.);
#2320=ORIENTED_EDGE('',*,*,#1756,.T.);
#2321=ORIENTED_EDGE('',*,*,#1757,.T.);
#2322=ORIENTED_EDGE('',*,*,#1756,.F.);
#2323=ORIENTED_EDGE('',*,*,#1758,.T.);
#2324=ORIENTED_EDGE('',*,*,#1759,.F.);
#2325=ORIENTED_EDGE('',*,*,#1760,.F.);
#2326=ORIENTED_EDGE('',*,*,#1761,.T.);
#2327=ORIENTED_EDGE('',*,*,#1762,.T.);
#2328=ORIENTED_EDGE('',*,*,#1762,.F.);
#2329=ORIENTED_EDGE('',*,*,#1763,.F.);
#2330=ORIENTED_EDGE('',*,*,#1764,.T.);
#2331=ORIENTED_EDGE('',*,*,#1765,.F.);
#2332=ORIENTED_EDGE('',*,*,#1766,.T.);
#2333=ORIENTED_EDGE('',*,*,#1767,.T.);
#2334=ORIENTED_EDGE('',*,*,#1768,.F.);
#2335=ORIENTED_EDGE('',*,*,#1764,.F.);
#2336=ORIENTED_EDGE('',*,*,#1769,.F.);
#2337=ORIENTED_EDGE('',*,*,#1770,.T.);
#2338=ORIENTED_EDGE('',*,*,#1771,.F.);
#2339=ORIENTED_EDGE('',*,*,#1770,.F.);
#2340=ORIENTED_EDGE('',*,*,#1772,.T.);
#2341=ORIENTED_EDGE('',*,*,#1773,.T.);
#2342=ORIENTED_EDGE('',*,*,#1774,.F.);
#2343=ORIENTED_EDGE('',*,*,#1766,.F.);
#2344=ORIENTED_EDGE('',*,*,#1775,.F.);
#2345=ORIENTED_EDGE('',*,*,#1776,.T.);
#2346=ORIENTED_EDGE('',*,*,#1736,.F.);
#2347=ORIENTED_EDGE('',*,*,#1777,.F.);
#2348=ORIENTED_EDGE('',*,*,#1778,.T.);
#2349=ORIENTED_EDGE('',*,*,#1779,.T.);
#2350=ORIENTED_EDGE('',*,*,#1780,.F.);
#2351=ORIENTED_EDGE('',*,*,#1781,.T.);
#2352=ORIENTED_EDGE('',*,*,#1737,.F.);
#2353=ORIENTED_EDGE('',*,*,#1776,.F.);
#2354=ORIENTED_EDGE('',*,*,#1782,.F.);
#2355=ORIENTED_EDGE('',*,*,#1783,.T.);
#2356=ORIENTED_EDGE('',*,*,#1784,.T.);
#2357=ORIENTED_EDGE('',*,*,#1785,.T.);
#2358=ORIENTED_EDGE('',*,*,#1786,.F.);
#2359=ORIENTED_EDGE('',*,*,#1778,.F.);
#2360=ORIENTED_EDGE('',*,*,#1787,.T.);
#2361=ORIENTED_EDGE('',*,*,#1788,.T.);
#2362=ORIENTED_EDGE('',*,*,#1784,.F.);
#2363=ORIENTED_EDGE('',*,*,#1767,.F.);
#2364=ORIENTED_EDGE('',*,*,#1774,.T.);
#2365=ORIENTED_EDGE('',*,*,#1789,.T.);
#2366=ORIENTED_EDGE('',*,*,#1790,.F.);
#2367=ORIENTED_EDGE('',*,*,#1791,.F.);
#2368=ORIENTED_EDGE('',*,*,#1792,.T.);
#2369=ORIENTED_EDGE('',*,*,#1793,.T.);
#2370=ORIENTED_EDGE('',*,*,#1794,.T.);
#2371=ORIENTED_EDGE('',*,*,#1795,.T.);
#2372=ORIENTED_EDGE('',*,*,#1796,.F.);
#2373=ORIENTED_EDGE('',*,*,#1797,.T.);
#2374=ORIENTED_EDGE('',*,*,#1798,.T.);
#2375=ORIENTED_EDGE('',*,*,#1799,.F.);
#2376=ORIENTED_EDGE('',*,*,#1785,.F.);
#2377=ORIENTED_EDGE('',*,*,#1788,.F.);
#2378=ORIENTED_EDGE('',*,*,#1795,.F.);
#2379=ORIENTED_EDGE('',*,*,#1800,.T.);
#2380=ORIENTED_EDGE('',*,*,#1801,.F.);
#2381=ORIENTED_EDGE('',*,*,#1798,.F.);
#2382=ORIENTED_EDGE('',*,*,#1802,.T.);
#2383=ORIENTED_EDGE('',*,*,#1803,.T.);
#2384=ORIENTED_EDGE('',*,*,#1804,.F.);
#2385=ORIENTED_EDGE('',*,*,#1805,.T.);
#2386=ORIENTED_EDGE('',*,*,#1597,.F.);
#2387=ORIENTED_EDGE('',*,*,#1806,.T.);
#2388=ORIENTED_EDGE('',*,*,#1807,.F.);
#2389=ORIENTED_EDGE('',*,*,#1808,.F.);
#2390=ORIENTED_EDGE('',*,*,#1809,.T.);
#2391=ORIENTED_EDGE('',*,*,#1565,.F.);
#2392=ORIENTED_EDGE('',*,*,#1810,.T.);
#2393=ORIENTED_EDGE('',*,*,#1811,.T.);
#2394=ORIENTED_EDGE('',*,*,#1812,.T.);
#2395=ORIENTED_EDGE('',*,*,#1804,.T.);
#2396=ORIENTED_EDGE('',*,*,#1813,.F.);
#2397=ORIENTED_EDGE('',*,*,#1564,.T.);
#2398=ORIENTED_EDGE('',*,*,#1805,.F.);
#2399=ORIENTED_EDGE('',*,*,#1812,.F.);
#2400=ORIENTED_EDGE('',*,*,#1814,.T.);
#2401=ORIENTED_EDGE('',*,*,#1806,.F.);
#2402=ORIENTED_EDGE('',*,*,#1815,.T.);
#2403=ORIENTED_EDGE('',*,*,#1733,.F.);
#2404=ORIENTED_EDGE('',*,*,#1816,.T.);
#2405=ORIENTED_EDGE('',*,*,#1817,.T.);
#2406=ORIENTED_EDGE('',*,*,#1818,.T.);
#2407=ORIENTED_EDGE('',*,*,#1819,.T.);
#2408=ORIENTED_EDGE('',*,*,#1810,.F.);
#2409=ORIENTED_EDGE('',*,*,#1820,.T.);
#2410=ORIENTED_EDGE('',*,*,#1821,.T.);
#2411=ORIENTED_EDGE('',*,*,#1818,.F.);
#2412=ORIENTED_EDGE('',*,*,#1822,.F.);
#2413=ORIENTED_EDGE('',*,*,#1815,.F.);
#2414=ORIENTED_EDGE('',*,*,#1823,.F.);
#2415=ORIENTED_EDGE('',*,*,#1824,.T.);
#2416=ORIENTED_EDGE('',*,*,#1754,.F.);
#2417=ORIENTED_EDGE('',*,*,#1750,.T.);
#2418=ORIENTED_EDGE('',*,*,#1734,.T.);
#2419=ORIENTED_EDGE('',*,*,#1825,.T.);
#2420=ORIENTED_EDGE('',*,*,#1820,.F.);
#2421=ORIENTED_EDGE('',*,*,#1813,.T.);
#2422=ORIENTED_EDGE('',*,*,#1803,.F.);
#2423=ORIENTED_EDGE('',*,*,#1596,.F.);
#2424=ORIENTED_EDGE('',*,*,#1826,.T.);
#2425=ORIENTED_EDGE('',*,*,#1758,.F.);
#2426=ORIENTED_EDGE('',*,*,#1755,.F.);
#2427=ORIENTED_EDGE('',*,*,#1824,.F.);
#2428=ORIENTED_EDGE('',*,*,#1827,.T.);
#2429=ORIENTED_EDGE('',*,*,#1594,.F.);
#2430=ORIENTED_EDGE('',*,*,#1827,.F.);
#2431=ORIENTED_EDGE('',*,*,#1823,.T.);
#2432=ORIENTED_EDGE('',*,*,#1819,.F.);
#2433=ORIENTED_EDGE('',*,*,#1821,.F.);
#2434=ORIENTED_EDGE('',*,*,#1825,.F.);
#2435=ORIENTED_EDGE('',*,*,#1595,.F.);
#2436=ORIENTED_EDGE('',*,*,#1828,.T.);
#2437=ORIENTED_EDGE('',*,*,#1829,.T.);
#2438=ORIENTED_EDGE('',*,*,#1830,.T.);
#2439=ORIENTED_EDGE('',*,*,#1569,.F.);
#2440=ORIENTED_EDGE('',*,*,#1567,.T.);
#2441=ORIENTED_EDGE('',*,*,#1831,.T.);
#2442=ORIENTED_EDGE('',*,*,#1808,.T.);
#2443=ORIENTED_EDGE('',*,*,#1832,.T.);
#2444=ORIENTED_EDGE('',*,*,#1746,.T.);
#2445=ORIENTED_EDGE('',*,*,#1741,.F.);
#2446=ORIENTED_EDGE('',*,*,#1833,.F.);
#2447=ORIENTED_EDGE('',*,*,#1834,.T.);
#2448=ORIENTED_EDGE('',*,*,#1835,.T.);
#2449=ORIENTED_EDGE('',*,*,#1731,.T.);
#2450=ORIENTED_EDGE('',*,*,#1747,.T.);
#2451=ORIENTED_EDGE('',*,*,#1832,.F.);
#2452=ORIENTED_EDGE('',*,*,#1807,.T.);
#2453=ORIENTED_EDGE('',*,*,#1814,.F.);
#2454=ORIENTED_EDGE('',*,*,#1811,.F.);
#2455=ORIENTED_EDGE('',*,*,#1822,.T.);
#2456=ORIENTED_EDGE('',*,*,#1817,.F.);
#2457=ORIENTED_EDGE('',*,*,#1836,.T.);
#2458=ORIENTED_EDGE('',*,*,#1739,.T.);
#2459=ORIENTED_EDGE('',*,*,#1837,.T.);
#2460=ORIENTED_EDGE('',*,*,#1838,.F.);
#2461=ORIENTED_EDGE('',*,*,#1829,.F.);
#2462=ORIENTED_EDGE('',*,*,#1839,.T.);
#2463=ORIENTED_EDGE('',*,*,#1834,.F.);
#2464=ORIENTED_EDGE('',*,*,#1840,.T.);
#2465=ORIENTED_EDGE('',*,*,#1839,.F.);
#2466=ORIENTED_EDGE('',*,*,#1828,.F.);
#2467=ORIENTED_EDGE('',*,*,#1568,.F.);
#2468=ORIENTED_EDGE('',*,*,#1835,.F.);
#2469=ORIENTED_EDGE('',*,*,#1816,.F.);
#2470=ORIENTED_EDGE('',*,*,#1732,.T.);
#2471=ORIENTED_EDGE('',*,*,#1740,.T.);
#2472=ORIENTED_EDGE('',*,*,#1836,.F.);
#2473=ORIENTED_EDGE('',*,*,#1840,.F.);
#2474=ORIENTED_EDGE('',*,*,#1833,.T.);
#2475=ORIENTED_EDGE('',*,*,#1809,.F.);
#2476=ORIENTED_EDGE('',*,*,#1831,.F.);
#2477=ORIENTED_EDGE('',*,*,#1566,.F.);
#2478=ORIENTED_EDGE('',*,*,#1830,.F.);
#2479=ORIENTED_EDGE('',*,*,#1838,.T.);
#2480=ORIENTED_EDGE('',*,*,#1841,.T.);
#2481=ORIENTED_EDGE('',*,*,#1842,.T.);
#2482=ORIENTED_EDGE('',*,*,#1570,.F.);
#2483=ORIENTED_EDGE('',*,*,#1842,.F.);
#2484=ORIENTED_EDGE('',*,*,#1843,.F.);
#2485=ORIENTED_EDGE('',*,*,#1844,.T.);
#2486=ORIENTED_EDGE('',*,*,#1571,.F.);
#2487=ORIENTED_EDGE('',*,*,#1844,.F.);
#2488=ORIENTED_EDGE('',*,*,#1845,.T.);
#2489=ORIENTED_EDGE('',*,*,#1846,.T.);
#2490=ORIENTED_EDGE('',*,*,#1572,.F.);
#2491=ORIENTED_EDGE('',*,*,#1846,.F.);
#2492=ORIENTED_EDGE('',*,*,#1847,.T.);
#2493=ORIENTED_EDGE('',*,*,#1848,.T.);
#2494=ORIENTED_EDGE('',*,*,#1573,.F.);
#2495=ORIENTED_EDGE('',*,*,#1574,.T.);
#2496=ORIENTED_EDGE('',*,*,#1848,.F.);
#2497=ORIENTED_EDGE('',*,*,#1849,.T.);
#2498=ORIENTED_EDGE('',*,*,#1721,.T.);
#2499=ORIENTED_EDGE('',*,*,#1850,.T.);
#2500=ORIENTED_EDGE('',*,*,#1851,.T.);
#2501=ORIENTED_EDGE('',*,*,#1852,.F.);
#2502=ORIENTED_EDGE('',*,*,#1727,.T.);
#2503=ORIENTED_EDGE('',*,*,#1851,.F.);
#2504=ORIENTED_EDGE('',*,*,#1853,.T.);
#2505=ORIENTED_EDGE('',*,*,#1799,.T.);
#2506=ORIENTED_EDGE('',*,*,#1801,.T.);
#2507=ORIENTED_EDGE('',*,*,#1854,.T.);
#2508=ORIENTED_EDGE('',*,*,#1855,.T.);
#2509=ORIENTED_EDGE('',*,*,#1856,.T.);
#2510=ORIENTED_EDGE('',*,*,#1857,.F.);
#2511=ORIENTED_EDGE('',*,*,#1577,.T.);
#2512=ORIENTED_EDGE('',*,*,#1728,.F.);
#2513=ORIENTED_EDGE('',*,*,#1852,.T.);
#2514=ORIENTED_EDGE('',*,*,#1857,.T.);
#2515=ORIENTED_EDGE('',*,*,#1858,.T.);
#2516=ORIENTED_EDGE('',*,*,#1859,.T.);
#2517=ORIENTED_EDGE('',*,*,#1855,.F.);
#2518=ORIENTED_EDGE('',*,*,#1860,.T.);
#2519=ORIENTED_EDGE('',*,*,#1861,.T.);
#2520=ORIENTED_EDGE('',*,*,#1579,.F.);
#2521=ORIENTED_EDGE('',*,*,#1578,.T.);
#2522=ORIENTED_EDGE('',*,*,#1858,.F.);
#2523=ORIENTED_EDGE('',*,*,#1856,.F.);
#2524=ORIENTED_EDGE('',*,*,#1859,.F.);
#2525=ORIENTED_EDGE('',*,*,#1581,.T.);
#2526=ORIENTED_EDGE('',*,*,#1862,.T.);
#2527=ORIENTED_EDGE('',*,*,#1863,.T.);
#2528=ORIENTED_EDGE('',*,*,#1864,.T.);
#2529=ORIENTED_EDGE('',*,*,#1865,.T.);
#2530=ORIENTED_EDGE('',*,*,#1866,.T.);
#2531=ORIENTED_EDGE('',*,*,#1867,.F.);
#2532=ORIENTED_EDGE('',*,*,#1868,.T.);
#2533=ORIENTED_EDGE('',*,*,#1759,.T.);
#2534=ORIENTED_EDGE('',*,*,#1826,.F.);
#2535=ORIENTED_EDGE('',*,*,#1593,.F.);
#2536=ORIENTED_EDGE('',*,*,#1760,.T.);
#2537=ORIENTED_EDGE('',*,*,#1868,.F.);
#2538=ORIENTED_EDGE('',*,*,#1869,.T.);
#2539=ORIENTED_EDGE('',*,*,#1870,.T.);
#2540=ORIENTED_EDGE('',*,*,#1865,.F.);
#2541=ORIENTED_EDGE('',*,*,#1592,.F.);
#2542=ORIENTED_EDGE('',*,*,#1871,.T.);
#2543=ORIENTED_EDGE('',*,*,#1872,.F.);
#2544=ORIENTED_EDGE('',*,*,#1772,.F.);
#2545=ORIENTED_EDGE('',*,*,#1769,.T.);
#2546=ORIENTED_EDGE('',*,*,#1763,.T.);
#2547=ORIENTED_EDGE('',*,*,#1761,.F.);
#2548=ORIENTED_EDGE('',*,*,#1869,.F.);
#2549=ORIENTED_EDGE('',*,*,#1867,.T.);
#2550=ORIENTED_EDGE('',*,*,#1873,.T.);
#2551=ORIENTED_EDGE('',*,*,#1874,.T.);
#2552=ORIENTED_EDGE('',*,*,#1871,.F.);
#2553=ORIENTED_EDGE('',*,*,#1866,.F.);
#2554=ORIENTED_EDGE('',*,*,#1870,.F.);
#2555=ORIENTED_EDGE('',*,*,#1591,.F.);
#2556=ORIENTED_EDGE('',*,*,#1875,.F.);
#2557=ORIENTED_EDGE('',*,*,#1876,.T.);
#2558=ORIENTED_EDGE('',*,*,#1589,.F.);
#2559=ORIENTED_EDGE('',*,*,#1590,.T.);
#2560=ORIENTED_EDGE('',*,*,#1876,.F.);
#2561=ORIENTED_EDGE('',*,*,#1877,.T.);
#2562=ORIENTED_EDGE('',*,*,#1878,.T.);
#2563=ORIENTED_EDGE('',*,*,#1873,.F.);
#2564=ORIENTED_EDGE('',*,*,#1588,.T.);
#2565=ORIENTED_EDGE('',*,*,#1879,.T.);
#2566=ORIENTED_EDGE('',*,*,#1877,.F.);
#2567=ORIENTED_EDGE('',*,*,#1875,.T.);
#2568=ORIENTED_EDGE('',*,*,#1587,.T.);
#2569=ORIENTED_EDGE('',*,*,#1880,.T.);
#2570=ORIENTED_EDGE('',*,*,#1789,.F.);
#2571=ORIENTED_EDGE('',*,*,#1773,.F.);
#2572=ORIENTED_EDGE('',*,*,#1872,.T.);
#2573=ORIENTED_EDGE('',*,*,#1874,.F.);
#2574=ORIENTED_EDGE('',*,*,#1878,.F.);
#2575=ORIENTED_EDGE('',*,*,#1879,.F.);
#2576=ORIENTED_EDGE('',*,*,#1586,.T.);
#2577=ORIENTED_EDGE('',*,*,#1881,.T.);
#2578=ORIENTED_EDGE('',*,*,#1790,.T.);
#2579=ORIENTED_EDGE('',*,*,#1880,.F.);
#2580=ORIENTED_EDGE('',*,*,#1585,.T.);
#2581=ORIENTED_EDGE('',*,*,#1882,.T.);
#2582=ORIENTED_EDGE('',*,*,#1883,.T.);
#2583=ORIENTED_EDGE('',*,*,#1884,.T.);
#2584=ORIENTED_EDGE('',*,*,#1791,.T.);
#2585=ORIENTED_EDGE('',*,*,#1881,.F.);
#2586=ORIENTED_EDGE('',*,*,#1885,.T.);
#2587=ORIENTED_EDGE('',*,*,#1886,.T.);
#2588=ORIENTED_EDGE('',*,*,#1882,.F.);
#2589=ORIENTED_EDGE('',*,*,#1584,.F.);
#2590=ORIENTED_EDGE('',*,*,#1583,.T.);
#2591=ORIENTED_EDGE('',*,*,#1887,.T.);
#2592=ORIENTED_EDGE('',*,*,#1888,.T.);
#2593=ORIENTED_EDGE('',*,*,#1889,.F.);
#2594=ORIENTED_EDGE('',*,*,#1885,.F.);
#2595=ORIENTED_EDGE('',*,*,#1845,.F.);
#2596=ORIENTED_EDGE('',*,*,#1843,.T.);
#2597=ORIENTED_EDGE('',*,*,#1841,.F.);
#2598=ORIENTED_EDGE('',*,*,#1837,.F.);
#2599=ORIENTED_EDGE('',*,*,#1738,.T.);
#2600=ORIENTED_EDGE('',*,*,#1781,.F.);
#2601=ORIENTED_EDGE('',*,*,#1890,.T.);
#2602=ORIENTED_EDGE('',*,*,#1722,.T.);
#2603=ORIENTED_EDGE('',*,*,#1849,.F.);
#2604=ORIENTED_EDGE('',*,*,#1847,.F.);
#2605=ORIENTED_EDGE('',*,*,#1723,.F.);
#2606=ORIENTED_EDGE('',*,*,#1890,.F.);
#2607=ORIENTED_EDGE('',*,*,#1780,.T.);
#2608=ORIENTED_EDGE('',*,*,#1891,.F.);
#2609=ORIENTED_EDGE('',*,*,#1726,.T.);
#2610=ORIENTED_EDGE('',*,*,#1724,.F.);
#2611=ORIENTED_EDGE('',*,*,#1891,.T.);
#2612=ORIENTED_EDGE('',*,*,#1779,.F.);
#2613=ORIENTED_EDGE('',*,*,#1786,.T.);
#2614=ORIENTED_EDGE('',*,*,#1853,.F.);
#2615=ORIENTED_EDGE('',*,*,#1850,.F.);
#2616=ORIENTED_EDGE('',*,*,#1892,.T.);
#2617=ORIENTED_EDGE('',*,*,#1792,.F.);
#2618=ORIENTED_EDGE('',*,*,#1884,.F.);
#2619=ORIENTED_EDGE('',*,*,#1893,.F.);
#2620=ORIENTED_EDGE('',*,*,#1894,.T.);
#2621=ORIENTED_EDGE('',*,*,#1895,.T.);
#2622=ORIENTED_EDGE('',*,*,#1793,.F.);
#2623=ORIENTED_EDGE('',*,*,#1892,.F.);
#2624=ORIENTED_EDGE('',*,*,#1861,.F.);
#2625=ORIENTED_EDGE('',*,*,#1896,.F.);
#2626=ORIENTED_EDGE('',*,*,#1897,.T.);
#2627=ORIENTED_EDGE('',*,*,#1862,.F.);
#2628=ORIENTED_EDGE('',*,*,#1580,.F.);
#2629=ORIENTED_EDGE('',*,*,#1895,.F.);
#2630=ORIENTED_EDGE('',*,*,#1898,.T.);
#2631=ORIENTED_EDGE('',*,*,#1899,.F.);
#2632=ORIENTED_EDGE('',*,*,#1900,.T.);
#2633=ORIENTED_EDGE('',*,*,#1896,.T.);
#2634=ORIENTED_EDGE('',*,*,#1860,.F.);
#2635=ORIENTED_EDGE('',*,*,#1854,.F.);
#2636=ORIENTED_EDGE('',*,*,#1800,.F.);
#2637=ORIENTED_EDGE('',*,*,#1794,.F.);
#2638=ORIENTED_EDGE('',*,*,#1893,.T.);
#2639=ORIENTED_EDGE('',*,*,#1883,.F.);
#2640=ORIENTED_EDGE('',*,*,#1886,.F.);
#2641=ORIENTED_EDGE('',*,*,#1889,.T.);
#2642=ORIENTED_EDGE('',*,*,#1901,.T.);
#2643=ORIENTED_EDGE('',*,*,#1898,.F.);
#2644=ORIENTED_EDGE('',*,*,#1894,.F.);
#2645=ORIENTED_EDGE('',*,*,#1902,.T.);
#2646=ORIENTED_EDGE('',*,*,#1863,.F.);
#2647=ORIENTED_EDGE('',*,*,#1897,.F.);
#2648=ORIENTED_EDGE('',*,*,#1900,.F.);
#2649=ORIENTED_EDGE('',*,*,#1902,.F.);
#2650=ORIENTED_EDGE('',*,*,#1899,.T.);
#2651=ORIENTED_EDGE('',*,*,#1901,.F.);
#2652=ORIENTED_EDGE('',*,*,#1888,.F.);
#2653=ORIENTED_EDGE('',*,*,#1903,.T.);
#2654=ORIENTED_EDGE('',*,*,#1582,.T.);
#2655=ORIENTED_EDGE('',*,*,#1864,.F.);
#2656=ORIENTED_EDGE('',*,*,#1903,.F.);
#2657=ORIENTED_EDGE('',*,*,#1887,.F.);
#2658=ORIENTED_EDGE('',*,*,#1752,.T.);
#2659=ORIENTED_EDGE('',*,*,#1753,.F.);
#2660=ORIENTED_EDGE('',*,*,#1757,.F.);
#2661=ORIENTED_EDGE('',*,*,#1765,.T.);
#2662=ORIENTED_EDGE('',*,*,#1771,.T.);
#2663=ORIENTED_EDGE('',*,*,#1775,.T.);
#2664=ORIENTED_EDGE('',*,*,#1768,.T.);
#2665=ORIENTED_EDGE('',*,*,#1796,.T.);
#2666=ORIENTED_EDGE('',*,*,#1802,.F.);
#2667=ORIENTED_EDGE('',*,*,#1797,.F.);
#2668=ORIENTED_EDGE('',*,*,#1787,.F.);
#2669=ORIENTED_EDGE('',*,*,#1783,.F.);
#2670=ORIENTED_EDGE('',*,*,#1782,.T.);
#2671=ORIENTED_EDGE('',*,*,#1777,.T.);
#2672=ORIENTED_EDGE('',*,*,#1744,.T.);
#2673=ORIENTED_EDGE('',*,*,#1749,.T.);
#2674=ORIENTED_EDGE('',*,*,#1748,.T.);
#2675=ORIENTED_EDGE('',*,*,#1729,.F.);
#2676=ORIENTED_EDGE('',*,*,#1904,.F.);
#2677=ORIENTED_EDGE('',*,*,#1905,.T.);
#2678=ORIENTED_EDGE('',*,*,#1906,.F.);
#2679=ORIENTED_EDGE('',*,*,#1525,.F.);
#2680=ORIENTED_EDGE('',*,*,#1907,.F.);
#2681=ORIENTED_EDGE('',*,*,#1908,.F.);
#2682=ORIENTED_EDGE('',*,*,#1904,.T.);
#2683=ORIENTED_EDGE('',*,*,#1909,.T.);
#2684=ORIENTED_EDGE('',*,*,#1905,.F.);
#2685=ORIENTED_EDGE('',*,*,#1909,.F.);
#2686=ORIENTED_EDGE('',*,*,#1910,.F.);
#2687=ORIENTED_EDGE('',*,*,#1911,.T.);
#2688=ORIENTED_EDGE('',*,*,#1720,.T.);
#2689=ORIENTED_EDGE('',*,*,#1911,.F.);
#2690=ORIENTED_EDGE('',*,*,#1910,.T.);
#2691=ORIENTED_EDGE('',*,*,#1912,.F.);
#2692=ORIENTED_EDGE('',*,*,#1913,.F.);
#2693=ORIENTED_EDGE('',*,*,#1914,.F.);
#2694=ORIENTED_EDGE('',*,*,#1523,.F.);
#2695=ORIENTED_EDGE('',*,*,#1522,.T.);
#2696=ORIENTED_EDGE('',*,*,#1906,.T.);
#2697=ORIENTED_EDGE('',*,*,#1915,.T.);
#2698=ORIENTED_EDGE('',*,*,#1912,.T.);
#2699=ORIENTED_EDGE('',*,*,#1908,.T.);
#2700=ORIENTED_EDGE('',*,*,#1916,.T.);
#2701=ORIENTED_EDGE('',*,*,#1913,.T.);
#2702=ORIENTED_EDGE('',*,*,#1915,.F.);
#2703=ORIENTED_EDGE('',*,*,#1524,.T.);
#2704=ORIENTED_EDGE('',*,*,#1914,.T.);
#2705=ORIENTED_EDGE('',*,*,#1916,.F.);
#2706=ORIENTED_EDGE('',*,*,#1907,.T.);
#2707=CYLINDRICAL_SURFACE('',#2887,18.);
#2708=CYLINDRICAL_SURFACE('',#3049,28.);
#2709=CYLINDRICAL_SURFACE('',#3050,25.);
#2710=CYLINDRICAL_SURFACE('',#3055,3.53986434685874);
#2711=CYLINDRICAL_SURFACE('',#3057,3.53986434685874);
#2712=ADVANCED_FACE('',(#176),#2707,.F.);
#2713=ADVANCED_FACE('',(#177,#15),#20,.F.);
#2714=ADVANCED_FACE('',(#178),#21,.F.);
#2715=ADVANCED_FACE('',(#179),#22,.T.);
#2716=ADVANCED_FACE('',(#180),#23,.T.);
#2717=ADVANCED_FACE('',(#181),#24,.T.);
#2718=ADVANCED_FACE('',(#182),#25,.T.);
#2719=ADVANCED_FACE('',(#183),#26,.F.);
#2720=ADVANCED_FACE('',(#184),#27,.F.);
#2721=ADVANCED_FACE('',(#185),#28,.T.);
#2722=ADVANCED_FACE('',(#186),#29,.T.);
#2723=ADVANCED_FACE('',(#187),#30,.T.);
#2724=ADVANCED_FACE('',(#188),#31,.T.);
#2725=ADVANCED_FACE('',(#189),#32,.T.);
#2726=ADVANCED_FACE('',(#190),#33,.T.);
#2727=ADVANCED_FACE('',(#191),#34,.F.);
#2728=ADVANCED_FACE('',(#192),#35,.T.);
#2729=ADVANCED_FACE('',(#193),#36,.F.);
#2730=ADVANCED_FACE('',(#194),#37,.T.);
#2731=ADVANCED_FACE('',(#195),#38,.F.);
#2732=ADVANCED_FACE('',(#196),#39,.F.);
#2733=ADVANCED_FACE('',(#197),#40,.F.);
#2734=ADVANCED_FACE('',(#198),#41,.F.);
#2735=ADVANCED_FACE('',(#199),#42,.F.);
#2736=ADVANCED_FACE('',(#200),#43,.T.);
#2737=ADVANCED_FACE('',(#201),#44,.T.);
#2738=ADVANCED_FACE('',(#202),#45,.F.);
#2739=ADVANCED_FACE('',(#203),#46,.F.);
#2740=ADVANCED_FACE('',(#204),#47,.F.);
#2741=ADVANCED_FACE('',(#205),#48,.F.);
#2742=ADVANCED_FACE('',(#206),#49,.F.);
#2743=ADVANCED_FACE('',(#207),#50,.F.);
#2744=ADVANCED_FACE('',(#208),#51,.F.);
#2745=ADVANCED_FACE('',(#209),#52,.T.);
#2746=ADVANCED_FACE('',(#210),#53,.T.);
#2747=ADVANCED_FACE('',(#211),#54,.T.);
#2748=ADVANCED_FACE('',(#212),#55,.F.);
#2749=ADVANCED_FACE('',(#213),#56,.F.);
#2750=ADVANCED_FACE('',(#214),#57,.T.);
#2751=ADVANCED_FACE('',(#215),#58,.F.);
#2752=ADVANCED_FACE('',(#216),#59,.F.);
#2753=ADVANCED_FACE('',(#217),#60,.F.);
#2754=ADVANCED_FACE('',(#218),#61,.F.);
#2755=ADVANCED_FACE('',(#219),#62,.F.);
#2756=ADVANCED_FACE('',(#220),#63,.T.);
#2757=ADVANCED_FACE('',(#221),#64,.T.);
#2758=ADVANCED_FACE('',(#222),#65,.T.);
#2759=ADVANCED_FACE('',(#223),#66,.F.);
#2760=ADVANCED_FACE('',(#224),#67,.T.);
#2761=ADVANCED_FACE('',(#225),#68,.F.);
#2762=ADVANCED_FACE('',(#226),#69,.T.);
#2763=ADVANCED_FACE('',(#227),#70,.T.);
#2764=ADVANCED_FACE('',(#228),#71,.F.);
#2765=ADVANCED_FACE('',(#229),#72,.T.);
#2766=ADVANCED_FACE('',(#230),#73,.F.);
#2767=ADVANCED_FACE('',(#231),#74,.T.);
#2768=ADVANCED_FACE('',(#232),#75,.F.);
#2769=ADVANCED_FACE('',(#233),#76,.F.);
#2770=ADVANCED_FACE('',(#234),#77,.T.);
#2771=ADVANCED_FACE('',(#235),#78,.T.);
#2772=ADVANCED_FACE('',(#236),#79,.T.);
#2773=ADVANCED_FACE('',(#237),#80,.T.);
#2774=ADVANCED_FACE('',(#238),#81,.T.);
#2775=ADVANCED_FACE('',(#239),#82,.T.);
#2776=ADVANCED_FACE('',(#240),#83,.T.);
#2777=ADVANCED_FACE('',(#241),#84,.F.);
#2778=ADVANCED_FACE('',(#242),#85,.T.);
#2779=ADVANCED_FACE('',(#243),#86,.T.);
#2780=ADVANCED_FACE('',(#244),#87,.F.);
#2781=ADVANCED_FACE('',(#245),#88,.T.);
#2782=ADVANCED_FACE('',(#246),#89,.T.);
#2783=ADVANCED_FACE('',(#247),#90,.F.);
#2784=ADVANCED_FACE('',(#248),#91,.F.);
#2785=ADVANCED_FACE('',(#249),#92,.F.);
#2786=ADVANCED_FACE('',(#250),#93,.F.);
#2787=ADVANCED_FACE('',(#251),#94,.F.);
#2788=ADVANCED_FACE('',(#252),#95,.F.);
#2789=ADVANCED_FACE('',(#253),#96,.F.);
#2790=ADVANCED_FACE('',(#254),#97,.T.);
#2791=ADVANCED_FACE('',(#255,#16),#98,.T.);
#2792=ADVANCED_FACE('',(#256),#99,.T.);
#2793=ADVANCED_FACE('',(#257),#100,.F.);
#2794=ADVANCED_FACE('',(#258),#101,.T.);
#2795=ADVANCED_FACE('',(#259),#102,.F.);
#2796=ADVANCED_FACE('',(#260),#103,.F.);
#2797=ADVANCED_FACE('',(#261),#104,.F.);
#2798=ADVANCED_FACE('',(#262),#105,.F.);
#2799=ADVANCED_FACE('',(#263),#106,.T.);
#2800=ADVANCED_FACE('',(#264),#107,.T.);
#2801=ADVANCED_FACE('',(#265),#108,.F.);
#2802=ADVANCED_FACE('',(#266),#109,.F.);
#2803=ADVANCED_FACE('',(#267),#110,.F.);
#2804=ADVANCED_FACE('',(#268),#111,.F.);
#2805=ADVANCED_FACE('',(#269),#112,.F.);
#2806=ADVANCED_FACE('',(#270),#113,.F.);
#2807=ADVANCED_FACE('',(#271),#114,.T.);
#2808=ADVANCED_FACE('',(#272),#115,.T.);
#2809=ADVANCED_FACE('',(#273),#116,.F.);
#2810=ADVANCED_FACE('',(#274),#117,.T.);
#2811=ADVANCED_FACE('',(#275),#118,.T.);
#2812=ADVANCED_FACE('',(#276),#119,.T.);
#2813=ADVANCED_FACE('',(#277),#120,.T.);
#2814=ADVANCED_FACE('',(#278),#121,.F.);
#2815=ADVANCED_FACE('',(#279),#122,.F.);
#2816=ADVANCED_FACE('',(#280),#123,.T.);
#2817=ADVANCED_FACE('',(#281),#124,.T.);
#2818=ADVANCED_FACE('',(#282),#125,.T.);
#2819=ADVANCED_FACE('',(#283),#126,.T.);
#2820=ADVANCED_FACE('',(#284),#127,.T.);
#2821=ADVANCED_FACE('',(#285),#128,.T.);
#2822=ADVANCED_FACE('',(#286),#129,.T.);
#2823=ADVANCED_FACE('',(#287),#130,.F.);
#2824=ADVANCED_FACE('',(#288),#131,.F.);
#2825=ADVANCED_FACE('',(#289),#132,.F.);
#2826=ADVANCED_FACE('',(#290),#133,.T.);
#2827=ADVANCED_FACE('',(#291),#134,.T.);
#2828=ADVANCED_FACE('',(#292),#135,.F.);
#2829=ADVANCED_FACE('',(#293),#136,.T.);
#2830=ADVANCED_FACE('',(#294),#137,.T.);
#2831=ADVANCED_FACE('',(#295),#138,.T.);
#2832=ADVANCED_FACE('',(#296),#139,.T.);
#2833=ADVANCED_FACE('',(#297),#140,.T.);
#2834=ADVANCED_FACE('',(#298),#141,.F.);
#2835=ADVANCED_FACE('',(#299),#142,.F.);
#2836=ADVANCED_FACE('',(#300),#143,.T.);
#2837=ADVANCED_FACE('',(#301),#144,.F.);
#2838=ADVANCED_FACE('',(#302),#145,.T.);
#2839=ADVANCED_FACE('',(#303),#146,.F.);
#2840=ADVANCED_FACE('',(#304),#147,.F.);
#2841=ADVANCED_FACE('',(#305),#148,.T.);
#2842=ADVANCED_FACE('',(#306),#149,.F.);
#2843=ADVANCED_FACE('',(#307),#150,.T.);
#2844=ADVANCED_FACE('',(#308),#151,.F.);
#2845=ADVANCED_FACE('',(#309),#152,.T.);
#2846=ADVANCED_FACE('',(#310),#153,.T.);
#2847=ADVANCED_FACE('',(#311),#154,.F.);
#2848=ADVANCED_FACE('',(#312),#155,.F.);
#2849=ADVANCED_FACE('',(#313),#156,.F.);
#2850=ADVANCED_FACE('',(#314),#157,.F.);
#2851=ADVANCED_FACE('',(#315),#158,.F.);
#2852=ADVANCED_FACE('',(#316),#159,.T.);
#2853=ADVANCED_FACE('',(#317),#160,.F.);
#2854=ADVANCED_FACE('',(#318),#161,.F.);
#2855=ADVANCED_FACE('',(#319),#162,.F.);
#2856=ADVANCED_FACE('',(#320),#163,.F.);
#2857=ADVANCED_FACE('',(#321),#164,.T.);
#2858=ADVANCED_FACE('',(#322),#165,.T.);
#2859=ADVANCED_FACE('',(#323),#166,.T.);
#2860=ADVANCED_FACE('',(#324),#167,.T.);
#2861=ADVANCED_FACE('',(#325),#168,.T.);
#2862=ADVANCED_FACE('',(#326),#169,.T.);
#2863=ADVANCED_FACE('',(#327),#170,.T.);
#2864=ADVANCED_FACE('',(#328),#171,.F.);
#2865=ADVANCED_FACE('',(#329,#17),#172,.F.);
#2866=ADVANCED_FACE('',(#330,#18),#173,.T.);
#2867=ADVANCED_FACE('',(#331),#2708,.T.);
#2868=ADVANCED_FACE('',(#332),#2709,.F.);
#2869=ADVANCED_FACE('',(#333,#19),#174,.T.);
#2870=ADVANCED_FACE('',(#334),#2710,.F.);
#2871=ADVANCED_FACE('',(#335),#175,.F.);
#2872=ADVANCED_FACE('',(#336),#2711,.F.);
#2873=CLOSED_SHELL('',(#2712,#2713,#2714,#2715,#2716,#2717,#2718,#2719,
#2720,#2721,#2722,#2723,#2724,#2725,#2726,#2727,#2728,#2729,#2730,#2731,
#2732,#2733,#2734,#2735,#2736,#2737,#2738,#2739,#2740,#2741,#2742,#2743,
#2744,#2745,#2746,#2747,#2748,#2749,#2750,#2751,#2752,#2753,#2754,#2755,
#2756,#2757,#2758,#2759,#2760,#2761,#2762,#2763,#2764,#2765,#2766,#2767,
#2768,#2769,#2770,#2771,#2772,#2773,#2774,#2775,#2776,#2777,#2778,#2779,
#2780,#2781,#2782,#2783,#2784,#2785,#2786,#2787,#2788,#2789,#2790,#2791,
#2792,#2793,#2794,#2795,#2796,#2797,#2798,#2799,#2800,#2801,#2802,#2803,
#2804,#2805,#2806,#2807,#2808,#2809,#2810,#2811,#2812,#2813,#2814,#2815,
#2816,#2817,#2818,#2819,#2820,#2821,#2822,#2823,#2824,#2825,#2826,#2827,
#2828,#2829,#2830,#2831,#2832,#2833,#2834,#2835,#2836,#2837,#2838,#2839,
#2840,#2841,#2842,#2843,#2844,#2845,#2846,#2847,#2848,#2849,#2850,#2851,
#2852,#2853,#2854,#2855,#2856,#2857,#2858,#2859,#2860,#2861,#2862,#2863,
#2864,#2865,#2866,#2867,#2868,#2869,#2870,#2871,#2872));
#2874=DERIVED_UNIT_ELEMENT(#2876,1.);
#2875=DERIVED_UNIT_ELEMENT(#4588,-3.);
#2876=(
MASS_UNIT()
NAMED_UNIT(*)
SI_UNIT(.KILO.,.GRAM.)
);
#2877=DERIVED_UNIT((#2874,#2875));
#2878=MEASURE_REPRESENTATION_ITEM('density measure',
POSITIVE_RATIO_MEASURE(7850.),#2877);
#2879=PROPERTY_DEFINITION_REPRESENTATION(#2884,#2881);
#2880=PROPERTY_DEFINITION_REPRESENTATION(#2885,#2882);
#2881=REPRESENTATION('material name',(#2883),#4585);
#2882=REPRESENTATION('density',(#2878),#4585);
#2883=DESCRIPTIVE_REPRESENTATION_ITEM('Steel','Steel');
#2884=PROPERTY_DEFINITION('material property','material name',#4595);
#2885=PROPERTY_DEFINITION('material property','density of part',#4595);
#2886=AXIS2_PLACEMENT_3D('',#3787,#3058,#3059);
#2887=AXIS2_PLACEMENT_3D('',#3788,#3060,#3061);
#2888=AXIS2_PLACEMENT_3D('',#3793,#3063,#3064);
#2889=AXIS2_PLACEMENT_3D('',#3796,#3066,#3067);
#2890=AXIS2_PLACEMENT_3D('',#3797,#3068,#3069);
#2891=AXIS2_PLACEMENT_3D('',#3942,#3142,#3143);
#2892=AXIS2_PLACEMENT_3D('',#3951,#3148,#3149);
#2893=AXIS2_PLACEMENT_3D('',#3959,#3154,#3155);
#2894=AXIS2_PLACEMENT_3D('',#3963,#3158,#3159);
#2895=AXIS2_PLACEMENT_3D('',#3965,#3161,#3162);
#2896=AXIS2_PLACEMENT_3D('',#3971,#3166,#3167);
#2897=AXIS2_PLACEMENT_3D('',#3975,#3170,#3171);
#2898=AXIS2_PLACEMENT_3D('',#3981,#3175,#3176);
#2899=AXIS2_PLACEMENT_3D('',#3985,#3179,#3180);
#2900=AXIS2_PLACEMENT_3D('',#3992,#3184,#3185);
#2901=AXIS2_PLACEMENT_3D('',#3998,#3189,#3190);
#2902=AXIS2_PLACEMENT_3D('',#4001,#3193,#3194);
#2903=AXIS2_PLACEMENT_3D('',#4005,#3197,#3198);
#2904=AXIS2_PLACEMENT_3D('',#4011,#3202,#3203);
#2905=AXIS2_PLACEMENT_3D('',#4017,#3207,#3208);
#2906=AXIS2_PLACEMENT_3D('',#4024,#3212,#3213);
#2907=AXIS2_PLACEMENT_3D('',#4028,#3216,#3217);
#2908=AXIS2_PLACEMENT_3D('',#4031,#3220,#3221);
#2909=AXIS2_PLACEMENT_3D('',#4035,#3224,#3225);
#2910=AXIS2_PLACEMENT_3D('',#4041,#3229,#3230);
#2911=AXIS2_PLACEMENT_3D('',#4044,#3233,#3234);
#2912=AXIS2_PLACEMENT_3D('',#4048,#3237,#3238);
#2913=AXIS2_PLACEMENT_3D('',#4052,#3241,#3242);
#2914=AXIS2_PLACEMENT_3D('',#4057,#3246,#3247);
#2915=AXIS2_PLACEMENT_3D('',#4058,#3248,#3249);
#2916=AXIS2_PLACEMENT_3D('',#4063,#3253,#3254);
#2917=AXIS2_PLACEMENT_3D('',#4065,#3256,#3257);
#2918=AXIS2_PLACEMENT_3D('',#4067,#3259,#3260);
#2919=AXIS2_PLACEMENT_3D('',#4069,#3262,#3263);
#2920=AXIS2_PLACEMENT_3D('',#4072,#3266,#3267);
#2921=AXIS2_PLACEMENT_3D('',#4073,#3268,#3269);
#2922=AXIS2_PLACEMENT_3D('',#4079,#3273,#3274);
#2923=AXIS2_PLACEMENT_3D('',#4083,#3278,#3279);
#2924=AXIS2_PLACEMENT_3D('',#4085,#3281,#3282);
#2925=AXIS2_PLACEMENT_3D('',#4088,#3285,#3286);
#2926=AXIS2_PLACEMENT_3D('',#4090,#3288,#3289);
#2927=AXIS2_PLACEMENT_3D('',#4091,#3290,#3291);
#2928=AXIS2_PLACEMENT_3D('',#4092,#3292,#3293);
#2929=AXIS2_PLACEMENT_3D('',#4093,#3294,#3295);
#2930=AXIS2_PLACEMENT_3D('',#4095,#3297,#3298);
#2931=AXIS2_PLACEMENT_3D('',#4097,#3300,#3301);
#2932=AXIS2_PLACEMENT_3D('',#4101,#3304,#3305);
#2933=AXIS2_PLACEMENT_3D('',#4103,#3307,#3308);
#2934=AXIS2_PLACEMENT_3D('',#4105,#3310,#3311);
#2935=AXIS2_PLACEMENT_3D('',#4110,#3315,#3316);
#2936=AXIS2_PLACEMENT_3D('',#4112,#3318,#3319);
#2937=AXIS2_PLACEMENT_3D('',#4114,#3321,#3322);
#2938=AXIS2_PLACEMENT_3D('',#4116,#3324,#3325);
#2939=AXIS2_PLACEMENT_3D('',#4119,#3328,#3329);
#2940=AXIS2_PLACEMENT_3D('',#4120,#3330,#3331);
#2941=AXIS2_PLACEMENT_3D('',#4124,#3334,#3335);
#2942=AXIS2_PLACEMENT_3D('',#4128,#3338,#3339);
#2943=AXIS2_PLACEMENT_3D('',#4130,#3341,#3342);
#2944=AXIS2_PLACEMENT_3D('',#4132,#3344,#3345);
#2945=AXIS2_PLACEMENT_3D('',#4134,#3347,#3348);
#2946=AXIS2_PLACEMENT_3D('',#4136,#3350,#3351);
#2947=AXIS2_PLACEMENT_3D('',#4140,#3354,#3355);
#2948=AXIS2_PLACEMENT_3D('',#4142,#3357,#3358);
#2949=AXIS2_PLACEMENT_3D('',#4144,#3360,#3361);
#2950=AXIS2_PLACEMENT_3D('',#4147,#3364,#3365);
#2951=AXIS2_PLACEMENT_3D('',#4149,#3367,#3368);
#2952=AXIS2_PLACEMENT_3D('',#4150,#3369,#3370);
#2953=AXIS2_PLACEMENT_3D('',#4152,#3372,#3373);
#2954=AXIS2_PLACEMENT_3D('',#4156,#3376,#3377);
#2955=AXIS2_PLACEMENT_3D('',#4160,#3380,#3381);
#2956=AXIS2_PLACEMENT_3D('',#4162,#3383,#3384);
#2957=AXIS2_PLACEMENT_3D('',#4164,#3386,#3387);
#2958=AXIS2_PLACEMENT_3D('',#4167,#3390,#3391);
#2959=AXIS2_PLACEMENT_3D('',#4168,#3392,#3393);
#2960=AXIS2_PLACEMENT_3D('',#4169,#3394,#3395);
#2961=AXIS2_PLACEMENT_3D('',#4171,#3397,#3398);
#2962=AXIS2_PLACEMENT_3D('',#4175,#3401,#3402);
#2963=AXIS2_PLACEMENT_3D('',#4177,#3404,#3405);
#2964=AXIS2_PLACEMENT_3D('',#4179,#3407,#3408);
#2965=AXIS2_PLACEMENT_3D('',#4181,#3410,#3411);
#2966=AXIS2_PLACEMENT_3D('',#4183,#3413,#3414);
#2967=AXIS2_PLACEMENT_3D('',#4185,#3416,#3417);
#2968=AXIS2_PLACEMENT_3D('',#4186,#3418,#3419);
#2969=AXIS2_PLACEMENT_3D('',#4188,#3420,#3421);
#2970=AXIS2_PLACEMENT_3D('',#4189,#3422,#3423);
#2971=AXIS2_PLACEMENT_3D('',#4199,#3429,#3430);
#2972=AXIS2_PLACEMENT_3D('',#4205,#3434,#3435);
#2973=AXIS2_PLACEMENT_3D('',#4220,#3443,#3444);
#2974=AXIS2_PLACEMENT_3D('',#4239,#3454,#3455);
#2975=AXIS2_PLACEMENT_3D('',#4246,#3460,#3461);
#2976=AXIS2_PLACEMENT_3D('',#4248,#3463,#3464);
#2977=AXIS2_PLACEMENT_3D('',#4254,#3468,#3469);
#2978=AXIS2_PLACEMENT_3D('',#4262,#3474,#3475);
#2979=AXIS2_PLACEMENT_3D('',#4274,#3482,#3483);
#2980=AXIS2_PLACEMENT_3D('',#4280,#3487,#3488);
#2981=AXIS2_PLACEMENT_3D('',#4287,#3492,#3493);
#2982=AXIS2_PLACEMENT_3D('',#4293,#3497,#3498);
#2983=AXIS2_PLACEMENT_3D('',#4300,#3503,#3504);
#2984=AXIS2_PLACEMENT_3D('',#4304,#3507,#3508);
#2985=AXIS2_PLACEMENT_3D('',#4314,#3514,#3515);
#2986=AXIS2_PLACEMENT_3D('',#4322,#3520,#3521);
#2987=AXIS2_PLACEMENT_3D('',#4326,#3524,#3525);
#2988=AXIS2_PLACEMENT_3D('',#4342,#3534,#3535);
#2989=AXIS2_PLACEMENT_3D('',#4348,#3539,#3540);
#2990=AXIS2_PLACEMENT_3D('',#4353,#3544,#3545);
#2991=AXIS2_PLACEMENT_3D('',#4359,#3549,#3550);
#2992=AXIS2_PLACEMENT_3D('',#4367,#3555,#3556);
#2993=AXIS2_PLACEMENT_3D('',#4375,#3561,#3562);
#2994=AXIS2_PLACEMENT_3D('',#4377,#3564,#3565);
#2995=AXIS2_PLACEMENT_3D('',#4387,#3571,#3572);
#2996=AXIS2_PLACEMENT_3D('',#4392,#3576,#3577);
#2997=AXIS2_PLACEMENT_3D('',#4396,#3580,#3581);
#2998=AXIS2_PLACEMENT_3D('',#4398,#3583,#3584);
#2999=AXIS2_PLACEMENT_3D('',#4401,#3587,#3588);
#3000=AXIS2_PLACEMENT_3D('',#4402,#3589,#3590);
#3001=AXIS2_PLACEMENT_3D('',#4408,#3594,#3595);
#3002=AXIS2_PLACEMENT_3D('',#4414,#3600,#3601);
#3003=AXIS2_PLACEMENT_3D('',#4416,#3603,#3604);
#3004=AXIS2_PLACEMENT_3D('',#4423,#3609,#3610);
#3005=AXIS2_PLACEMENT_3D('',#4425,#3612,#3613);
#3006=AXIS2_PLACEMENT_3D('',#4426,#3614,#3615);
#3007=AXIS2_PLACEMENT_3D('',#4427,#3616,#3617);
#3008=AXIS2_PLACEMENT_3D('',#4428,#3618,#3619);
#3009=AXIS2_PLACEMENT_3D('',#4432,#3622,#3623);
#3010=AXIS2_PLACEMENT_3D('',#4436,#3626,#3627);
#3011=AXIS2_PLACEMENT_3D('',#4440,#3630,#3631);
#3012=AXIS2_PLACEMENT_3D('',#4444,#3634,#3635);
#3013=AXIS2_PLACEMENT_3D('',#4446,#3637,#3638);
#3014=AXIS2_PLACEMENT_3D('',#4452,#3642,#3643);
#3015=AXIS2_PLACEMENT_3D('',#4461,#3649,#3650);
#3016=AXIS2_PLACEMENT_3D('',#4463,#3652,#3653);
#3017=AXIS2_PLACEMENT_3D('',#4468,#3657,#3658);
#3018=AXIS2_PLACEMENT_3D('',#4469,#3659,#3660);
#3019=AXIS2_PLACEMENT_3D('',#4475,#3664,#3665);
#3020=AXIS2_PLACEMENT_3D('',#4483,#3670,#3671);
#3021=AXIS2_PLACEMENT_3D('',#4485,#3673,#3674);
#3022=AXIS2_PLACEMENT_3D('',#4487,#3676,#3677);
#3023=AXIS2_PLACEMENT_3D('',#4491,#3680,#3681);
#3024=AXIS2_PLACEMENT_3D('',#4495,#3684,#3685);
#3025=AXIS2_PLACEMENT_3D('',#4499,#3688,#3689);
#3026=AXIS2_PLACEMENT_3D('',#4503,#3692,#3693);
#3027=AXIS2_PLACEMENT_3D('',#4505,#3695,#3696);
#3028=AXIS2_PLACEMENT_3D('',#4507,#3698,#3699);
#3029=AXIS2_PLACEMENT_3D('',#4509,#3701,#3702);
#3030=AXIS2_PLACEMENT_3D('',#4515,#3706,#3707);
#3031=AXIS2_PLACEMENT_3D('',#4519,#3710,#3711);
#3032=AXIS2_PLACEMENT_3D('',#4525,#3715,#3716);
#3033=AXIS2_PLACEMENT_3D('',#4527,#3718,#3719);
#3034=AXIS2_PLACEMENT_3D('',#4529,#3721,#3722);
#3035=AXIS2_PLACEMENT_3D('',#4530,#3723,#3724);
#3036=AXIS2_PLACEMENT_3D('',#4534,#3727,#3728);
#3037=AXIS2_PLACEMENT_3D('',#4538,#3731,#3732);
#3038=AXIS2_PLACEMENT_3D('',#4542,#3735,#3736);
#3039=AXIS2_PLACEMENT_3D('',#4548,#3740,#3741);
#3040=AXIS2_PLACEMENT_3D('',#4550,#3743,#3744);
#3041=AXIS2_PLACEMENT_3D('',#4552,#3746,#3747);
#3042=AXIS2_PLACEMENT_3D('',#4554,#3749,#3750);
#3043=AXIS2_PLACEMENT_3D('',#4555,#3751,#3752);
#3044=AXIS2_PLACEMENT_3D('',#4557,#3753,#3754);
#3045=AXIS2_PLACEMENT_3D('',#4558,#3755,#3756);
#3046=AXIS2_PLACEMENT_3D('',#4560,#3757,#3758);
#3047=AXIS2_PLACEMENT_3D('',#4562,#3759,#3760);
#3048=AXIS2_PLACEMENT_3D('',#4564,#3761,#3762);
#3049=AXIS2_PLACEMENT_3D('',#4566,#3764,#3765);
#3050=AXIS2_PLACEMENT_3D('',#4568,#3767,#3768);
#3051=AXIS2_PLACEMENT_3D('',#4570,#3769,#3770);
#3052=AXIS2_PLACEMENT_3D('',#4572,#3772,#3773);
#3053=AXIS2_PLACEMENT_3D('',#4574,#3774,#3775);
#3054=AXIS2_PLACEMENT_3D('',#4577,#3777,#3778);
#3055=AXIS2_PLACEMENT_3D('',#4578,#3779,#3780);
#3056=AXIS2_PLACEMENT_3D('',#4580,#3782,#3783);
#3057=AXIS2_PLACEMENT_3D('',#4582,#3785,#3786);
#3058=DIRECTION('axis',(0.,0.,1.));
#3059=DIRECTION('refdir',(1.,0.,0.));
#3060=DIRECTION('center_axis',(0.,1.,0.));
#3061=DIRECTION('ref_axis',(-0.425800644622943,0.,0.904817004171941));
#3062=DIRECTION('',(0.,1.,0.));
#3063=DIRECTION('center_axis',(0.,1.,0.));
#3064=DIRECTION('ref_axis',(0.,0.,1.));
#3065=DIRECTION('',(0.,1.,0.));
#3066=DIRECTION('center_axis',(0.,-1.,0.));
#3067=DIRECTION('ref_axis',(1.,0.,0.));
#3068=DIRECTION('center_axis',(0.,1.,0.));
#3069=DIRECTION('ref_axis',(0.,0.,1.));
#3070=DIRECTION('',(0.982513766892516,0.,-0.186189951035706));
#3071=DIRECTION('',(-0.99875433539556,0.,0.0498976705726236));
#3072=DIRECTION('',(0.965652922177405,0.,0.259835397685226));
#3073=DIRECTION('',(0.920721292508911,0.,0.390220836861283));
#3074=DIRECTION('',(0.772175768001378,0.,0.63540898900746));
#3075=DIRECTION('',(0.672897277434598,0.,0.739735935331727));
#3076=DIRECTION('',(0.580504336821921,0.,0.814257155283846));
#3077=DIRECTION('',(0.335975004226617,0.,0.941870902265764));
#3078=DIRECTION('',(-0.0226081483932663,0.,0.999744403148239));
#3079=DIRECTION('',(0.0836337165235467,0.,-0.996496563697266));
#3080=DIRECTION('',(-0.1399332419828,0.,0.990160940346661));
#3081=DIRECTION('',(0.369533011184151,0.,-0.929217602957012));
#3082=DIRECTION('',(0.487506329216308,0.,-0.873119452866582));
#3083=DIRECTION('',(0.506129980462146,0.,-0.862457212200923));
#3084=DIRECTION('',(0.53591801534673,0.,-0.844270028383587));
#3085=DIRECTION('',(0.783899434444448,0.,-0.620887813278434));
#3086=DIRECTION('',(0.790406172635513,0.,-0.612583122734931));
#3087=DIRECTION('',(-0.880663546986163,0.,0.473742247440261));
#3088=DIRECTION('',(0.977855669253402,0.,-0.209280410237033));
#3089=DIRECTION('',(0.999974008122675,0.,-0.00720992920026192));
#3090=DIRECTION('',(0.949508648988377,0.,0.313740857231358));
#3091=DIRECTION('',(-0.913468933468043,0.,-0.406908475690487));
#3092=DIRECTION('',(-0.7102144927672,0.,-0.703985350886955));
#3093=DIRECTION('',(0.695851420680329,0.,0.718185770074267));
#3094=DIRECTION('',(0.535918015346736,0.,0.844270028383583));
#3095=DIRECTION('',(0.506129980462145,0.,0.862457212200923));
#3096=DIRECTION('',(0.48750632921631,0.,0.873119452866581));
#3097=DIRECTION('',(0.369533011184151,0.,0.929217602957012));
#3098=DIRECTION('',(-0.139933241982808,0.,-0.990160940346659));
#3099=DIRECTION('',(0.0836337165235467,0.,0.996496563697266));
#3100=DIRECTION('',(-0.0226081483932663,0.,-0.999744403148239));
#3101=DIRECTION('',(0.335975004226617,0.,-0.941870902265764));
#3102=DIRECTION('',(0.580504336821921,0.,-0.814257155283846));
#3103=DIRECTION('',(0.698520398919965,0.,-0.715590142674348));
#3104=DIRECTION('',(0.729719326992089,0.,-0.683746812653787));
#3105=DIRECTION('',(0.959283926390036,0.,-0.28244353164786));
#3106=DIRECTION('',(-0.908742488074345,0.,0.417357269456815));
#3107=DIRECTION('',(0.924158802851055,0.,-0.382008517068541));
#3108=DIRECTION('',(-0.99875433539556,0.,0.0498976705726236));
#3109=DIRECTION('',(0.982513766892514,0.,-0.186189951035717));
#3110=DIRECTION('',(0.924158802851056,0.,-0.382008517068537));
#3111=DIRECTION('',(-0.908742488074345,0.,0.417357269456815));
#3112=DIRECTION('',(0.959283926390043,0.,-0.282443531647835));
#3113=DIRECTION('',(0.729719326992089,0.,-0.683746812653787));
#3114=DIRECTION('',(0.698520398919965,0.,-0.715590142674348));
#3115=DIRECTION('',(0.58050433682192,0.,-0.814257155283847));
#3116=DIRECTION('',(0.335975004226617,0.,-0.941870902265764));
#3117=DIRECTION('',(-0.0226081483932699,0.,-0.999744403148239));
#3118=DIRECTION('',(0.0836337165235474,0.,0.996496563697266));
#3119=DIRECTION('',(-0.139933241982772,0.,-0.990160940346664));
#3120=DIRECTION('',(0.506129980462145,0.,0.862457212200923));
#3121=DIRECTION('',(0.535918015346736,0.,0.844270028383583));
#3122=DIRECTION('',(0.695851420680329,0.,0.718185770074267));
#3123=DIRECTION('',(-0.710214492767199,0.,-0.703985350886956));
#3124=DIRECTION('',(-0.913468933468045,0.,-0.406908475690483));
#3125=DIRECTION('',(0.949508648988377,0.,0.313740857231358));
#3126=DIRECTION('',(0.999974008122675,0.,-0.00720992920026255));
#3127=DIRECTION('',(0.977855669253402,0.,-0.209280410237034));
#3128=DIRECTION('',(-0.880663546986163,0.,0.473742247440262));
#3129=DIRECTION('',(0.790406172635514,0.,-0.612583122734929));
#3130=DIRECTION('',(0.783899434444448,0.,-0.620887813278434));
#3131=DIRECTION('',(0.53591801534674,0.,-0.84427002838358));
#3132=DIRECTION('',(0.506129980462145,0.,-0.862457212200923));
#3133=DIRECTION('',(-0.139933241982802,0.,0.99016094034666));
#3134=DIRECTION('',(0.0836337165235474,0.,-0.996496563697266));
#3135=DIRECTION('',(-0.0226081483932699,0.,0.999744403148239));
#3136=DIRECTION('',(0.335975004226617,0.,0.941870902265764));
#3137=DIRECTION('',(0.58050433682192,0.,0.814257155283847));
#3138=DIRECTION('',(0.672897277434597,0.,0.739735935331728));
#3139=DIRECTION('',(0.772175768001378,0.,0.63540898900746));
#3140=DIRECTION('',(0.920721292508912,0.,0.390220836861282));
#3141=DIRECTION('',(0.965652922177404,0.,0.259835397685226));
#3142=DIRECTION('center_axis',(-0.134458070853664,-0.818461996222581,-0.558606290621273));
#3143=DIRECTION('ref_axis',(-0.972232041163112,0.,0.234018926875174));
#3144=DIRECTION('',(0.972232041163112,0.,-0.234018926875174));
#3145=DIRECTION('',(-0.211506520092816,0.574438944963447,-0.790749575066284));
#3146=DIRECTION('',(0.989665558568291,-0.0825684787868902,-0.117237061096448));
#3147=DIRECTION('',(0.841125027918685,-0.392288707240461,0.372314729201517));
#3148=DIRECTION('center_axis',(0.589342390986959,0.674582145537687,0.444538496766641));
#3149=DIRECTION('ref_axis',(0.602192662759359,0.,-0.798350798157547));
#3150=DIRECTION('',(0.722433366551791,-0.686347755871499,0.0837662754502233));
#3151=DIRECTION('',(-0.602192662759359,0.,0.798350798157547));
#3152=DIRECTION('',(0.197877589876487,0.412958300992887,-0.888993757607859));
#3153=DIRECTION('',(0.694890371048639,-0.142611243344942,-0.704832891893884));
#3154=DIRECTION('center_axis',(0.154416298681402,0.833934483982105,0.529819670385157));
#3155=DIRECTION('ref_axis',(0.960055721346333,0.,-0.27980888461622));
#3156=DIRECTION('',(0.274945228625043,-0.551339524665909,0.787673695001611));
#3157=DIRECTION('',(-0.960055721346333,0.,0.27980888461622));
#3158=DIRECTION('center_axis',(0.33866055167319,0.822278181655975,0.457348469673787));
#3159=DIRECTION('ref_axis',(0.803654754812133,0.,-0.595095820072574));
#3160=DIRECTION('',(-0.803654754812133,0.,0.595095820072575));
#3161=DIRECTION('center_axis',(-0.39488145816519,0.689856906022934,0.606766910114418));
#3162=DIRECTION('ref_axis',(0.838138644999946,0.,0.545457250165083));
#3163=DIRECTION('',(-0.838138644999946,0.,-0.545457250165084));
#3164=DIRECTION('',(0.807134323054992,0.575974278194246,-0.129567802347565));
#3165=DIRECTION('',(0.907375341121644,0.189320737416172,0.375270101005364));
#3166=DIRECTION('center_axis',(0.496941385262758,-0.781324919861486,-0.377598502667283));
#3167=DIRECTION('ref_axis',(-0.605005112409934,0.,-0.796221585965768));
#3168=DIRECTION('',(0.605005112409934,0.,0.796221585965768));
#3169=DIRECTION('',(0.503221406083203,0.61395831032407,-0.608131079327194));
#3170=DIRECTION('center_axis',(0.482098455163677,-0.783493483723684,-0.392070198422836));
#3171=DIRECTION('ref_axis',(-0.630946568931734,0.,-0.775826286711963));
#3172=DIRECTION('',(0.630946568931734,0.,0.775826286711963));
#3173=DIRECTION('',(0.851683245751788,0.52405691380393,0.));
#3174=DIRECTION('',(0.274880874594815,-0.289645532186495,0.916812941916938));
#3175=DIRECTION('center_axis',(-0.524041357843432,0.85165796462186,0.00770497019872415));
#3176=DIRECTION('ref_axis',(0.0147013921653826,0.,0.999891928694496));
#3177=DIRECTION('',(-0.0147013921653831,0.,-0.999891928694496));
#3178=DIRECTION('',(0.18630606277714,0.123455841414992,-0.974704419910465));
#3179=DIRECTION('center_axis',(-0.467600565948714,0.728949720964424,-0.49998201470686));
#3180=DIRECTION('ref_axis',(-0.730362171076002,0.,0.68306009915757));
#3181=DIRECTION('',(0.162411559664395,-0.485148815736557,-0.859216568669852));
#3182=DIRECTION('',(0.730362171076002,0.,-0.68306009915757));
#3183=DIRECTION('',(0.361366277910874,0.673846270345139,0.644473131426584));
#3184=DIRECTION('center_axis',(-0.815296049373685,0.573027590158076,-0.0832570284918295));
#3185=DIRECTION('ref_axis',(-0.101590437400851,0.,0.99482630796974));
#3186=DIRECTION('',(0.101590437400852,0.,-0.99482630796974));
#3187=DIRECTION('',(0.575024012241715,0.8181365322154,0.));
#3188=DIRECTION('',(0.324410285422857,0.571123513332513,0.754039719928988));
#3189=DIRECTION('center_axis',(-0.737762084864363,0.518533151147475,-0.432238912290019));
#3190=DIRECTION('ref_axis',(-0.505508576466693,0.,0.86282158011875));
#3191=DIRECTION('',(0.505508576466693,0.,-0.862821580118751));
#3192=DIRECTION('',(0.564832102755263,0.12350868642545,-0.815910718200544));
#3193=DIRECTION('center_axis',(0.684583873867182,0.727019865561,0.0527923736979839));
#3194=DIRECTION('ref_axis',(0.0768877232990608,0.,-0.99703975748507));
#3195=DIRECTION('',(0.405485520279477,-0.439999121273859,0.801237958487935));
#3196=DIRECTION('',(-0.0768877232990609,0.,0.99703975748507));
#3197=DIRECTION('center_axis',(0.761431024430909,0.647563781575023,-0.0297311928175129));
#3198=DIRECTION('ref_axis',(-0.0390167372511454,0.,-0.999238557209576));
#3199=DIRECTION('',(0.642581320640348,-0.747933140827113,0.166388891506003));
#3200=DIRECTION('',(0.0390167372511452,0.,0.999238557209576));
#3201=DIRECTION('',(0.208591892428707,-0.288179416360292,-0.934581214448082));
#3202=DIRECTION('center_axis',(-0.760412584078373,-0.595815315196998,0.258412097534061));
#3203=DIRECTION('ref_axis',(0.321759664337036,0.,0.946821376187567));
#3204=DIRECTION('',(-0.321759664337035,0.,-0.946821376187567));
#3205=DIRECTION('',(-0.394308346338686,0.107397726197352,-0.912681026654597));
#3206=DIRECTION('',(0.402288059108215,-0.74450455758266,-0.53280135251104));
#3207=DIRECTION('center_axis',(-0.154041906678467,0.860339955733737,-0.485887076958149));
#3208=DIRECTION('ref_axis',(-0.953241856485168,0.,0.302208476129824));
#3209=DIRECTION('',(0.525266355802546,-0.345207337965209,-0.777770627676879));
#3210=DIRECTION('',(0.953241856485168,0.,-0.302208476129824));
#3211=DIRECTION('',(0.193624203808544,0.508506395381288,0.839005907938577));
#3212=DIRECTION('center_axis',(-0.58328364805208,-0.656993834557288,0.477639285725921));
#3213=DIRECTION('ref_axis',(0.633561284679734,0.,0.773692509046692));
#3214=DIRECTION('',(-0.633561284679734,0.,-0.773692509046692));
#3215=DIRECTION('',(0.78925812651193,-0.597390076767536,0.142115115010878));
#3216=DIRECTION('center_axis',(-0.359479453885031,0.738431142508799,-0.570520788409738));
#3217=DIRECTION('ref_axis',(-0.846057168025999,0.,0.533092176299584));
#3218=DIRECTION('',(0.846057168025999,0.,-0.533092176299584));
#3219=DIRECTION('',(0.91894804795858,0.386408047168726,-0.0788879346691664));
#3220=DIRECTION('center_axis',(-0.107582165239164,-0.839027419111054,0.533347042461376));
#3221=DIRECTION('ref_axis',(0.980256736094283,0.,0.197728934002546));
#3222=DIRECTION('',(-0.980256736094283,0.,-0.197728934002545));
#3223=DIRECTION('',(0.916773802413049,0.123830520369172,0.3797259504356));
#3224=DIRECTION('center_axis',(-0.537197019303073,-0.55960218452065,0.631082211388984));
#3225=DIRECTION('ref_axis',(0.761476391582261,0.,0.64819264502373));
#3226=DIRECTION('',(-0.761476391582261,0.,-0.64819264502373));
#3227=DIRECTION('',(-0.611143663385934,-0.257422360974078,-0.748489913608562));
#3228=DIRECTION('',(0.270073976282411,-0.822938494276611,-0.499832253833976));
#3229=DIRECTION('center_axis',(-0.250840733609087,-0.56133350661366,0.788659381935742));
#3230=DIRECTION('ref_axis',(0.952959409517381,0.,0.303097944256116));
#3231=DIRECTION('',(-0.952959409517382,0.,-0.303097944256116));
#3232=DIRECTION('',(0.824896308310158,-0.550295354983983,-0.129310103314956));
#3233=DIRECTION('center_axis',(0.259724224111246,0.0292496157062485,-0.965239756428862));
#3234=DIRECTION('ref_axis',(-0.965652922177404,0.,-0.259835397685226));
#3235=DIRECTION('',(0.655302312904258,0.728842306799469,0.198413130920202));
#3236=DIRECTION('',(0.415299096745303,-0.905770476027963,0.0843000889596992));
#3237=DIRECTION('center_axis',(-0.181931255751215,0.212655913606939,-0.960040874436492));
#3238=DIRECTION('ref_axis',(-0.982513766892515,0.,0.186189951035711));
#3239=DIRECTION('',(0.920358175998854,0.380552089125733,-0.090116232356348));
#3240=DIRECTION('',(0.0466690682150789,-0.973367055538934,-0.224451716998116));
#3241=DIRECTION('center_axis',(0.0892588784945898,0.20720540497254,0.974217004963501));
#3242=DIRECTION('ref_axis',(0.995829024242249,0.,-0.0912389964693287));
#3243=DIRECTION('',(0.519683194542928,0.824735506740891,-0.223026279237455));
#3244=DIRECTION('',(-0.918410738648144,0.395628253712712,0.));
#3245=DIRECTION('',(0.422311107694776,-0.893719120637988,0.151391749192859));
#3246=DIRECTION('center_axis',(0.049566259867274,0.115063029269354,0.992120801706188));
#3247=DIRECTION('ref_axis',(0.99875433539556,0.,-0.0498976705726239));
#3248=DIRECTION('center_axis',(0.253768507914251,-0.45930839450001,-0.85125633221304));
#3249=DIRECTION('ref_axis',(-0.958323199041067,0.,-0.285686272298296));
#3250=DIRECTION('',(0.646391727007519,0.73522713294973,-0.204006858293432));
#3251=DIRECTION('',(-0.951137115815702,-0.278533127535065,-0.133257209123266));
#3252=DIRECTION('',(0.387968771063226,-0.757836980756522,0.524560142669579));
#3253=DIRECTION('center_axis',(0.239019607794321,-0.390969178212112,-0.888826602199774));
#3254=DIRECTION('ref_axis',(-0.96569204755115,0.,-0.259689948393209));
#3255=DIRECTION('',(-0.832080824773968,0.389353938814168,-0.395025330040198));
#3256=DIRECTION('center_axis',(0.413500678285215,-0.562255034663265,-0.716160921199613));
#3257=DIRECTION('ref_axis',(-0.866012324756714,0.,-0.500022652856321));
#3258=DIRECTION('',(-0.412900886048996,0.585231673275454,-0.697865851647124));
#3259=DIRECTION('center_axis',(0.388276579285136,-0.0996999709426556,-0.916133840534595));
#3260=DIRECTION('ref_axis',(-0.920721292508912,0.,-0.390220836861282));
#3261=DIRECTION('',(-0.0640163479936562,0.988810834834949,-0.134740640129721));
#3262=DIRECTION('center_axis',(0.712247521473724,-0.270071625217622,-0.647892572427598));
#3263=DIRECTION('ref_axis',(-0.672897277434597,0.,-0.739735935331728));
#3264=DIRECTION('',(0.330755644089772,0.943252678152445,-0.0295819042828462));
#3265=DIRECTION('',(-0.666012276962198,-0.551491089092976,-0.502280027063262));
#3266=DIRECTION('center_axis',(0.634108260594308,-0.0639527556186712,-0.770595068044716));
#3267=DIRECTION('ref_axis',(-0.772175768001378,0.,-0.63540898900746));
#3268=DIRECTION('center_axis',(-0.678977930004289,-0.117900887336863,-0.724629802956152));
#3269=DIRECTION('ref_axis',(-0.729719326992089,0.,0.683746812653787));
#3270=DIRECTION('',(0.230106116635122,0.90311056672453,-0.362549968083851));
#3271=DIRECTION('',(-0.715786628891925,-0.113116891170147,0.689096561326157));
#3272=DIRECTION('',(0.467499871833892,-0.830469684324172,-0.302925689326284));
#3273=DIRECTION('center_axis',(0.395062195881752,0.322468006489975,0.860197794798074));
#3274=DIRECTION('ref_axis',(0.908742488074345,0.,-0.417357269456815));
#3275=DIRECTION('',(0.274811833688423,-0.934972668018851,0.224286794356061));
#3276=DIRECTION('',(0.174280166444105,0.89305397331811,-0.414826499063105));
#3277=DIRECTION('',(-0.916335342782743,0.0718342842278562,0.393915441658111));
#3278=DIRECTION('center_axis',(0.382044167987476,0.326949401719041,0.864376273634532));
#3279=DIRECTION('ref_axis',(0.914643386691389,0.,-0.404261641986605));
#3280=DIRECTION('',(0.732636244772261,0.462944870666527,-0.498925023996144));
#3281=DIRECTION('center_axis',(0.846942864989878,0.322617274931671,0.422617885753077));
#3282=DIRECTION('ref_axis',(0.446492038399537,0.,-0.894787605885233));
#3283=DIRECTION('',(0.349007153813107,0.262304167001378,-0.899661342151027));
#3284=DIRECTION('',(0.0294303949495267,-0.822094758130659,0.568589536051455));
#3285=DIRECTION('center_axis',(-0.269537850987586,-0.298827828610812,-0.915451405445827));
#3286=DIRECTION('ref_axis',(-0.95928392639004,0.,0.282443531647848));
#3287=DIRECTION('',(0.777985241666431,-0.627819142517,-0.0241265007501019));
#3288=DIRECTION('center_axis',(-0.143199072941368,-0.611791299574748,-0.777949504321054));
#3289=DIRECTION('ref_axis',(-0.983477373308167,0.,0.181031091779474));
#3290=DIRECTION('center_axis',(0.57593147018127,0.697288171173048,0.426722565605556));
#3291=DIRECTION('ref_axis',(0.595323630105077,0.,-0.803486014463546));
#3292=DIRECTION('center_axis',(-0.374961223244755,0.191195384091454,-0.907109919560424));
#3293=DIRECTION('ref_axis',(-0.924158802851055,0.,0.38200851706854));
#3294=DIRECTION('center_axis',(-0.690357212153034,0.263210994410544,-0.673889376715276));
#3295=DIRECTION('ref_axis',(-0.698520398919965,0.,0.715590142674348));
#3296=DIRECTION('',(-0.330755644089771,-0.943252678152446,-0.0295819042828461));
#3297=DIRECTION('center_axis',(-0.77911286683002,0.290619074112839,-0.555449092628392));
#3298=DIRECTION('ref_axis',(-0.580504336821923,0.,0.814257155283845));
#3299=DIRECTION('',(0.207476899618842,-0.716571003802414,-0.665942439430131));
#3300=DIRECTION('center_axis',(-0.941135999207514,0.0394956806826312,-0.335712856773598));
#3301=DIRECTION('ref_axis',(-0.335975004226617,0.,0.941870902265764));
#3302=DIRECTION('',(-0.183411698065185,-0.893907777706801,0.409009821359017));
#3303=DIRECTION('',(0.337668084318576,0.064018651221761,-0.939085660165445));
#3304=DIRECTION('center_axis',(-0.97731440489325,0.210637374202502,0.0221009180177728));
#3305=DIRECTION('ref_axis',(0.0226081483932695,0.,0.999744403148239));
#3306=DIRECTION('',(-0.190271311452951,-0.827373955424877,-0.528440314437277));
#3307=DIRECTION('center_axis',(0.981454569905887,-0.173095060975843,-0.0823712757981827));
#3308=DIRECTION('ref_axis',(-0.0836337165235471,0.,-0.996496563697266));
#3309=DIRECTION('',(-0.109403694015228,-0.152938402512634,-0.982161227483913));
#3310=DIRECTION('center_axis',(0.854899017240765,0.20322629697491,-0.477332947258662));
#3311=DIRECTION('ref_axis',(-0.48750632921631,0.,-0.873119452866582));
#3312=DIRECTION('',(0.49486361859911,-0.0432201115280089,0.867895167025662));
#3313=DIRECTION('',(0.101438378313617,-0.967801602940503,-0.230369947586259));
#3314=DIRECTION('',(-0.374365913791051,0.878631988583823,-0.296405113364509));
#3315=DIRECTION('center_axis',(0.828660416779981,-0.277196097369746,-0.486296449981912));
#3316=DIRECTION('ref_axis',(-0.506129980462145,0.,-0.862457212200923));
#3317=DIRECTION('',(0.158339585301236,-0.717207090130967,0.678632865099019));
#3318=DIRECTION('center_axis',(-0.712757939211939,-0.232247908895323,0.661843658958897));
#3319=DIRECTION('ref_axis',(0.680449443737185,0.,0.732795028993616));
#3320=DIRECTION('',(0.610165432441639,-0.670688368835327,0.421752601607051));
#3321=DIRECTION('center_axis',(0.803939026067842,-0.305382596535307,-0.510317070161723));
#3322=DIRECTION('ref_axis',(-0.535918015346735,0.,-0.844270028383584));
#3323=DIRECTION('',(-0.433145504067779,-0.888657106456681,-0.150577287297619));
#3324=DIRECTION('center_axis',(-0.691119758101027,-0.19030699124833,0.697235060108416));
#3325=DIRECTION('ref_axis',(0.7102144927672,0.,0.703985350886955));
#3326=DIRECTION('',(0.702924546692727,0.0473596907311331,0.709685945577813));
#3327=DIRECTION('',(0.125149799427163,-0.981649039595988,-0.143884296445496));
#3328=DIRECTION('center_axis',(0.69958203372299,-0.226133990708066,-0.677826228718283));
#3329=DIRECTION('ref_axis',(-0.695851420680329,0.,-0.718185770074267));
#3330=DIRECTION('center_axis',(0.313240216481178,-0.0564701881933532,-0.947993504526393));
#3331=DIRECTION('ref_axis',(-0.949508648988377,0.,-0.313740857231358));
#3332=DIRECTION('',(-0.32772137409633,-0.943337098431809,-0.0520943344584405));
#3333=DIRECTION('',(-0.870891138987975,0.381003418947276,-0.310459367361839));
#3334=DIRECTION('center_axis',(0.77911286683002,-0.290619074112839,-0.555449092628392));
#3335=DIRECTION('ref_axis',(-0.580504336821923,0.,-0.814257155283845));
#3336=DIRECTION('',(-0.207476899618842,0.716571003802413,-0.665942439430132));
#3337=DIRECTION('',(0.61405201676487,0.532153731918684,0.582882943919286));
#3338=DIRECTION('center_axis',(-0.785741837536668,0.481876604653754,0.387820451538943));
#3339=DIRECTION('ref_axis',(0.442596612290797,0.,0.896720825446086));
#3340=DIRECTION('',(0.4441636120639,0.875905069722513,-0.188438304367101));
#3341=DIRECTION('center_axis',(0.941135999207514,-0.0394956806826312,-0.335712856773598));
#3342=DIRECTION('ref_axis',(-0.335975004226617,0.,-0.941870902265764));
#3343=DIRECTION('',(0.183411698065183,0.893907777706801,0.409009821359017));
#3344=DIRECTION('center_axis',(-0.888249631990317,0.458006680369909,0.0352487163681591));
#3345=DIRECTION('ref_axis',(0.0396521355753692,0.,0.999213544816278));
#3346=DIRECTION('',(0.0658056295563214,0.202813534396096,-0.97700373048646));
#3347=DIRECTION('center_axis',(0.97731440489325,-0.210637374202502,0.0221009180177728));
#3348=DIRECTION('ref_axis',(0.0226081483932695,0.,-0.999744403148239));
#3349=DIRECTION('',(0.19027131145295,0.827373955424877,-0.528440314437277));
#3350=DIRECTION('center_axis',(0.972698268434937,0.186979559286659,0.137465351971479));
#3351=DIRECTION('ref_axis',(0.139933241982808,0.,-0.990160940346659));
#3352=DIRECTION('',(-0.126901717605582,0.924471795099049,-0.359510575832053));
#3353=DIRECTION('',(-0.109403694015224,-0.152938402512634,0.982161227483913));
#3354=DIRECTION('center_axis',(-0.981454569905887,0.173095060975843,-0.0823712757981827));
#3355=DIRECTION('ref_axis',(-0.0836337165235471,0.,0.996496563697266));
#3356=DIRECTION('',(0.141625584411139,0.944332040052249,0.296949813892788));
#3357=DIRECTION('center_axis',(-0.896809177203416,-0.261797268307988,-0.356644767226729));
#3358=DIRECTION('ref_axis',(-0.369533011184174,0.,0.929217602957002));
#3359=DIRECTION('',(-0.374365913791055,0.878631988583819,0.296405113364517));
#3360=DIRECTION('center_axis',(-0.828660416779981,0.277196097369746,-0.486296449981912));
#3361=DIRECTION('ref_axis',(-0.506129980462145,0.,0.862457212200923));
#3362=DIRECTION('',(0.494863618599109,-0.0432201115280089,-0.867895167025662));
#3363=DIRECTION('',(-0.158339585301234,0.717207090130967,0.678632865099019));
#3364=DIRECTION('center_axis',(-0.803939026067842,0.305382596535307,-0.510317070161723));
#3365=DIRECTION('ref_axis',(-0.535918015346735,0.,0.844270028383584));
#3366=DIRECTION('',(0.433145504067778,0.888657106456681,-0.150577287297618));
#3367=DIRECTION('center_axis',(-0.854899017240765,-0.20322629697491,-0.477332947258662));
#3368=DIRECTION('ref_axis',(-0.48750632921631,0.,0.873119452866582));
#3369=DIRECTION('center_axis',(-0.612125717526967,0.167407450711437,-0.772836885369994));
#3370=DIRECTION('ref_axis',(-0.783899434444448,0.,0.620887813278434));
#3371=DIRECTION('',(-0.18057034394181,0.921919824408348,0.342721735890237));
#3372=DIRECTION('center_axis',(-0.603530595850917,0.171280127687027,-0.778725842470476));
#3373=DIRECTION('ref_axis',(-0.790406172635513,0.,0.612583122734931));
#3374=DIRECTION('',(-0.76063087276962,0.169251446593383,0.626733295123032));
#3375=DIRECTION('',(0.207698842939474,0.976709184655348,0.0538549835343927));
#3376=DIRECTION('center_axis',(0.468548854619089,-0.147664471611419,0.871009285058926));
#3377=DIRECTION('ref_axis',(0.880663546986163,0.,-0.473742247440261));
#3378=DIRECTION('',(0.742824069404754,0.599530013809046,-0.297953292405179));
#3379=DIRECTION('',(-0.423131039757061,0.827976753917033,0.367987252723681));
#3380=DIRECTION('center_axis',(-0.204102659031371,-0.22106416797082,-0.953662801107233));
#3381=DIRECTION('ref_axis',(-0.977855669253402,0.,0.209280410237034));
#3382=DIRECTION('',(-0.813102131705298,0.580786811351583,0.0393903944682018));
#3383=DIRECTION('center_axis',(0.900394542212324,0.268829592382177,0.342082327245784));
#3384=DIRECTION('ref_axis',(0.355156433080587,0.,-0.934806882752515));
#3385=DIRECTION('',(0.359602872541092,-0.902418037080397,-0.23733406921923));
#3386=DIRECTION('center_axis',(-0.972698268434937,-0.186979559286659,0.137465351971479));
#3387=DIRECTION('ref_axis',(0.139933241982808,0.,0.990160940346659));
#3388=DIRECTION('',(0.126901717605555,-0.924471795099048,-0.359510575832065));
#3389=DIRECTION('',(-0.232040367852024,0.793581632315833,-0.562481520174695));
#3390=DIRECTION('center_axis',(0.933051452490988,0.345020163922226,0.101863013363723));
#3391=DIRECTION('ref_axis',(0.108527089678142,0.,-0.994093491984528));
#3392=DIRECTION('center_axis',(0.896809177203416,0.261797268307988,-0.356644767226729));
#3393=DIRECTION('ref_axis',(-0.369533011184174,0.,-0.929217602957002));
#3394=DIRECTION('center_axis',(0.34984583717957,-0.706369360172404,0.615345607945449));
#3395=DIRECTION('ref_axis',(0.869324455688155,0.,-0.494241834269918));
#3396=DIRECTION('',(0.729851145672986,0.617309415857567,0.293677357406762));
#3397=DIRECTION('center_axis',(0.131870205228539,-0.548668381468879,0.82557450066563));
#3398=DIRECTION('ref_axis',(0.987481970364933,0.,-0.157731918786875));
#3399=DIRECTION('',(0.982482289700849,-0.0382893597589542,-0.182380030029129));
#3400=DIRECTION('',(-0.142279811716879,0.813747478469481,0.563534822759313));
#3401=DIRECTION('center_axis',(-0.400064017680115,-0.182642633870555,0.898103808059219));
#3402=DIRECTION('ref_axis',(0.913468933468045,0.,0.406908475690484));
#3403=DIRECTION('',(-0.783372032079185,-0.440473612060056,-0.438533073364935));
#3404=DIRECTION('center_axis',(-0.266082587290721,-0.579814145190641,0.770075070222067));
#3405=DIRECTION('ref_axis',(0.94516874312841,0.,0.326582374008553));
#3406=DIRECTION('',(0.962075210438212,-0.10993349674084,0.249651588728377));
#3407=DIRECTION('center_axis',(0.159675004679304,-0.331639018323191,0.929795383085061));
#3408=DIRECTION('ref_axis',(0.985572518648647,0.,-0.169253686768005));
#3409=DIRECTION('',(0.616361137272269,0.769221035040669,0.168516906307343));
#3410=DIRECTION('center_axis',(-0.272783222089246,-0.390325445972889,0.879338023727323));
#3411=DIRECTION('ref_axis',(0.955099423033889,0.,0.296285490904183));
#3412=DIRECTION('',(0.494783982181586,-0.840780250404764,-0.219721144876487));
#3413=DIRECTION('center_axis',(0.0295290730999329,-0.236426563212588,0.971200552949463));
#3414=DIRECTION('ref_axis',(0.999538096973131,0.,-0.0303906679645632));
#3415=DIRECTION('',(0.99229039679377,0.123934532842393,0.));
#3416=DIRECTION('center_axis',(-0.00719794601866745,0.05763085192766,-0.998312012588852));
#3417=DIRECTION('ref_axis',(-0.999974008122675,0.,0.00720992920026285));
#3418=DIRECTION('center_axis',(0.,1.,0.));
#3419=DIRECTION('ref_axis',(0.,0.,1.));
#3420=DIRECTION('center_axis',(0.,1.,0.));
#3421=DIRECTION('ref_axis',(0.,0.,1.));
#3422=DIRECTION('center_axis',(-0.972698268434937,-0.186979559286659,0.137465351971479));
#3423=DIRECTION('ref_axis',(0.139933241982808,0.,0.990160940346659));
#3424=DIRECTION('',(-0.109403694015228,-0.152938402512634,-0.982161227483913));
#3425=DIRECTION('',(-0.211689144284952,0.957611879478828,-0.195364260991952));
#3426=DIRECTION('',(-0.232040367852024,0.793581632315833,-0.562481520174695));
#3427=DIRECTION('',(0.126901717605555,-0.924471795099048,-0.359510575832065));
#3428=DIRECTION('',(-0.226036103881295,0.629077002242361,-0.743753860488757));
#3429=DIRECTION('center_axis',(0.828660416779981,-0.277196097369746,-0.486296449981912));
#3430=DIRECTION('ref_axis',(-0.506129980462145,0.,-0.862457212200923));
#3431=DIRECTION('',(0.421711996507103,-0.262116485073496,0.868017246519163));
#3432=DIRECTION('',(0.49486361859911,-0.0432201115280088,0.867895167025662));
#3433=DIRECTION('',(0.158339585301239,-0.717207090130964,0.678632865099021));
#3434=DIRECTION('center_axis',(-0.134458070853664,-0.818461996222581,-0.558606290621273));
#3435=DIRECTION('ref_axis',(-0.972232041163112,0.,0.234018926875174));
#3436=DIRECTION('',(0.972232041163112,0.,-0.234018926875175));
#3437=DIRECTION('',(0.841125027918686,-0.392288707240461,0.372314729201515));
#3438=DIRECTION('',(-0.878250081796378,-0.162639639184521,0.449694498065726));
#3439=DIRECTION('',(0.989665558568291,-0.0825684787868904,-0.117237061096447));
#3440=DIRECTION('',(-0.763906965208319,0.444678204402526,-0.467661675825122));
#3441=DIRECTION('',(0.458213103380159,-0.551189816399975,0.697302329113912));
#3442=DIRECTION('',(-0.211506520092816,0.574438944963448,-0.790749575066283));
#3443=DIRECTION('center_axis',(0.589342390986959,0.674582145537687,0.444538496766641));
#3444=DIRECTION('ref_axis',(0.602192662759359,0.,-0.798350798157547));
#3445=DIRECTION('',(0.72243336655179,-0.6863477558715,0.0837662754502234));
#3446=DIRECTION('',(0.629879207281077,-0.728238715040496,0.270038067966592));
#3447=DIRECTION('',(0.221014873909305,0.394634184055837,-0.891861136212044));
#3448=DIRECTION('',(0.332433717993187,0.299014031611943,-0.894471034768817));
#3449=DIRECTION('',(0.694890371048637,-0.14261124334494,-0.704832891893885));
#3450=DIRECTION('',(-0.789170388813093,0.598447272975123,0.138097642591139));
#3451=DIRECTION('',(-0.0290757231843435,-0.532183650347843,0.846129520004918));
#3452=DIRECTION('',(0.197877589876487,0.412958300992887,-0.888993757607859));
#3453=DIRECTION('',(-0.602192662759359,0.,0.798350798157547));
#3454=DIRECTION('center_axis',(0.154416298681402,0.833934483982105,0.529819670385157));
#3455=DIRECTION('ref_axis',(0.960055721346333,0.,-0.27980888461622));
#3456=DIRECTION('',(0.274945228625044,-0.551339524665909,0.787673695001612));
#3457=DIRECTION('',(0.883380689043813,0.12363020747333,-0.452055450165772));
#3458=DIRECTION('',(0.892442857967522,0.112353279747936,-0.436946776842034));
#3459=DIRECTION('',(-0.960055721346332,0.,0.27980888461622));
#3460=DIRECTION('center_axis',(0.33866055167319,0.822278181655975,0.457348469673787));
#3461=DIRECTION('ref_axis',(0.803654754812133,0.,-0.595095820072574));
#3462=DIRECTION('',(-0.803654754812133,0.,0.595095820072575));
#3463=DIRECTION('center_axis',(-0.39488145816519,0.689856906022934,0.606766910114418));
#3464=DIRECTION('ref_axis',(0.838138644999946,0.,0.545457250165083));
#3465=DIRECTION('',(0.907375341121644,0.189320737416172,0.375270101005364));
#3466=DIRECTION('',(0.807134323054992,0.575974278194246,-0.129567802347564));
#3467=DIRECTION('',(-0.838138644999946,0.,-0.545457250165084));
#3468=DIRECTION('center_axis',(0.496941385262758,-0.781324919861486,-0.377598502667283));
#3469=DIRECTION('ref_axis',(-0.605005112409934,0.,-0.796221585965768));
#3470=DIRECTION('',(0.605005112409934,0.,0.796221585965768));
#3471=DIRECTION('',(-0.861709224817259,-0.495694546823216,-0.108370328570898));
#3472=DIRECTION('',(-0.688672058211768,-0.0903286886723448,-0.719424439563393));
#3473=DIRECTION('',(0.503221406083201,0.613958310324069,-0.608131079327196));
#3474=DIRECTION('center_axis',(0.482098455163677,-0.783493483723684,-0.392070198422836));
#3475=DIRECTION('ref_axis',(-0.630946568931734,0.,-0.775826286711963));
#3476=DIRECTION('',(0.630946568931734,0.,0.775826286711963));
#3477=DIRECTION('',(-0.683428530437606,-0.0563046731879075,-0.727842859112527));
#3478=DIRECTION('',(0.562792806500378,-0.0660216148898851,0.82395716109441));
#3479=DIRECTION('',(0.274880874594815,-0.289645532186495,0.916812941916939));
#3480=DIRECTION('',(0.253758137174131,0.553199324296932,-0.793459082382534));
#3481=DIRECTION('',(0.851683245751785,0.524056913803934,0.));
#3482=DIRECTION('center_axis',(-0.524041357843432,0.85165796462186,0.00770497019872415));
#3483=DIRECTION('ref_axis',(0.0147013921653826,0.,0.999891928694496));
#3484=DIRECTION('',(0.0512119511327545,0.0224788246796912,0.998434794316683));
#3485=DIRECTION('',(0.186306062777141,0.123455841414992,-0.974704419910465));
#3486=DIRECTION('',(-0.0147013921653818,0.,-0.999891928694496));
#3487=DIRECTION('center_axis',(-0.467600565948714,0.728949720964424,-0.49998201470686));
#3488=DIRECTION('ref_axis',(-0.730362171076002,0.,0.68306009915757));
#3489=DIRECTION('',(0.162411559664395,-0.485148815736557,-0.859216568669852));
#3490=DIRECTION('',(0.361366277910873,0.673846270345139,0.644473131426584));
#3491=DIRECTION('',(0.730362171076002,0.,-0.68306009915757));
#3492=DIRECTION('center_axis',(-0.815296049373685,0.573027590158076,-0.0832570284918295));
#3493=DIRECTION('ref_axis',(-0.101590437400851,0.,0.99482630796974));
#3494=DIRECTION('',(0.324410285422857,0.571123513332513,0.754039719928988));
#3495=DIRECTION('',(0.575024012241715,0.8181365322154,-1.98359031584177E-16));
#3496=DIRECTION('',(0.101590437400851,0.,-0.99482630796974));
#3497=DIRECTION('center_axis',(-0.737762084864363,0.518533151147475,-0.432238912290019));
#3498=DIRECTION('ref_axis',(-0.505508576466693,0.,0.86282158011875));
#3499=DIRECTION('',(-0.451035170455063,-0.855035294060043,-0.255894355006569));
#3500=DIRECTION('',(0.564832102755263,0.12350868642545,-0.815910718200544));
#3501=DIRECTION('',(0.0522671788495626,-0.594497237474141,-0.802397143969694));
#3502=DIRECTION('',(0.505508576466693,0.,-0.862821580118751));
#3503=DIRECTION('center_axis',(0.684583873867182,0.727019865561,0.0527923736979839));
#3504=DIRECTION('ref_axis',(0.0768877232990608,0.,-0.99703975748507));
#3505=DIRECTION('',(0.405485520279477,-0.439999121273859,0.801237958487935));
#3506=DIRECTION('',(-0.0768877232990604,0.,0.99703975748507));
#3507=DIRECTION('center_axis',(0.761431024430909,0.647563781575023,-0.0297311928175129));
#3508=DIRECTION('ref_axis',(-0.0390167372511454,0.,-0.999238557209576));
#3509=DIRECTION('',(0.642581320640348,-0.747933140827113,0.166388891506004));
#3510=DIRECTION('',(0.441724263620727,-0.484736448195654,0.754924003274097));
#3511=DIRECTION('',(0.208591892428707,-0.288179416360292,-0.934581214448082));
#3512=DIRECTION('',(-0.43502500681637,0.544446484288143,0.717168926537324));
#3513=DIRECTION('',(0.0390167372511446,0.,0.999238557209576));
#3514=DIRECTION('center_axis',(-0.760412584078373,-0.595815315196998,0.258412097534061));
#3515=DIRECTION('ref_axis',(0.321759664337036,0.,0.946821376187567));
#3516=DIRECTION('',(-0.321759664337036,0.,-0.946821376187567));
#3517=DIRECTION('',(0.402288059108215,-0.744504557582659,-0.53280135251104));
#3518=DIRECTION('',(0.543918304047837,-0.801689392459378,-0.247885047027525));
#3519=DIRECTION('',(-0.394308346338687,0.107397726197352,-0.912681026654597));
#3520=DIRECTION('center_axis',(-0.58328364805208,-0.656993834557288,0.477639285725921));
#3521=DIRECTION('ref_axis',(0.633561284679734,0.,0.773692509046692));
#3522=DIRECTION('',(-0.633561284679734,0.,-0.773692509046692));
#3523=DIRECTION('',(0.78925812651193,-0.597390076767537,0.142115115010877));
#3524=DIRECTION('center_axis',(-0.359479453885031,0.738431142508799,-0.570520788409738));
#3525=DIRECTION('ref_axis',(-0.846057168025999,0.,0.533092176299584));
#3526=DIRECTION('',(0.342015072896693,-0.464583510945197,-0.816815677658861));
#3527=DIRECTION('',(-0.76638886068713,0.115175832051043,0.631967279157737));
#3528=DIRECTION('',(-0.774813942722881,0.104523714978155,0.623488690490364));
#3529=DIRECTION('',(0.91894804795858,0.386408047168727,-0.0788879346691661));
#3530=DIRECTION('',(-0.773532611159128,-0.577776136909632,-0.260426640517292));
#3531=DIRECTION('',(-0.374091806659994,-0.674150564885988,-0.636848754457261));
#3532=DIRECTION('',(0.41419192248729,0.674127857853519,0.611552681796187));
#3533=DIRECTION('',(0.846057168025999,0.,-0.533092176299584));
#3534=DIRECTION('center_axis',(-0.537197019303073,-0.55960218452065,0.631082211388984));
#3535=DIRECTION('ref_axis',(0.761476391582261,0.,0.64819264502373));
#3536=DIRECTION('',(-0.761476391582261,0.,-0.64819264502373));
#3537=DIRECTION('',(0.270073976282411,-0.822938494276611,-0.499832253833976));
#3538=DIRECTION('',(-0.611143663385934,-0.257422360974078,-0.748489913608562));
#3539=DIRECTION('center_axis',(-0.250840733609087,-0.56133350661366,0.788659381935742));
#3540=DIRECTION('ref_axis',(0.952959409517381,0.,0.303097944256116));
#3541=DIRECTION('',(0.824896308310158,-0.550295354983983,-0.129310103314956));
#3542=DIRECTION('',(-0.338709114004623,-0.712313760176525,-0.614723712860813));
#3543=DIRECTION('',(-0.952959409517381,0.,-0.303097944256116));
#3544=DIRECTION('center_axis',(0.259724224111246,0.0292496157062485,-0.965239756428862));
#3545=DIRECTION('ref_axis',(-0.965652922177404,0.,-0.259835397685226));
#3546=DIRECTION('',(0.655302312904258,0.728842306799469,0.198413130920202));
#3547=DIRECTION('',(0.554386830739749,-0.822934230363932,0.124235640609525));
#3548=DIRECTION('',(0.415299096745303,-0.905770476027963,0.0843000889596992));
#3549=DIRECTION('center_axis',(-0.181931255751215,0.212655913606939,-0.960040874436492));
#3550=DIRECTION('ref_axis',(-0.982513766892515,0.,0.186189951035711));
#3551=DIRECTION('',(0.920358175998853,0.380552089125734,-0.0901162323563564));
#3552=DIRECTION('',(-0.891872000596457,0.375459224863015,0.252179906053867));
#3553=DIRECTION('',(0.880952051357691,-0.398485636978077,-0.255211050565708));
#3554=DIRECTION('',(0.0466690682150803,-0.973367055538935,-0.224451716998111));
#3555=DIRECTION('center_axis',(0.0892588784945898,0.20720540497254,0.974217004963501));
#3556=DIRECTION('ref_axis',(0.995829024242249,0.,-0.0912389964693287));
#3557=DIRECTION('',(0.519683194542928,0.824735506740891,-0.223026279237454));
#3558=DIRECTION('',(0.422311107694776,-0.893719120637988,0.151391749192859));
#3559=DIRECTION('',(-0.918410738648144,0.395628253712712,0.));
#3560=DIRECTION('',(0.194045216858537,-0.962996564062125,0.187040293570303));
#3561=DIRECTION('center_axis',(0.049566259867274,0.115063029269354,0.992120801706188));
#3562=DIRECTION('ref_axis',(0.99875433539556,0.,-0.0498976705726239));
#3563=DIRECTION('',(0.554745315247761,-0.829199514055006,0.0684529115641207));
#3564=DIRECTION('center_axis',(0.253768507914251,-0.45930839450001,-0.85125633221304));
#3565=DIRECTION('ref_axis',(-0.958323199041067,0.,-0.285686272298296));
#3566=DIRECTION('',(0.646391727007519,0.735227132949731,-0.204006858293432));
#3567=DIRECTION('',(0.387968771063226,-0.757836980756522,0.524560142669578));
#3568=DIRECTION('',(-0.193205073303386,-0.886400016251405,0.420674233628994));
#3569=DIRECTION('',(-0.951137115815703,-0.278533127535065,-0.133257209123266));
#3570=DIRECTION('',(-0.562165093987107,0.646133652380603,-0.516218665260924));
#3571=DIRECTION('center_axis',(0.239019607794321,-0.390969178212112,-0.888826602199774));
#3572=DIRECTION('ref_axis',(-0.96569204755115,0.,-0.259689948393209));
#3573=DIRECTION('',(-0.832080824773968,0.389353938814168,-0.395025330040197));
#3574=DIRECTION('',(-0.481392143662923,0.747239307048015,-0.45814301481308));
#3575=DIRECTION('',(-0.0797617248676918,-0.920170437498727,0.383307230820829));
#3576=DIRECTION('center_axis',(0.413500678285215,-0.562255034663265,-0.716160921199613));
#3577=DIRECTION('ref_axis',(-0.866012324756714,0.,-0.500022652856321));
#3578=DIRECTION('',(0.735613604289558,-0.257212831042689,0.626669119018267));
#3579=DIRECTION('',(-0.412900886048996,0.585231673275454,-0.697865851647124));
#3580=DIRECTION('center_axis',(0.388276579285136,-0.0996999709426556,-0.916133840534595));
#3581=DIRECTION('ref_axis',(-0.920721292508912,0.,-0.390220836861282));
#3582=DIRECTION('',(-0.0640163479936561,0.988810834834949,-0.134740640129721));
#3583=DIRECTION('center_axis',(0.712247521473724,-0.270071625217622,-0.647892572427598));
#3584=DIRECTION('ref_axis',(-0.672897277434597,0.,-0.739735935331728));
#3585=DIRECTION('',(0.330755644089773,0.943252678152445,-0.0295819042828454));
#3586=DIRECTION('',(-0.666012276962198,-0.551491089092977,-0.502280027063262));
#3587=DIRECTION('center_axis',(0.634108260594308,-0.0639527556186712,-0.770595068044716));
#3588=DIRECTION('ref_axis',(-0.772175768001378,0.,-0.63540898900746));
#3589=DIRECTION('center_axis',(-0.678977930004289,-0.117900887336863,-0.724629802956152));
#3590=DIRECTION('ref_axis',(-0.729719326992089,0.,0.683746812653787));
#3591=DIRECTION('',(0.230106116635122,0.90311056672453,-0.362549968083851));
#3592=DIRECTION('',(0.467499871833892,-0.830469684324172,-0.302925689326284));
#3593=DIRECTION('',(-0.715786628891925,-0.113116891170146,0.689096561326157));
#3594=DIRECTION('center_axis',(0.395062195881752,0.322468006489975,0.860197794798074));
#3595=DIRECTION('ref_axis',(0.908742488074345,0.,-0.417357269456815));
#3596=DIRECTION('',(-0.916335342782743,0.0718342842278561,0.393915441658111));
#3597=DIRECTION('',(0.174280166444102,0.893053973318111,-0.414826499063103));
#3598=DIRECTION('',(-0.806417449124381,0.570235987297905,0.156594433292217));
#3599=DIRECTION('',(0.274811833688423,-0.934972668018851,0.224286794356061));
#3600=DIRECTION('center_axis',(0.382044167987476,0.326949401719041,0.864376273634532));
#3601=DIRECTION('ref_axis',(0.914643386691389,0.,-0.404261641986605));
#3602=DIRECTION('',(0.732636244772261,0.462944870666527,-0.498925023996144));
#3603=DIRECTION('center_axis',(0.846942864989878,0.322617274931671,0.422617885753077));
#3604=DIRECTION('ref_axis',(0.446492038399537,0.,-0.894787605885233));
#3605=DIRECTION('',(0.349007153813107,0.262304167001378,-0.899661342151027));
#3606=DIRECTION('',(0.0294303949495263,-0.822094758130659,0.568589536051455));
#3607=DIRECTION('',(-0.530044591821488,0.449956274200023,0.718743404831534));
#3608=DIRECTION('',(-0.240603945353131,0.941382326037393,-0.236450962579844));
#3609=DIRECTION('center_axis',(-0.269537850987586,-0.298827828610812,-0.915451405445827));
#3610=DIRECTION('ref_axis',(-0.95928392639004,0.,0.282443531647848));
#3611=DIRECTION('',(0.777985241666431,-0.627819142517,-0.0241265007501019));
#3612=DIRECTION('center_axis',(-0.143199072941368,-0.611791299574748,-0.777949504321054));
#3613=DIRECTION('ref_axis',(-0.983477373308167,0.,0.181031091779474));
#3614=DIRECTION('center_axis',(0.57593147018127,0.697288171173048,0.426722565605556));
#3615=DIRECTION('ref_axis',(0.595323630105077,0.,-0.803486014463546));
#3616=DIRECTION('center_axis',(-0.374961223244755,0.191195384091454,-0.907109919560424));
#3617=DIRECTION('ref_axis',(-0.924158802851055,0.,0.38200851706854));
#3618=DIRECTION('center_axis',(-0.690357212153034,0.263210994410544,-0.673889376715276));
#3619=DIRECTION('ref_axis',(-0.698520398919965,0.,0.715590142674348));
#3620=DIRECTION('',(0.434561789590301,-0.59384603281043,-0.677128451878511));
#3621=DIRECTION('',(-0.330755644089769,-0.943252678152446,-0.0295819042828495));
#3622=DIRECTION('center_axis',(-0.77911286683002,0.290619074112839,-0.555449092628392));
#3623=DIRECTION('ref_axis',(-0.580504336821923,0.,0.814257155283845));
#3624=DIRECTION('',(0.427590770831317,-0.401574314948605,-0.809879128187311));
#3625=DIRECTION('',(0.207476899618841,-0.716571003802412,-0.665942439430133));
#3626=DIRECTION('center_axis',(-0.941135999207514,0.0394956806826312,-0.335712856773598));
#3627=DIRECTION('ref_axis',(-0.335975004226617,0.,0.941870902265764));
#3628=DIRECTION('',(0.337668084318575,0.0640186512217612,-0.939085660165445));
#3629=DIRECTION('',(-0.183411698065183,-0.893907777706801,0.409009821359017));
#3630=DIRECTION('center_axis',(-0.97731440489325,0.210637374202502,0.0221009180177728));
#3631=DIRECTION('ref_axis',(0.0226081483932695,0.,0.999744403148239));
#3632=DIRECTION('',(-0.114313065892627,-0.612460063165994,0.782192555572433));
#3633=DIRECTION('',(-0.190271311452947,-0.827373955424877,-0.528440314437277));
#3634=DIRECTION('center_axis',(0.981454569905887,-0.173095060975843,-0.0823712757981827));
#3635=DIRECTION('ref_axis',(-0.0836337165235471,0.,-0.996496563697266));
#3636=DIRECTION('',(0.063060772160678,0.697320472927771,-0.71398003967218));
#3637=DIRECTION('center_axis',(0.854899017240765,0.20322629697491,-0.477332947258662));
#3638=DIRECTION('ref_axis',(-0.48750632921631,0.,-0.873119452866582));
#3639=DIRECTION('',(-0.374365913791051,0.878631988583823,-0.296405113364509));
#3640=DIRECTION('',(0.101438378313617,-0.967801602940504,-0.230369947586258));
#3641=DIRECTION('',(-0.503860625406773,0.106078097093559,-0.857246701645276));
#3642=DIRECTION('center_axis',(-0.712757939211939,-0.232247908895323,0.661843658958897));
#3643=DIRECTION('ref_axis',(0.680449443737185,0.,0.732795028993616));
#3644=DIRECTION('',(0.25703113809071,-0.964436173518561,-0.0616267901214356));
#3645=DIRECTION('',(-0.371332578880725,-0.675567413349451,-0.636962154199229));
#3646=DIRECTION('',(0.610165432441639,-0.670688368835327,0.421752601607051));
#3647=DIRECTION('',(-0.687599338260891,0.0450327383352971,-0.724692488232913));
#3648=DIRECTION('',(-0.590668976124636,-0.310130152005618,-0.744935869361146));
#3649=DIRECTION('center_axis',(0.803939026067842,-0.305382596535307,-0.510317070161723));
#3650=DIRECTION('ref_axis',(-0.535918015346735,0.,-0.844270028383584));
#3651=DIRECTION('',(-0.433145504067774,-0.888657106456684,-0.150577287297615));
#3652=DIRECTION('center_axis',(-0.691119758101027,-0.19030699124833,0.697235060108416));
#3653=DIRECTION('ref_axis',(0.7102144927672,0.,0.703985350886955));
#3654=DIRECTION('',(0.702924546692727,0.0473596907311332,0.709685945577814));
#3655=DIRECTION('',(-0.463491545694955,-0.623510976569585,-0.62961071239818));
#3656=DIRECTION('',(0.125149799427163,-0.981649039595988,-0.143884296445496));
#3657=DIRECTION('center_axis',(0.69958203372299,-0.226133990708066,-0.677826228718283));
#3658=DIRECTION('ref_axis',(-0.695851420680329,0.,-0.718185770074267));
#3659=DIRECTION('center_axis',(0.313240216481178,-0.0564701881933532,-0.947993504526393));
#3660=DIRECTION('ref_axis',(-0.949508648988377,0.,-0.313740857231358));
#3661=DIRECTION('',(-0.870891138987975,0.381003418947276,-0.310459367361839));
#3662=DIRECTION('',(0.949492843194125,0.038115493023896,0.311465166454745));
#3663=DIRECTION('',(-0.32772137409633,-0.943337098431809,-0.0520943344584416));
#3664=DIRECTION('center_axis',(0.77911286683002,-0.290619074112839,-0.555449092628392));
#3665=DIRECTION('ref_axis',(-0.580504336821923,0.,-0.814257155283845));
#3666=DIRECTION('',(-0.207476899618842,0.716571003802413,-0.665942439430132));
#3667=DIRECTION('',(0.210649579447643,0.955896574922913,-0.204666784626073));
#3668=DIRECTION('',(0.456202429723585,0.870557805308031,0.184413802985467));
#3669=DIRECTION('',(0.61405201676487,0.532153731918684,0.582882943919286));
#3670=DIRECTION('center_axis',(-0.785741837536668,0.481876604653754,0.387820451538943));
#3671=DIRECTION('ref_axis',(0.442596612290797,0.,0.896720825446086));
#3672=DIRECTION('',(0.4441636120639,0.875905069722513,-0.188438304367102));
#3673=DIRECTION('center_axis',(0.941135999207514,-0.0394956806826312,-0.335712856773598));
#3674=DIRECTION('ref_axis',(-0.335975004226617,0.,-0.941870902265764));
#3675=DIRECTION('',(0.183411698065183,0.893907777706801,0.409009821359017));
#3676=DIRECTION('center_axis',(-0.888249631990317,0.458006680369909,0.0352487163681591));
#3677=DIRECTION('ref_axis',(0.0396521355753692,0.,0.999213544816278));
#3678=DIRECTION('',(0.0658056295563217,0.202813534396096,-0.97700373048646));
#3679=DIRECTION('',(-0.445534500881629,-0.877658528795962,0.17667630105893));
#3680=DIRECTION('center_axis',(0.97731440489325,-0.210637374202502,0.0221009180177728));
#3681=DIRECTION('ref_axis',(0.0226081483932695,0.,-0.999744403148239));
#3682=DIRECTION('',(0.190271311452951,0.827373955424877,-0.528440314437277));
#3683=DIRECTION('',(0.198277544531096,0.946630539065004,0.254119337800608));
#3684=DIRECTION('center_axis',(0.972698268434937,0.186979559286659,0.137465351971479));
#3685=DIRECTION('ref_axis',(0.139933241982808,0.,-0.990160940346659));
#3686=DIRECTION('',(-0.226036103881299,0.629077002242365,0.743753860488752));
#3687=DIRECTION('',(-0.109403694015167,-0.152938402512637,0.982161227483919));
#3688=DIRECTION('center_axis',(-0.981454569905887,0.173095060975843,-0.0823712757981827));
#3689=DIRECTION('ref_axis',(-0.0836337165235471,0.,0.996496563697266));
#3690=DIRECTION('',(0.141625584411139,0.944332040052249,0.296949813892788));
#3691=DIRECTION('',(0.135104394922113,0.929438469723792,0.343352491574222));
#3692=DIRECTION('center_axis',(-0.828660416779981,0.277196097369746,-0.486296449981912));
#3693=DIRECTION('ref_axis',(-0.506129980462145,0.,0.862457212200923));
#3694=DIRECTION('',(-0.158339585301235,0.717207090130967,0.67863286509902));
#3695=DIRECTION('center_axis',(-0.803939026067842,0.305382596535307,-0.510317070161723));
#3696=DIRECTION('ref_axis',(-0.535918015346735,0.,0.844270028383584));
#3697=DIRECTION('',(0.433145504067779,0.888657106456681,-0.150577287297618));
#3698=DIRECTION('center_axis',(-0.612125717526967,0.167407450711437,-0.772836885369994));
#3699=DIRECTION('ref_axis',(-0.783899434444448,0.,0.620887813278434));
#3700=DIRECTION('',(-0.180570343941808,0.921919824408349,0.342721735890236));
#3701=DIRECTION('center_axis',(-0.603530595850917,0.171280127687027,-0.778725842470476));
#3702=DIRECTION('ref_axis',(-0.790406172635513,0.,0.612583122734931));
#3703=DIRECTION('',(0.207698842939474,0.976709184655348,0.0538549835343925));
#3704=DIRECTION('',(0.20621874911985,-0.909893644402258,-0.35995469629916));
#3705=DIRECTION('',(-0.76063087276962,0.169251446593383,0.626733295123032));
#3706=DIRECTION('center_axis',(0.468548854619089,-0.147664471611419,0.871009285058926));
#3707=DIRECTION('ref_axis',(0.880663546986163,0.,-0.473742247440261));
#3708=DIRECTION('',(0.742824069404754,0.599530013809047,-0.297953292405179));
#3709=DIRECTION('',(-0.423131039757061,0.827976753917032,0.367987252723681));
#3710=DIRECTION('center_axis',(-0.204102659031371,-0.22106416797082,-0.953662801107233));
#3711=DIRECTION('ref_axis',(-0.977855669253402,0.,0.209280410237034));
#3712=DIRECTION('',(-0.813102131705298,0.580786811351583,0.0393903944682014));
#3713=DIRECTION('',(-0.926575761088403,0.357992223060212,0.115320974639718));
#3714=DIRECTION('',(-0.978646145468985,0.070325292503566,0.193147806596364));
#3715=DIRECTION('center_axis',(0.900394542212324,0.268829592382177,0.342082327245784));
#3716=DIRECTION('ref_axis',(0.355156433080587,0.,-0.934806882752515));
#3717=DIRECTION('',(0.359602872541092,-0.902418037080397,-0.237334069219229));
#3718=DIRECTION('center_axis',(0.933051452490988,0.345020163922226,0.101863013363723));
#3719=DIRECTION('ref_axis',(0.108527089678142,0.,-0.994093491984528));
#3720=DIRECTION('',(-0.329437248488276,0.933232076304903,-0.143349192757107));
#3721=DIRECTION('center_axis',(0.896809177203416,0.261797268307988,-0.356644767226729));
#3722=DIRECTION('ref_axis',(-0.369533011184174,0.,-0.929217602957002));
#3723=DIRECTION('center_axis',(0.34984583717957,-0.706369360172404,0.615345607945449));
#3724=DIRECTION('ref_axis',(0.869324455688155,0.,-0.494241834269918));
#3725=DIRECTION('',(0.729851145672986,0.617309415857567,0.293677357406762));
#3726=DIRECTION('',(-0.893873983453166,-0.448272853769989,-0.00638359447954548));
#3727=DIRECTION('center_axis',(0.131870205228539,-0.548668381468879,0.82557450066563));
#3728=DIRECTION('ref_axis',(0.987481970364933,0.,-0.157731918786875));
#3729=DIRECTION('',(0.982482289700849,-0.0382893597589541,-0.182380030029129));
#3730=DIRECTION('',(-0.142279811716879,0.813747478469481,0.563534822759313));
#3731=DIRECTION('center_axis',(-0.400064017680115,-0.182642633870555,0.898103808059219));
#3732=DIRECTION('ref_axis',(0.913468933468045,0.,0.406908475690484));
#3733=DIRECTION('',(0.88882715360677,0.161612473853523,0.428797970268319));
#3734=DIRECTION('',(-0.783372032079185,-0.440473612060056,-0.438533073364934));
#3735=DIRECTION('center_axis',(-0.266082587290721,-0.579814145190641,0.770075070222067));
#3736=DIRECTION('ref_axis',(0.94516874312841,0.,0.326582374008553));
#3737=DIRECTION('',(0.567029085402603,-0.7401876923429,-0.361386491739218));
#3738=DIRECTION('',(-0.793415899948515,0.585425460810329,0.166638049508214));
#3739=DIRECTION('',(0.962075210438212,-0.10993349674084,0.249651588728377));
#3740=DIRECTION('center_axis',(0.159675004679304,-0.331639018323191,0.929795383085061));
#3741=DIRECTION('ref_axis',(0.985572518648647,0.,-0.169253686768005));
#3742=DIRECTION('',(0.616361137272269,0.769221035040668,0.168516906307343));
#3743=DIRECTION('center_axis',(-0.272783222089246,-0.390325445972889,0.879338023727323));
#3744=DIRECTION('ref_axis',(0.955099423033889,0.,0.296285490904183));
#3745=DIRECTION('',(0.494783982181586,-0.840780250404764,-0.219721144876488));
#3746=DIRECTION('center_axis',(0.0295290730999329,-0.236426563212588,0.971200552949463));
#3747=DIRECTION('ref_axis',(0.999538096973131,0.,-0.0303906679645632));
#3748=DIRECTION('',(0.99229039679377,0.123934532842393,0.));
#3749=DIRECTION('center_axis',(-0.00719794601866745,0.05763085192766,-0.998312012588852));
#3750=DIRECTION('ref_axis',(-0.999974008122675,0.,0.00720992920026285));
#3751=DIRECTION('center_axis',(0.,1.,0.));
#3752=DIRECTION('ref_axis',(0.,0.,1.));
#3753=DIRECTION('center_axis',(0.,1.,0.));
#3754=DIRECTION('ref_axis',(0.,0.,1.));
#3755=DIRECTION('center_axis',(0.,-1.,0.));
#3756=DIRECTION('ref_axis',(0.,0.,-1.));
#3757=DIRECTION('center_axis',(0.,-1.,0.));
#3758=DIRECTION('ref_axis',(0.,0.,-1.));
#3759=DIRECTION('center_axis',(0.,-1.,0.));
#3760=DIRECTION('ref_axis',(0.,0.,-1.));
#3761=DIRECTION('center_axis',(0.,-1.,0.));
#3762=DIRECTION('ref_axis',(0.,0.,-1.));
#3763=DIRECTION('',(0.900493551009689,0.,0.434869364970631));
#3764=DIRECTION('center_axis',(0.,1.,0.));
#3765=DIRECTION('ref_axis',(0.,0.,1.));
#3766=DIRECTION('',(0.,-1.,0.));
#3767=DIRECTION('center_axis',(0.,1.,0.));
#3768=DIRECTION('ref_axis',(0.,0.,1.));
#3769=DIRECTION('center_axis',(0.,1.,0.));
#3770=DIRECTION('ref_axis',(0.,0.,1.));
#3771=DIRECTION('',(0.,1.,0.));
#3772=DIRECTION('center_axis',(0.,1.,0.));
#3773=DIRECTION('ref_axis',(0.,0.,1.));
#3774=DIRECTION('center_axis',(0.,1.,0.));
#3775=DIRECTION('ref_axis',(0.,0.,1.));
#3776=DIRECTION('',(-0.900493551009689,0.,-0.434869364970631));
#3777=DIRECTION('center_axis',(0.,1.,0.));
#3778=DIRECTION('ref_axis',(0.,0.,1.));
#3779=DIRECTION('center_axis',(0.,1.,0.));
#3780=DIRECTION('ref_axis',(-0.871473003275724,0.,-0.490443477438114));
#3781=DIRECTION('',(0.,1.,0.));
#3782=DIRECTION('center_axis',(0.434869364970631,0.,-0.900493551009689));
#3783=DIRECTION('ref_axis',(-0.900493551009689,0.,-0.434869364970631));
#3784=DIRECTION('',(0.,1.,0.));
#3785=DIRECTION('center_axis',(0.,1.,0.));
#3786=DIRECTION('ref_axis',(0.,0.,1.));
#3787=CARTESIAN_POINT('',(0.,0.,0.));
#3788=CARTESIAN_POINT('Origin',(0.,22.,0.));
#3789=CARTESIAN_POINT('',(0.824703371592195,25.,-17.9810974178131));
#3790=CARTESIAN_POINT('',(0.824703371592196,22.,-17.9810974178131));
#3791=CARTESIAN_POINT('',(0.824703371592194,22.,-17.9810974178131));
#3792=CARTESIAN_POINT('',(13.3295589116087,25.,-12.0963986054508));
#3793=CARTESIAN_POINT('Origin',(0.,25.,0.));
#3794=CARTESIAN_POINT('',(13.3295589116087,22.,-12.0963986054508));
#3795=CARTESIAN_POINT('',(13.3295589116087,22.,-12.0963986054508));
#3796=CARTESIAN_POINT('Origin',(0.,22.,0.));
#3797=CARTESIAN_POINT('Origin',(0.,0.,0.));
#3798=CARTESIAN_POINT('',(9.63270636558799,-4.33680868994202E-16,48.3726715814263));
#3799=CARTESIAN_POINT('',(10.3431531470836,3.25260651745651E-16,48.2380393188388));
#3800=CARTESIAN_POINT('',(9.63270636558799,0.,48.3726715814263));
#3801=CARTESIAN_POINT('',(-3.92433365802284,-8.67361737988404E-16,49.0499799975846));
#3802=CARTESIAN_POINT('',(9.63270636558799,0.,48.3726715814263));
#3803=CARTESIAN_POINT('',(-14.7991509205975,-4.33680868994202E-16,46.1238122169251));
#3804=CARTESIAN_POINT('',(-14.7991509205975,0.,46.1238122169251));
#3805=CARTESIAN_POINT('',(-20.5373209711268,4.33680868994202E-16,43.6918563825289));
#3806=CARTESIAN_POINT('',(-20.5373209711268,0.,43.6918563825289));
#3807=CARTESIAN_POINT('',(-38.9932124508568,-1.73472347597681E-15,28.5048486670191));
#3808=CARTESIAN_POINT('',(-38.9932124508568,0.,28.5048486670191));
#3809=CARTESIAN_POINT('',(-40.2578116591767,-2.81892564846231E-15,27.1146372490852));
#3810=CARTESIAN_POINT('',(-40.2578116591766,0.,27.1146372490852));
#3811=CARTESIAN_POINT('',(-41.2024884804322,8.67361737988404E-16,25.7895655616809));
#3812=CARTESIAN_POINT('',(-41.2024884804322,0.,25.7895655616809));
#3813=CARTESIAN_POINT('',(-48.4416725683925,-4.33680868994202E-16,5.49526758469183));
#3814=CARTESIAN_POINT('',(-48.4416725683925,0.,5.49526758469184));
#3815=CARTESIAN_POINT('',(-48.3661200294863,6.50521303491303E-16,2.15429394097763));
#3816=CARTESIAN_POINT('',(-48.3661200294863,0.,2.15429394097763));
#3817=CARTESIAN_POINT('',(-46.886871424446,6.68817215151996E-15,-15.47096789181));
#3818=CARTESIAN_POINT('',(-48.3661200294863,0.,2.15429394097763));
#3819=CARTESIAN_POINT('',(-46.7927993286336,0.,-16.1366175511054));
#3820=CARTESIAN_POINT('',(-46.7927993286336,0.,-16.1366175511054));
#3821=CARTESIAN_POINT('',(-46.760933987749,0.,-16.2167452657561));
#3822=CARTESIAN_POINT('',(-46.7927993286336,0.,-16.1366175511054));
#3823=CARTESIAN_POINT('',(-45.5446407624983,-2.75793927626E-14,-18.3951154975097));
#3824=CARTESIAN_POINT('',(-46.760933987749,0.,-16.2167452657561));
#3825=CARTESIAN_POINT('',(-39.6796954787154,4.33680868994202E-16,-28.3891181340332));
#3826=CARTESIAN_POINT('',(-45.5446407624983,0.,-18.3951154975097));
#3827=CARTESIAN_POINT('',(-39.3098087347171,5.42101086242752E-16,-28.9718272106298));
#3828=CARTESIAN_POINT('',(-39.6796954787154,0.,-28.3891181340332));
#3829=CARTESIAN_POINT('',(-23.7978818969398,-4.33680868994202E-16,-41.2580541306278));
#3830=CARTESIAN_POINT('',(-39.3098087347171,0.,-28.9718272106298));
#3831=CARTESIAN_POINT('',(-21.7636173666742,8.67361737988404E-16,-42.8346563404308));
#3832=CARTESIAN_POINT('',(-23.7978818969398,0.,-41.2580541306278));
#3833=CARTESIAN_POINT('',(-16.6527026751649,3.90312782094782E-15,-45.5840107570149));
#3834=CARTESIAN_POINT('',(-16.6527026751649,0.,-45.5840107570149));
#3835=CARTESIAN_POINT('',(-2.20679516930738,-8.67361737988404E-16,-48.6757200389996));
#3836=CARTESIAN_POINT('',(-16.6527026751649,0.,-45.5840107570149));
#3837=CARTESIAN_POINT('',(5.67785535848057,0.,-48.7325692886925));
#3838=CARTESIAN_POINT('',(-2.20679516930738,0.,-48.6757200389996));
#3839=CARTESIAN_POINT('',(26.0911083620843,-7.04731412115578E-16,-41.9875317336847));
#3840=CARTESIAN_POINT('',(5.67785535848057,0.,-48.7325692886925));
#3841=CARTESIAN_POINT('',(26.8120293456103,-1.73472347597681E-15,-41.6663945304893));
#3842=CARTESIAN_POINT('',(26.8120293456103,0.,-41.6663945304893));
#3843=CARTESIAN_POINT('',(31.8122766028775,-3.27700106633744E-14,-36.7100033898165));
#3844=CARTESIAN_POINT('',(31.8122766028775,0.,-36.7100033898165));
#3845=CARTESIAN_POINT('',(39.3098087347171,1.13841228110978E-15,-28.9718272106298));
#3846=CARTESIAN_POINT('',(31.8122766028775,0.,-36.7100033898165));
#3847=CARTESIAN_POINT('',(39.6796954787154,-4.33680868994202E-16,-28.3891181340332));
#3848=CARTESIAN_POINT('',(39.3098087347171,0.,-28.9718272106298));
#3849=CARTESIAN_POINT('',(45.5446407624991,-8.29414661951411E-15,-18.3951154975082));
#3850=CARTESIAN_POINT('',(39.6796954787154,0.,-28.3891181340332));
#3851=CARTESIAN_POINT('',(46.760933987749,2.3039296165317E-16,-16.2167452657561));
#3852=CARTESIAN_POINT('',(45.5446407624991,0.,-18.3951154975082));
#3853=CARTESIAN_POINT('',(46.7927993286336,0.,-16.1366175511054));
#3854=CARTESIAN_POINT('',(46.760933987749,0.,-16.2167452657561));
#3855=CARTESIAN_POINT('',(46.886871424446,-1.53956708492942E-14,-15.4709678918101));
#3856=CARTESIAN_POINT('',(46.886871424446,0.,-15.4709678918101));
#3857=CARTESIAN_POINT('',(48.3661200294863,-6.50521303491303E-16,2.15429394097763));
#3858=CARTESIAN_POINT('',(46.886871424446,0.,-15.4709678918101));
#3859=CARTESIAN_POINT('',(48.4416725683925,4.33680868994202E-16,5.49526758469183));
#3860=CARTESIAN_POINT('',(48.4416725683925,0.,5.49526758469184));
#3861=CARTESIAN_POINT('',(41.2024884804322,-8.67361737988404E-16,25.7895655616809));
#3862=CARTESIAN_POINT('',(41.2024884804322,0.,25.7895655616809));
#3863=CARTESIAN_POINT('',(40.2578116591767,2.81892564846231E-15,27.1146372490852));
#3864=CARTESIAN_POINT('',(40.2578116591767,0.,27.1146372490852));
#3865=CARTESIAN_POINT('',(31.4378242970197,6.93889390390723E-15,36.1501586520828));
#3866=CARTESIAN_POINT('',(31.4378242970197,0.,36.1501586520828));
#3867=CARTESIAN_POINT('',(25.8898418212722,-7.58941520739853E-16,41.3486167360806));
#3868=CARTESIAN_POINT('',(25.8898418212722,0.,41.3486167360806));
#3869=CARTESIAN_POINT('',(25.3885658893337,1.73472347597681E-15,41.4962082266204));
#3870=CARTESIAN_POINT('',(25.3885658893337,0.,41.4962082266204));
#3871=CARTESIAN_POINT('',(14.0037376811991,4.33680868994202E-16,46.724907089651));
#3872=CARTESIAN_POINT('',(25.3885658893337,0.,41.4962082266204));
#3873=CARTESIAN_POINT('',(10.3431531470836,0.,48.2380393188388));
#3874=CARTESIAN_POINT('',(8.90862069419581,0.,45.3850215126564));
#3875=CARTESIAN_POINT('',(-3.66038092971557,0.,46.0129676253592));
#3876=CARTESIAN_POINT('',(8.90862069419581,0.,45.3850215126564));
#3877=CARTESIAN_POINT('',(9.52860709367805,0.,45.2675318231963));
#3878=CARTESIAN_POINT('',(8.90862069419581,0.,45.3850215126564));
#3879=CARTESIAN_POINT('',(10.0751898295,0.,45.0415974278062));
#3880=CARTESIAN_POINT('',(9.52860709367805,0.,45.2675318231963));
#3881=CARTESIAN_POINT('',(24.1115609436423,0.,38.5951270600625));
#3882=CARTESIAN_POINT('',(24.1115609436423,0.,38.5951270600625));
#3883=CARTESIAN_POINT('',(24.5468352269748,0.,38.4669685426124));
#3884=CARTESIAN_POINT('',(24.1115609436423,0.,38.5951270600625));
#3885=CARTESIAN_POINT('',(27.8727057887616,0.,35.3506287228978));
#3886=CARTESIAN_POINT('',(24.5468352269748,0.,38.4669685426124));
#3887=CARTESIAN_POINT('',(37.7480865371178,0.,25.233923284365));
#3888=CARTESIAN_POINT('',(27.8727057887616,0.,35.3506287228978));
#3889=CARTESIAN_POINT('',(38.6786695600805,0.,23.9286205726206));
#3890=CARTESIAN_POINT('',(37.7480865371178,0.,25.233923284365));
#3891=CARTESIAN_POINT('',(45.3650012737325,0.,5.18418659759244));
#3892=CARTESIAN_POINT('',(38.6786695600805,0.,23.9286205726206));
#3893=CARTESIAN_POINT('',(45.2917076332778,0.,1.94310265050016));
#3894=CARTESIAN_POINT('',(45.3650012737325,0.,5.18418659759244));
#3895=CARTESIAN_POINT('',(43.8704201083192,0.,-14.9915523369805));
#3896=CARTESIAN_POINT('',(43.8704201083192,0.,-14.9915523369805));
#3897=CARTESIAN_POINT('',(43.8541508233736,0.,-15.106673020617));
#3898=CARTESIAN_POINT('',(43.8704201083192,0.,-14.9915523369805));
#3899=CARTESIAN_POINT('',(37.422603589102,0.,-26.0661785072187));
#3900=CARTESIAN_POINT('',(37.422603589102,0.,-26.0661785072187));
#3901=CARTESIAN_POINT('',(36.6356850996872,0.,-27.3058675573506));
#3902=CARTESIAN_POINT('',(36.6356850996872,0.,-27.3058675573506));
#3903=CARTESIAN_POINT('',(28.7975501079575,0.,-35.3955787337362));
#3904=CARTESIAN_POINT('',(28.7975501079575,0.,-35.3955787337362));
#3905=CARTESIAN_POINT('',(25.0487783375579,0.,-39.1114708157145));
#3906=CARTESIAN_POINT('',(28.7975501079575,0.,-35.3955787337362));
#3907=CARTESIAN_POINT('',(24.5628725239753,9.62964972193618E-32,-39.3279195494261));
#3908=CARTESIAN_POINT('',(25.0487783375579,0.,-39.1114708157145));
#3909=CARTESIAN_POINT('',(5.20543297030467,0.,-45.7240905435959));
#3910=CARTESIAN_POINT('',(5.20543297030467,0.,-45.7240905435959));
#3911=CARTESIAN_POINT('',(-1.52649092985284,0.,-45.6755525873016));
#3912=CARTESIAN_POINT('',(-1.52649092985284,0.,-45.6755525873016));
#3913=CARTESIAN_POINT('',(-15.7311296927216,0.,-42.6354795775171));
#3914=CARTESIAN_POINT('',(-15.7311296927216,0.,-42.6354795775171));
#3915=CARTESIAN_POINT('',(-20.0420146792061,0.,-40.3164914134871));
#3916=CARTESIAN_POINT('',(-15.7311296927216,0.,-42.6354795775171));
#3917=CARTESIAN_POINT('',(-22.073848921159,0.,-38.7417727335139));
#3918=CARTESIAN_POINT('',(-22.073848921159,0.,-38.7417727335139));
#3919=CARTESIAN_POINT('',(-36.7605407850948,0.,-27.109173454812));
#3920=CARTESIAN_POINT('',(-36.7605407850948,0.,-27.109173454812));
#3921=CARTESIAN_POINT('',(-37.422603589102,0.,-26.0661785072187));
#3922=CARTESIAN_POINT('',(-37.422603589102,0.,-26.0661785072187));
#3923=CARTESIAN_POINT('',(-43.8541508233736,-1.62630325872826E-16,-15.1066730206171));
#3924=CARTESIAN_POINT('',(-43.8541508233736,0.,-15.1066730206171));
#3925=CARTESIAN_POINT('',(-43.8704201083192,0.,-14.9915523369805));
#3926=CARTESIAN_POINT('',(-43.8541508233736,0.,-15.1066730206171));
#3927=CARTESIAN_POINT('',(-45.2917076332778,0.,1.94310265050016));
#3928=CARTESIAN_POINT('',(-45.2917076332778,0.,1.94310265050016));
#3929=CARTESIAN_POINT('',(-45.3650012737325,0.,5.18418659759244));
#3930=CARTESIAN_POINT('',(-45.2917076332778,0.,1.94310265050016));
#3931=CARTESIAN_POINT('',(-38.6786695600805,0.,23.9286205726206));
#3932=CARTESIAN_POINT('',(-45.3650012737325,0.,5.18418659759244));
#3933=CARTESIAN_POINT('',(-37.7173227491918,0.,25.2770747870384));
#3934=CARTESIAN_POINT('',(-38.6786695600805,0.,23.9286205726206));
#3935=CARTESIAN_POINT('',(-36.326161059434,0.,26.8064200946819));
#3936=CARTESIAN_POINT('',(-37.7173227491918,0.,25.2770747870384));
#3937=CARTESIAN_POINT('',(-18.9875194351106,0.,41.0740638123676));
#3938=CARTESIAN_POINT('',(-36.326161059434,0.,26.8064200946819));
#3939=CARTESIAN_POINT('',(-13.7225645919254,0.,43.3054611979393));
#3940=CARTESIAN_POINT('',(-18.9875194351106,0.,41.0740638123676));
#3941=CARTESIAN_POINT('',(-13.7225645919254,0.,43.3054611979393));
#3942=CARTESIAN_POINT('Origin',(6.25583980925881,38.0800282632877,25.989897433336));
#3943=CARTESIAN_POINT('',(-6.2990933644642,35.,33.5247180139397));
#3944=CARTESIAN_POINT('',(7.5266078860455,35.,30.1968336890513));
#3945=CARTESIAN_POINT('',(-6.2990933644642,35.,33.5247180139397));
#3946=CARTESIAN_POINT('',(-5.46033307909966,32.7219776809216,36.6605520248413));
#3947=CARTESIAN_POINT('',(-5.46033307909966,32.7219776809216,36.6605520248413));
#3948=CARTESIAN_POINT('',(16.3044836372137,30.9061240404844,34.0822637081146));
#3949=CARTESIAN_POINT('',(-5.46033307909966,32.7219776809216,36.6605520248413));
#3950=CARTESIAN_POINT('',(7.5266078860455,35.,30.1968336890513));
#3951=CARTESIAN_POINT('Origin',(26.8790348810872,30.7666940260324,20.2747434145477));
#3952=CARTESIAN_POINT('',(30.4898692172243,35.,9.06372253783477));
#3953=CARTESIAN_POINT('',(39.8949682712555,26.0646864771843,10.1542454212904));
#3954=CARTESIAN_POINT('',(30.4898692172243,35.,9.06372253783477));
#3955=CARTESIAN_POINT('',(18.2661497574358,35.,25.2691942924379));
#3956=CARTESIAN_POINT('',(30.4898692172243,35.,9.06372253783477));
#3957=CARTESIAN_POINT('',(16.3044836372137,30.9061240404844,34.0822637081146));
#3958=CARTESIAN_POINT('',(16.3044836372137,30.9061240404844,34.0822637081146));
#3959=CARTESIAN_POINT('Origin',(7.15701235905139,38.6518745719549,24.5565135377242));
#3960=CARTESIAN_POINT('',(14.2629255567666,35.,28.2335293808162));
#3961=CARTESIAN_POINT('',(14.2629255567666,35.,28.2335293808162));
#3962=CARTESIAN_POINT('',(14.2629255567666,35.,28.2335293808162));
#3963=CARTESIAN_POINT('Origin',(15.7553653347156,38.2545091087476,21.2770344505231));
#3964=CARTESIAN_POINT('',(18.2661497574358,35.,25.2691942924379));
#3965=CARTESIAN_POINT('Origin',(-18.5491918027449,32.4053910399473,28.502315220288));
#3966=CARTESIAN_POINT('',(-20.0748376221385,35.,24.5595192051329));
#3967=CARTESIAN_POINT('',(-6.2990933644642,35.,33.5247180139397));
#3968=CARTESIAN_POINT('',(-30.6248124688864,27.4714957922697,26.2530874460936));
#3969=CARTESIAN_POINT('',(-30.6248124688864,27.4714957922697,26.2530874460936));
#3970=CARTESIAN_POINT('',(-30.6248124688864,27.4714957922697,26.2530874460936));
#3971=CARTESIAN_POINT('Origin',(-23.1554944486763,36.406637444573,17.5945902105087));
#3972=CARTESIAN_POINT('',(-24.4541907680128,35.,18.7960381439191));
#3973=CARTESIAN_POINT('',(-24.4541907680129,35.,18.7960381439191));
#3974=CARTESIAN_POINT('',(-30.6248124688864,27.4714957922697,26.2530874460936));
#3975=CARTESIAN_POINT('Origin',(-22.4566117132049,36.4958832689797,18.2630085535362));
#3976=CARTESIAN_POINT('',(-33.0701798920512,35.,8.20162147283554));
#3977=CARTESIAN_POINT('',(-33.0701798920512,35.,8.20162147283554));
#3978=CARTESIAN_POINT('',(-36.0370427370071,33.1744328141212,8.20162147283554));
#3979=CARTESIAN_POINT('',(-36.0370427370071,33.1744328141212,8.20162147283554));
#3980=CARTESIAN_POINT('',(-36.0370427370071,33.1744328141212,8.20162147283554));
#3981=CARTESIAN_POINT('Origin',(-24.7354668750505,40.1994175793104,0.363685102847806));
#3982=CARTESIAN_POINT('',(-33.2820962651514,35.,-6.21153536547218));
#3983=CARTESIAN_POINT('',(-33.0701798920512,35.,8.20162147283554));
#3984=CARTESIAN_POINT('',(-36.0370427370071,33.1744328141212,8.20162147283554));
#3985=CARTESIAN_POINT('Origin',(-21.5865659720657,33.6516300188638,-23.0814407237046));
#3986=CARTESIAN_POINT('',(-32.3613057691229,35.,-11.0386708410914));
#3987=CARTESIAN_POINT('',(-28.2444078475237,22.7021798491478,-32.8185670077801));
#3988=CARTESIAN_POINT('',(-32.3613057691229,35.,-11.0386708410914));
#3989=CARTESIAN_POINT('',(-21.6494058568551,35.,-21.0568121222314));
#3990=CARTESIAN_POINT('',(-32.3613057691228,35.,-11.0386708410914));
#3991=CARTESIAN_POINT('',(-28.2444078475237,22.7021798491478,-32.8185670077801));
#3992=CARTESIAN_POINT('Origin',(-38.8960470926721,27.3379322140848,-3.97201642704129));
#3993=CARTESIAN_POINT('',(-32.8794715698589,35.,-10.1542454212904));
#3994=CARTESIAN_POINT('',(-33.2820962651514,35.,-6.21153536547218));
#3995=CARTESIAN_POINT('',(-43.9342819154263,19.2713625729084,-10.1542454212904));
#3996=CARTESIAN_POINT('',(-43.9342819154263,19.2713625729084,-10.1542454212904));
#3997=CARTESIAN_POINT('',(-43.9342819154263,19.2713625729084,-10.1542454212904));
#3998=CARTESIAN_POINT('Origin',(-34.5235382358848,24.2647317305617,-20.2265973294428));
#3999=CARTESIAN_POINT('',(-32.8794715698589,35.,-10.1542454212904));
#4000=CARTESIAN_POINT('',(-43.9342819154263,19.2713625729084,-10.1542454212904));
#4001=CARTESIAN_POINT('Origin',(32.0365150194359,34.0223948176027,2.47052806449143));
#4002=CARTESIAN_POINT('',(31.6605421611085,35.,-6.11695154097462));
#4003=CARTESIAN_POINT('',(31.6605421611086,35.,-6.11695154097462));
#4004=CARTESIAN_POINT('',(31.6605421611086,35.,-6.11695154097462));
#4005=CARTESIAN_POINT('Origin',(35.7521681116431,30.4056551927144,-1.39599592039981));
#4006=CARTESIAN_POINT('',(31.452360914846,35.,-11.4485795244845));
#4007=CARTESIAN_POINT('',(43.9918674528599,20.4046294093132,-8.20162147283554));
#4008=CARTESIAN_POINT('',(31.452360914846,35.,-11.4485795244845));
#4009=CARTESIAN_POINT('',(31.452360914846,35.,-11.4485795244845));
#4010=CARTESIAN_POINT('',(39.8949682712555,26.0646864771843,10.1542454212904));
#4011=CARTESIAN_POINT('Origin',(36.2935486004574,28.4375253010941,-12.3336886016499));
#4012=CARTESIAN_POINT('',(30.3890617794166,35.,-14.5774811933147));
#4013=CARTESIAN_POINT('',(31.452360914846,35.,-11.4485795244845));
#4014=CARTESIAN_POINT('',(37.2891053557396,22.2302600741386,-23.7160883843899));
#4015=CARTESIAN_POINT('',(43.9918674528599,20.4046294093132,-8.20162147283554));
#4016=CARTESIAN_POINT('',(30.3890617794166,35.,-14.5774811933147));
#4017=CARTESIAN_POINT('Origin',(-7.17736442485211,40.0863214738781,-22.6392200398691));
#4018=CARTESIAN_POINT('',(-2.48220409459495,35.,-33.133874627188));
#4019=CARTESIAN_POINT('',(-1.12274312414229,34.1065563261509,-35.146851092577));
#4020=CARTESIAN_POINT('',(-2.48220409459494,35.,-33.133874627188));
#4021=CARTESIAN_POINT('',(-0.782546183517577,35.,-33.6727211158877));
#4022=CARTESIAN_POINT('',(-2.48220409459495,35.,-33.133874627188));
#4023=CARTESIAN_POINT('',(-1.12274312414229,34.1065563261509,-35.146851092577));
#4024=CARTESIAN_POINT('Origin',(27.8127169489646,31.3274401207373,-22.7752763204748));
#4025=CARTESIAN_POINT('',(20.4180165950003,35.,-26.7539243458482));
#4026=CARTESIAN_POINT('',(30.3890617794166,35.,-14.5774811933147));
#4027=CARTESIAN_POINT('',(20.4180165950003,35.,-26.7539243458482));
#4028=CARTESIAN_POINT('Origin',(-16.4069858066537,33.7027030151429,-26.0391139929604));
#4029=CARTESIAN_POINT('',(-21.6494058568551,35.,-21.0568121222314));
#4030=CARTESIAN_POINT('',(-28.2444078475237,22.7021798491478,-32.8185670077801));
#4031=CARTESIAN_POINT('Origin',(5.08229099107839,39.6365093037145,-25.1958571664162));
#4032=CARTESIAN_POINT('',(5.49182775607876,35.,-32.4071085218311));
#4033=CARTESIAN_POINT('',(5.49182775607876,35.,-32.4071085218311));
#4034=CARTESIAN_POINT('',(-1.12274312414229,34.1065563261509,-35.146851092577));
#4035=CARTESIAN_POINT('Origin',(25.4838207210523,26.5466881479249,-29.9375933919858));
#4036=CARTESIAN_POINT('',(18.7191914045735,35.,-28.2000177583145));
#4037=CARTESIAN_POINT('',(20.4180165950003,35.,-26.7539243458482));
#4038=CARTESIAN_POINT('',(24.656293913722,16.9091410934925,-39.187952876091));
#4039=CARTESIAN_POINT('',(37.2891053557396,22.2302600741386,-23.7160883843899));
#4040=CARTESIAN_POINT('',(18.7191914045735,35.,-28.2000177583145));
#4041=CARTESIAN_POINT('Origin',(11.6847676565292,26.1482714877845,-36.7376602096146));
#4042=CARTESIAN_POINT('',(18.7191914045735,35.,-28.2000177583145));
#4043=CARTESIAN_POINT('',(-1.12274312414229,34.1065563261509,-35.146851092577));
#4044=CARTESIAN_POINT('Origin',(-12.5613634776873,-1.41463529528723,46.6830826624166));
#4045=CARTESIAN_POINT('',(-7.5970864854753,8.01030173897743,48.3044609427452));
#4046=CARTESIAN_POINT('',(-14.7991509205975,8.67361737988404E-16,46.1238122169251));
#4047=CARTESIAN_POINT('',(-7.5970864854753,8.01030173897743,48.3044609427452));
#4048=CARTESIAN_POINT('Origin',(8.76767333783493,-10.2483631862253,46.2665128280046));
#4049=CARTESIAN_POINT('',(10.3293424472213,0.288046896457673,48.3044609427452));
#4050=CARTESIAN_POINT('',(9.63270636558799,8.67361737988404E-16,48.3726715814263));
#4051=CARTESIAN_POINT('',(10.3293424472213,0.288046896457673,48.3044609427452));
#4052=CARTESIAN_POINT('Origin',(4.28805879543231,9.95429221427499,46.8020645928984));
#4053=CARTESIAN_POINT('',(0.561869121156634,20.9585372358561,44.8029786348343));
#4054=CARTESIAN_POINT('',(-7.5970864854753,8.01030173897743,48.3044609427452));
#4055=CARTESIAN_POINT('',(10.3293424472213,0.288046896457672,48.3044609427452));
#4056=CARTESIAN_POINT('',(0.561869121156633,20.9585372358561,44.8029786348343));
#4057=CARTESIAN_POINT('Origin',(2.40242660028674,5.57698892283739,48.0870941462833));
#4058=CARTESIAN_POINT('Origin',(-12.0851330625405,21.8734905678293,40.5390965556725));
#4059=CARTESIAN_POINT('',(-21.4763730764389,14.5048089325428,41.7153537273407));
#4060=CARTESIAN_POINT('',(-21.4763730764389,14.5048089325428,41.7153537273407));
#4061=CARTESIAN_POINT('',(0.561869121156634,20.9585372358561,44.8029786348343));
#4062=CARTESIAN_POINT('',(-5.46033307909966,32.7219776809216,36.6605520248413));
#4063=CARTESIAN_POINT('Origin',(-11.4447186019601,18.7203563254425,42.5587274700332));
#4064=CARTESIAN_POINT('',(-7.5970864854753,8.01030173897743,48.3044609427452));
#4065=CARTESIAN_POINT('Origin',(-19.3976487919641,26.3758350751454,33.5956837738911));
#4066=CARTESIAN_POINT('',(-21.4763730764389,14.5048089325428,41.7153537273407));
#4067=CARTESIAN_POINT('Origin',(-18.6379548712011,4.78577297273622,43.9760265924378));
#4068=CARTESIAN_POINT('',(-20.5373209711268,1.73472347597681E-15,43.6918563825289));
#4069=CARTESIAN_POINT('Origin',(-32.9349654555729,12.488354650457,29.9591347789793));
#4070=CARTESIAN_POINT('',(-40.2578116591766,-5.63785129692462E-15,27.1146372490852));
#4071=CARTESIAN_POINT('',(-21.4763730764389,14.5048089325428,41.7153537273407));
#4072=CARTESIAN_POINT('Origin',(-29.6075380873824,2.98605737449032,35.9803274060797));
#4073=CARTESIAN_POINT('Origin',(32.279338117583,5.60513448012312,34.4496770602712));
#4074=CARTESIAN_POINT('',(30.7867582887411,19.2192066460848,33.6331464350224));
#4075=CARTESIAN_POINT('',(25.8898418212722,-1.30104260698261E-15,41.3486167360806));
#4076=CARTESIAN_POINT('',(40.7752394676208,1.47560646291822,27.1609146147966));
#4077=CARTESIAN_POINT('',(40.7752394676208,1.47560646291822,27.1609146147966));
#4078=CARTESIAN_POINT('',(30.7867582887411,19.2192066460848,33.6331464350224));
#4079=CARTESIAN_POINT('Origin',(18.0642226200997,14.744852627808,39.3325522526135));
#4080=CARTESIAN_POINT('',(16.3044836372137,30.9061240404844,34.0822637081146));
#4081=CARTESIAN_POINT('',(10.3293424472213,0.288046896457673,48.3044609427452));
#4082=CARTESIAN_POINT('',(14.0037376811991,1.19262238973405E-15,46.724907089651));
#4083=CARTESIAN_POINT('Origin',(17.4952052232731,14.9722135815681,39.5829633443323));
#4084=CARTESIAN_POINT('',(0.561869121156633,20.9585372358561,44.8029786348343));
#4085=CARTESIAN_POINT('Origin',(39.3735629141196,14.9981682316384,19.6471008862326));
#4086=CARTESIAN_POINT('',(30.7867582887411,19.2192066460848,33.6331464350224));
#4087=CARTESIAN_POINT('',(39.8949682712555,26.0646864771843,10.1542454212904));
#4088=CARTESIAN_POINT('Origin',(12.0836356650236,13.3967329422296,41.040548523742));
#4089=CARTESIAN_POINT('',(16.3044836372137,30.9061240404844,34.0822637081146));
#4090=CARTESIAN_POINT('Origin',(6.83878173870643,29.2174179727011,37.1526627547714));
#4091=CARTESIAN_POINT('Origin',(26.1959036705684,31.7157417303952,19.4092245369794));
#4092=CARTESIAN_POINT('Origin',(17.8614598463832,-9.10768491261875,43.2106212591172));
#4093=CARTESIAN_POINT('Origin',(31.8009850801445,-12.1246924908264,31.0424018715688));
#4094=CARTESIAN_POINT('',(40.7752394676208,1.47560646291822,27.1609146147966));
#4095=CARTESIAN_POINT('Origin',(36.1712339706313,-13.4923333622177,25.7873793946979));
#4096=CARTESIAN_POINT('',(40.7752394676208,1.47560646291822,27.1609146147966));
#4097=CARTESIAN_POINT('Origin',(44.6428180227115,-1.87347895190762,15.9245507402207));
#4098=CARTESIAN_POINT('',(49.0669868886471,3.04764276370406,4.10081073641777));
#4099=CARTESIAN_POINT('',(49.0669868886471,3.04764276370406,4.10081073641777));
#4100=CARTESIAN_POINT('',(40.7752394676208,1.47560646291822,27.1609146147966));
#4101=CARTESIAN_POINT('Origin',(46.1500507851012,-9.94656936193182,-1.04363394605749));
#4102=CARTESIAN_POINT('',(49.0669868886471,3.04764276370406,4.10081073641777));
#4103=CARTESIAN_POINT('Origin',(46.4146527194839,-8.18595927819872,-3.89547746524844));
#4104=CARTESIAN_POINT('',(49.0669868886471,3.04764276370406,4.10081073641777));
#4105=CARTESIAN_POINT('Origin',(40.7929285817244,9.69728079134176,-22.7767355378101));
#4106=CARTESIAN_POINT('',(39.56438601017,0.522300018928945,-28.8833267986774));
#4107=CARTESIAN_POINT('',(39.56438601017,0.522300018928945,-28.8833267986774));
#4108=CARTESIAN_POINT('',(37.2891053557396,22.2302600741386,-23.7160883843899));
#4109=CARTESIAN_POINT('',(46.760933987749,5.28548559086683E-16,-16.2167452657561));
#4110=CARTESIAN_POINT('Origin',(38.6872714193527,-12.9413212435077,-22.7034891129753));
#4111=CARTESIAN_POINT('',(39.56438601017,0.522300018928945,-28.8833267986774));
#4112=CARTESIAN_POINT('Origin',(33.8113692227792,11.017232312502,-31.3961291621058));
#4113=CARTESIAN_POINT('',(24.656293913722,16.9091410934925,-39.187952876091));
#4114=CARTESIAN_POINT('Origin',(37.2927274633585,-14.1659374347663,-23.6723368319661));
#4115=CARTESIAN_POINT('',(39.56438601017,0.522300018928945,-28.8833267986774));
#4116=CARTESIAN_POINT('Origin',(32.8845799637581,9.05511005583651,-33.1755557830822));
#4117=CARTESIAN_POINT('',(31.8122766028775,-6.5594231435373E-14,-36.7100033898165));
#4118=CARTESIAN_POINT('',(24.656293913722,16.9091410934925,-39.187952876091));
#4119=CARTESIAN_POINT('Origin',(32.9771080021197,-10.6595719659134,-31.9515763321664));
#4120=CARTESIAN_POINT('Origin',(15.0282293211607,-2.70925281406133,-45.4815921819843));
#4121=CARTESIAN_POINT('',(8.37105140089989,7.75229185819626,-48.3044609427452));
#4122=CARTESIAN_POINT('',(8.37105140089989,7.75229185819626,-48.3044609427452));
#4123=CARTESIAN_POINT('',(26.0911083620843,-1.40946282423116E-15,-41.9875317336847));
#4124=CARTESIAN_POINT('Origin',(-36.1712339706313,13.4923333622177,25.7873793946979));
#4125=CARTESIAN_POINT('',(-45.4393066465855,14.6328629925847,12.1905719861388));
#4126=CARTESIAN_POINT('',(-41.2024884804322,2.60208521396521E-15,25.7895655616809));
#4127=CARTESIAN_POINT('',(-45.4393066465855,14.6328629925847,12.1905719861388));
#4128=CARTESIAN_POINT('Origin',(-37.3090274773484,22.8807308264011,18.4147046670006));
#4129=CARTESIAN_POINT('',(-45.4393066465855,14.6328629925847,12.1905719861388));
#4130=CARTESIAN_POINT('Origin',(-44.6428180227115,1.87347895190762,15.9245507402207));
#4131=CARTESIAN_POINT('',(-48.4416725683925,0.,5.49526758469183));
#4132=CARTESIAN_POINT('Origin',(-42.1857271977052,21.7521563499192,1.67407075581277));
#4133=CARTESIAN_POINT('',(-45.4393066465855,14.6328629925847,12.1905719861388));
#4134=CARTESIAN_POINT('Origin',(-46.1500507851012,9.94656936193182,-1.04363394605749));
#4135=CARTESIAN_POINT('',(-48.3661200294863,3.03576608295941E-15,2.15429394097763));
#4136=CARTESIAN_POINT('Origin',(-46.4302934708831,-8.92518892287583,-6.5617024736597));
#4137=CARTESIAN_POINT('',(-46.8079447746277,0.11033371265512,-16.1795243620872));
#4138=CARTESIAN_POINT('',(-46.7927993286336,0.,-16.1366175511054));
#4139=CARTESIAN_POINT('',(-46.8079447746277,0.11033371265512,-16.1795243620872));
#4140=CARTESIAN_POINT('Origin',(-46.4146527194839,8.18595927819872,-3.89547746524844));
#4141=CARTESIAN_POINT('',(-46.8079447746277,0.11033371265512,-16.1795243620872));
#4142=CARTESIAN_POINT('Origin',(-42.7950631904097,-12.4927698390131,-17.018821548628));
#4143=CARTESIAN_POINT('',(-46.760933987749,3.46944695195361E-15,-16.2167452657561));
#4144=CARTESIAN_POINT('Origin',(-38.6872714193527,12.9413212435077,-22.7034891129753));
#4145=CARTESIAN_POINT('',(-46.8079447746277,0.11033371265512,-16.1795243620872));
#4146=CARTESIAN_POINT('',(-39.6796954787154,2.81892564846231E-15,-28.3891181340332));
#4147=CARTESIAN_POINT('Origin',(-37.2927274633585,14.1659374347663,-23.6723368319661));
#4148=CARTESIAN_POINT('',(-39.3098087347171,5.42101086242752E-16,-28.9718272106298));
#4149=CARTESIAN_POINT('Origin',(-40.7929285817244,-9.69728079134176,-22.7767355378101));
#4150=CARTESIAN_POINT('Origin',(-28.4351014100146,7.77658526912328,-35.9006239726032));
#4151=CARTESIAN_POINT('',(-23.7978818969398,1.73472347597681E-15,-41.2580541306278));
#4152=CARTESIAN_POINT('Origin',(-28.059020247364,7.96306368522291,-36.2041035388073));
#4153=CARTESIAN_POINT('',(-17.4468792974949,20.2995724976063,-41.7153537273407));
#4154=CARTESIAN_POINT('',(-17.4468792974949,20.2995724976063,-41.7153537273407));
#4155=CARTESIAN_POINT('',(-21.7636173666742,1.73472347597681E-15,-42.8346563404308));
#4156=CARTESIAN_POINT('Origin',(-22.2592105203667,7.01505195792102,-41.3787780082876));
#4157=CARTESIAN_POINT('',(-9.8703783005476,5.47398393973708,-48.3044609427452));
#4158=CARTESIAN_POINT('',(-16.6527026751649,7.80625564189563E-15,-45.5840107570149));
#4159=CARTESIAN_POINT('',(-9.8703783005476,5.47398393973708,-48.3044609427452));
#4160=CARTESIAN_POINT('Origin',(-9.56642149530087,-10.3614182115668,-44.6987822847463));
#4161=CARTESIAN_POINT('',(-2.20679516930738,0.,-48.6757200389996));
#4162=CARTESIAN_POINT('Origin',(41.7798902280979,12.4741658608845,15.873221583712));
#4163=CARTESIAN_POINT('',(39.8949682712555,26.0646864771843,10.1542454212904));
#4164=CARTESIAN_POINT('Origin',(46.4302934708831,8.92518892287583,-6.5617024736597));
#4165=CARTESIAN_POINT('',(43.9918674528599,20.4046294093132,-8.20162147283554));
#4166=CARTESIAN_POINT('',(49.0669868886471,3.04764276370406,4.10081073641777));
#4167=CARTESIAN_POINT('Origin',(44.0878404751465,16.302631443424,4.81315394934334));
#4168=CARTESIAN_POINT('Origin',(42.7950631904097,12.4927698390131,-17.018821548628));
#4169=CARTESIAN_POINT('Origin',(-16.1321170734645,32.5721560881699,-28.3748621051131));
#4170=CARTESIAN_POINT('',(-17.4468792974949,20.2995724976063,-41.7153537273407));
#4171=CARTESIAN_POINT('Origin',(-6.3136275484482,26.2689195197727,-39.526517014708));
#4172=CARTESIAN_POINT('',(1.41990091651678,19.5642951875925,-45.2176295220852));
#4173=CARTESIAN_POINT('',(-17.4468792974949,20.2995724976063,-41.7153537273407));
#4174=CARTESIAN_POINT('',(1.41990091651678,19.5642951875925,-45.2176295220852));
#4175=CARTESIAN_POINT('Origin',(19.2619925881361,8.79374526180276,-43.2412517239821));
#4176=CARTESIAN_POINT('',(24.656293913722,16.9091410934925,-39.187952876091));
#4177=CARTESIAN_POINT('Origin',(12.3841315846787,26.985962297689,-35.8411690776708));
#4178=CARTESIAN_POINT('',(1.41990091651678,19.5642951875925,-45.2176295220852));
#4179=CARTESIAN_POINT('Origin',(-7.71305385773383,16.0197246575331,-44.9134908798715));
#4180=CARTESIAN_POINT('',(-9.8703783005476,5.47398393973708,-48.3044609427452));
#4181=CARTESIAN_POINT('Origin',(13.0350412978118,18.651837414615,-42.0194738013316));
#4182=CARTESIAN_POINT('',(1.41990091651678,19.5642951875925,-45.2176295220852));
#4183=CARTESIAN_POINT('Origin',(-1.43212985215988,11.4664465719746,-47.1022337750341));
#4184=CARTESIAN_POINT('',(-9.8703783005476,5.47398393973708,-48.3044609427452));
#4185=CARTESIAN_POINT('Origin',(-0.34988812820448,2.80140346364136,-48.5273883053413));
#4186=CARTESIAN_POINT('Origin',(0.,35.,0.));
#4187=CARTESIAN_POINT('',(-3.06161699786838E-15,35.,-25.));
#4188=CARTESIAN_POINT('Origin',(0.,35.,0.));
#4189=CARTESIAN_POINT('Origin',(43.5121986655783,8.36425024501585,-6.14930641774527));
#4190=CARTESIAN_POINT('',(45.9474802186258,2.90357887868746,3.6550566816567));
#4191=CARTESIAN_POINT('',(45.9474802186258,2.90357887868746,3.6550566816567));
#4192=CARTESIAN_POINT('',(45.9366669460392,2.95249455794911,3.6450772988455));
#4193=CARTESIAN_POINT('',(45.9474802186258,2.90357887868746,3.6550566816567));
#4194=CARTESIAN_POINT('',(41.2442798403998,19.0005307389889,-7.72958589816925));
#4195=CARTESIAN_POINT('',(45.9366669460392,2.95249455794911,3.6450772988455));
#4196=CARTESIAN_POINT('',(43.8514339619258,0.0075612480738875,-15.1156126375877));
#4197=CARTESIAN_POINT('',(41.2442798403998,19.0005307389889,-7.72958589816925));
#4198=CARTESIAN_POINT('',(43.8541508233736,-1.55040910665427E-14,-15.106673020617));
#4199=CARTESIAN_POINT('Origin',(36.2012901690128,-12.1097329513985,-21.2445997630296));
#4200=CARTESIAN_POINT('',(43.8065420257983,0.0354639793297072,-15.2080145021566));
#4201=CARTESIAN_POINT('',(43.8065420257983,0.0354639793297064,-15.2080145021566));
#4202=CARTESIAN_POINT('',(37.2891069000694,0.604679945959002,-26.638336381619));
#4203=CARTESIAN_POINT('',(37.2891069000694,0.604679945959002,-26.638336381619));
#4204=CARTESIAN_POINT('',(37.2891069000694,0.604679945959042,-26.638336381619));
#4205=CARTESIAN_POINT('Origin',(5.85246559669782,35.6246422746199,24.3140785614722));
#4206=CARTESIAN_POINT('',(-5.67265408298056,32.,32.3989809086019));
#4207=CARTESIAN_POINT('',(8.20915848561805,32.,29.0575904350897));
#4208=CARTESIAN_POINT('',(-5.67265408298055,32.,32.3989809086019));
#4209=CARTESIAN_POINT('',(14.8712995189114,28.8928725140052,32.0065137846309));
#4210=CARTESIAN_POINT('',(8.20915848561805,32.,29.0575904350897));
#4211=CARTESIAN_POINT('',(14.5064659903838,28.8253104440754,32.1933212030296));
#4212=CARTESIAN_POINT('',(14.8712995189114,28.8928725140052,32.0065137846309));
#4213=CARTESIAN_POINT('',(-4.98677263752458,30.4516447609579,34.5025154436515));
#4214=CARTESIAN_POINT('',(-4.98677263752458,30.4516447609579,34.5025154436515));
#4215=CARTESIAN_POINT('',(-5.04572533459205,30.4859617402114,34.4664247698382));
#4216=CARTESIAN_POINT('',(-4.98677263752458,30.4516447609579,34.5025154436515));
#4217=CARTESIAN_POINT('',(-5.17041725717076,30.63595508917,34.2766703359418));
#4218=CARTESIAN_POINT('',(-5.17041725717075,30.63595508917,34.2766703359418));
#4219=CARTESIAN_POINT('',(-5.17041725717076,30.63595508917,34.2766703359418));
#4220=CARTESIAN_POINT('Origin',(25.1110077081263,28.7429475894194,18.9411279242477));
#4221=CARTESIAN_POINT('',(29.3460218769168,32.,8.38406073323598));
#4222=CARTESIAN_POINT('',(37.304310863224,24.4392282538113,9.30682573580137));
#4223=CARTESIAN_POINT('',(29.3460218769168,32.,8.38406073323598));
#4224=CARTESIAN_POINT('',(37.3850892442116,24.3458358323859,9.34145656292381));
#4225=CARTESIAN_POINT('',(37.304310863224,24.4392282538112,9.30682573580137));
#4226=CARTESIAN_POINT('',(37.3009727445008,24.1956412068303,9.68089180399753));
#4227=CARTESIAN_POINT('',(37.3009727445008,24.1956412068303,9.68089180399753));
#4228=CARTESIAN_POINT('',(37.2867320955447,24.1828321756561,9.7192087595832));
#4229=CARTESIAN_POINT('',(37.2867320955447,24.1828321756561,9.71920875958321));
#4230=CARTESIAN_POINT('',(15.5146569387266,28.6510804600981,31.8027996894063));
#4231=CARTESIAN_POINT('',(15.5146569387266,28.6510804600981,31.8027996894063));
#4232=CARTESIAN_POINT('',(15.1462862289653,28.9304250095458,31.8672612142415));
#4233=CARTESIAN_POINT('',(15.5146569387266,28.6510804600981,31.8027996894063));
#4234=CARTESIAN_POINT('',(15.1606322993468,29.1930064096833,31.4497777498109));
#4235=CARTESIAN_POINT('',(15.1606322993468,29.1930064096833,31.4497777498109));
#4236=CARTESIAN_POINT('',(16.505661870408,32.,25.4070374212183));
#4237=CARTESIAN_POINT('',(15.1606322993468,29.1930064096833,31.4497777498109));
#4238=CARTESIAN_POINT('',(29.3460218769168,32.,8.38406073323598));
#4239=CARTESIAN_POINT('Origin',(6.69376346300719,36.1500711200085,22.9670545265687));
#4240=CARTESIAN_POINT('',(13.7608242683403,32.,27.4395537150469));
#4241=CARTESIAN_POINT('',(13.7608242683403,32.,27.4395537150469));
#4242=CARTESIAN_POINT('',(14.9376167852239,28.9012214657701,31.974044349187));
#4243=CARTESIAN_POINT('',(14.9376167852239,28.9012214657701,31.974044349187));
#4244=CARTESIAN_POINT('',(14.8712995189114,28.8928725140052,32.0065137846309));
#4245=CARTESIAN_POINT('',(13.7608242683403,32.,27.4395537150469));
#4246=CARTESIAN_POINT('Origin',(14.739383679696,35.7876745637797,19.9049890415017));
#4247=CARTESIAN_POINT('',(16.505661870408,32.,25.4070374212183));
#4248=CARTESIAN_POINT('Origin',(-17.3645474282493,30.3358203218785,26.6820144899448));
#4249=CARTESIAN_POINT('',(-28.5013706288824,25.7680320844576,24.6275110172295));
#4250=CARTESIAN_POINT('',(-28.5013706288824,25.7680320844576,24.6275110172295));
#4251=CARTESIAN_POINT('',(-19.7682806364238,32.,23.2256039917129));
#4252=CARTESIAN_POINT('',(-28.5013706288824,25.7680320844576,24.6275110172295));
#4253=CARTESIAN_POINT('',(-5.67265408298056,32.,32.3989809086019));
#4254=CARTESIAN_POINT('Origin',(-21.6646702928881,34.0626626849886,16.4617947025069));
#4255=CARTESIAN_POINT('',(-23.5202972795089,32.,18.2877339128517));
#4256=CARTESIAN_POINT('',(-23.5202972795089,32.,18.2877339128517));
#4257=CARTESIAN_POINT('',(-28.5553709900196,25.7369686076243,24.6207198204884));
#4258=CARTESIAN_POINT('',(-28.5013706288824,25.7680320844576,24.6275110172295));
#4259=CARTESIAN_POINT('',(-28.665537385062,25.7225187894833,24.5056339881723));
#4260=CARTESIAN_POINT('',(-28.5553709900196,25.7369686076243,24.6207198204884));
#4261=CARTESIAN_POINT('',(-28.6655373850621,25.7225187894833,24.5056339881722));
#4262=CARTESIAN_POINT('Origin',(-21.0103163477139,34.1454028178086,17.0867979582677));
#4263=CARTESIAN_POINT('',(-32.2301306657357,32.,7.57792419733615));
#4264=CARTESIAN_POINT('',(-32.2301306657357,32.,7.57792419733616));
#4265=CARTESIAN_POINT('',(-28.6985640358445,25.7197978688662,24.470461017098));
#4266=CARTESIAN_POINT('',(-28.665537385062,25.7225187894833,24.5056339881723));
#4267=CARTESIAN_POINT('',(-28.8769916075315,25.7407293311869,24.2092340189378));
#4268=CARTESIAN_POINT('',(-28.8769916075315,25.7407293311869,24.2092340189378));
#4269=CARTESIAN_POINT('',(-33.8242440038971,30.9537131567021,7.70861341154421));
#4270=CARTESIAN_POINT('',(-33.8242440038972,30.9537131567021,7.70861341154421));
#4271=CARTESIAN_POINT('',(-33.7824479588552,31.0448296195394,7.57792419733616));
#4272=CARTESIAN_POINT('',(-33.8242440038972,30.9537131567021,7.70861341154421));
#4273=CARTESIAN_POINT('',(-33.7824479588552,31.0448296195394,7.57792419733616));
#4274=CARTESIAN_POINT('Origin',(-23.1633428015202,37.6444436854448,0.340570192251634));
#4275=CARTESIAN_POINT('',(-33.7854459158859,31.0435137050116,7.51947564099197));
#4276=CARTESIAN_POINT('',(-33.7854459158859,31.0435137050116,7.51947564099196));
#4277=CARTESIAN_POINT('',(-32.3420213385055,32.,-0.0321428861144186));
#4278=CARTESIAN_POINT('',(-33.7854459158859,31.0435137050116,7.51947564099197));
#4279=CARTESIAN_POINT('',(-32.2301306657357,32.,7.57792419733615));
#4280=CARTESIAN_POINT('Origin',(-20.1837642742196,31.4647808559705,-21.5814946795841));
#4281=CARTESIAN_POINT('',(-30.1382589811029,32.,-11.4913813235565));
#4282=CARTESIAN_POINT('',(-26.5596863921577,21.310242096427,-30.4233395349251));
#4283=CARTESIAN_POINT('',(-30.1382589811029,32.,-11.4913813235565));
#4284=CARTESIAN_POINT('',(-20.8270464780064,32.,-20.1995510337598));
#4285=CARTESIAN_POINT('',(-26.5596863921577,21.310242096427,-30.4233395349251));
#4286=CARTESIAN_POINT('',(-30.1382589811029,32.,-11.4913813235565));
#4287=CARTESIAN_POINT('Origin',(-36.450158944551,25.6188494436106,-3.7222453415658));
#4288=CARTESIAN_POINT('',(-41.0452897663507,18.2625763783224,-9.3548679594189));
#4289=CARTESIAN_POINT('',(-41.0452897663507,18.2625763783224,-9.3548679594189));
#4290=CARTESIAN_POINT('',(-31.3899961353343,32.,-9.35486795941891));
#4291=CARTESIAN_POINT('',(-41.0452897663507,18.2625763783224,-9.35486795941891));
#4292=CARTESIAN_POINT('',(-32.3420213385055,32.,-0.0321428861144177));
#4293=CARTESIAN_POINT('Origin',(-32.3102519812917,22.7091322771193,-18.9298805925728));
#4294=CARTESIAN_POINT('',(-41.1202589911199,18.1204559022598,-9.39740167446893));
#4295=CARTESIAN_POINT('',(-41.0452897663507,18.2625763783224,-9.35486795941891));
#4296=CARTESIAN_POINT('',(-26.5591768568061,21.3044465404857,-30.4311618379433));
#4297=CARTESIAN_POINT('',(-41.1202589911199,18.1204559022598,-9.39740167446894));
#4298=CARTESIAN_POINT('',(-26.5596863921577,21.310242096427,-30.4233395349251));
#4299=CARTESIAN_POINT('',(-31.3899961353343,32.,-9.35486795941891));
#4300=CARTESIAN_POINT('Origin',(29.9827633978343,31.8413352209197,2.31215094339748));
#4301=CARTESIAN_POINT('',(30.3366072543126,32.,-4.46133202999333));
#4302=CARTESIAN_POINT('',(30.3366072543126,32.,-4.46133202999333));
#4303=CARTESIAN_POINT('',(30.3366072543126,32.,-4.46133202999333));
#4304=CARTESIAN_POINT('Origin',(33.4678750383504,28.4629638479894,-1.30680234194727));
#4305=CARTESIAN_POINT('',(30.090524340876,32.,-10.7636410568468));
#4306=CARTESIAN_POINT('',(41.1312126773469,19.1491802840441,-7.90478438803175));
#4307=CARTESIAN_POINT('',(30.090524340876,32.,-10.7636410568468));
#4308=CARTESIAN_POINT('',(41.2301204667554,19.040641508873,-7.73574711640182));
#4309=CARTESIAN_POINT('',(41.1312126773469,19.1491802840441,-7.90478438803175));
#4310=CARTESIAN_POINT('',(37.4381238772096,24.279461442342,9.25402528835223));
#4311=CARTESIAN_POINT('',(37.4381238772096,24.279461442342,9.25402528835223));
#4312=CARTESIAN_POINT('',(37.4381238772096,24.279461442342,9.25402528835222));
#4313=CARTESIAN_POINT('',(30.090524340876,32.,-10.7636410568468));
#4314=CARTESIAN_POINT('Origin',(34.0123108482223,26.6500793555031,-11.5584523090477));
#4315=CARTESIAN_POINT('',(28.9147609198308,32.,-14.2234841129329));
#4316=CARTESIAN_POINT('',(30.090524340876,32.,-10.7636410568468));
#4317=CARTESIAN_POINT('',(34.9083956039541,20.9077285845688,-22.1616184767445));
#4318=CARTESIAN_POINT('',(28.9147609198308,32.,-14.2234841129329));
#4319=CARTESIAN_POINT('',(34.9611865785373,20.8329672953926,-22.1817216497723));
#4320=CARTESIAN_POINT('',(34.9083956039541,20.9077285845688,-22.1616184767445));
#4321=CARTESIAN_POINT('',(41.1312126773469,19.1491802840441,-7.90478438803175));
#4322=CARTESIAN_POINT('Origin',(26.0628660048084,29.3564586170654,-21.342358463297));
#4323=CARTESIAN_POINT('',(20.2535399299591,32.,-24.8003958673326));
#4324=CARTESIAN_POINT('',(28.9147609198308,32.,-14.2234841129329));
#4325=CARTESIAN_POINT('',(20.2535399299591,32.,-24.8003958673326));
#4326=CARTESIAN_POINT('Origin',(-15.3285474449986,31.4874095876165,-24.3275516277312));
#4327=CARTESIAN_POINT('',(-26.4492192188825,21.1550832242753,-30.6937675815254));
#4328=CARTESIAN_POINT('',(-26.5591768568061,21.3044465404857,-30.4311618379433));
#4329=CARTESIAN_POINT('',(-26.2103233566058,21.1191810457304,-30.8907620523867));
#4330=CARTESIAN_POINT('',(-26.2103233566058,21.1191810457304,-30.8907620523867));
#4331=CARTESIAN_POINT('',(-25.8892271261171,21.0758646196498,-31.1491464944184));
#4332=CARTESIAN_POINT('',(-25.8892271261171,21.0758646196498,-31.1491464944184));
#4333=CARTESIAN_POINT('',(-1.23577199024495,31.4423847686142,-33.2655448723771));
#4334=CARTESIAN_POINT('',(-25.8892271261171,21.0758646196498,-31.1491464944184));
#4335=CARTESIAN_POINT('',(-1.18224550987165,31.4823654011129,-33.2475240142242));
#4336=CARTESIAN_POINT('',(-1.18224550987164,31.4823654011129,-33.2475240142242));
#4337=CARTESIAN_POINT('',(-1.00632442253502,31.7993926609778,-32.9480383709716));
#4338=CARTESIAN_POINT('',(-1.00632442253502,31.7993926609778,-32.9480383709716));
#4339=CARTESIAN_POINT('',(-0.883068962244109,32.,-32.7660521872858));
#4340=CARTESIAN_POINT('',(-1.00632442253502,31.7993926609778,-32.9480383709716));
#4341=CARTESIAN_POINT('',(-20.8270464780064,32.,-20.1995510337598));
#4342=CARTESIAN_POINT('Origin',(23.8722296631431,24.867881594363,-28.0443467578188));
#4343=CARTESIAN_POINT('',(17.9222955545346,32.,-26.7848243730716));
#4344=CARTESIAN_POINT('',(20.2535399299591,32.,-24.8003958673326));
#4345=CARTESIAN_POINT('',(23.2100921830145,15.8876316208567,-36.5710738407548));
#4346=CARTESIAN_POINT('',(17.9222955545346,32.,-26.7848243730716));
#4347=CARTESIAN_POINT('',(34.9592932001858,20.8365613841836,-22.1813992336588));
#4348=CARTESIAN_POINT('Origin',(10.932245455702,24.4642709679435,-34.3716820638074));
#4349=CARTESIAN_POINT('',(23.1222925224531,15.7029867330435,-36.7304215851662));
#4350=CARTESIAN_POINT('',(-1.00632442253502,31.7993926609778,-32.9480383709716));
#4351=CARTESIAN_POINT('',(23.2100921830145,15.8876316208567,-36.5710738407548));
#4352=CARTESIAN_POINT('',(17.9222955545346,32.,-26.7848243730716));
#4353=CARTESIAN_POINT('Origin',(-11.7821908053536,-1.32688644816849,43.78736339313));
#4354=CARTESIAN_POINT('',(-7.09055707030193,7.37627132635757,45.3135074854913));
#4355=CARTESIAN_POINT('',(-13.7225645919254,-1.0842021724855E-15,43.3054611979393));
#4356=CARTESIAN_POINT('',(-6.93987039657404,7.15259137042338,45.3472757036449));
#4357=CARTESIAN_POINT('',(-7.09055707030193,7.37627132635758,45.3135074854913));
#4358=CARTESIAN_POINT('',(-6.93987039657404,7.15259137042338,45.3472757036449));
#4359=CARTESIAN_POINT('Origin',(8.22187957058129,-9.61039544540447,43.3863902046951));
#4360=CARTESIAN_POINT('',(9.27951855648699,0.153359811460352,45.3487053057596));
#4361=CARTESIAN_POINT('',(8.90862069419581,1.95156391047391E-15,45.3850215126564));
#4362=CARTESIAN_POINT('',(9.32381078107355,0.134713722896506,45.3361815254103));
#4363=CARTESIAN_POINT('',(9.32381078107355,0.134713722896508,45.3361815254103));
#4364=CARTESIAN_POINT('',(9.52654493938438,0.0430099234817686,45.2774496143508));
#4365=CARTESIAN_POINT('',(9.32381078107355,0.134713722896506,45.3361815254103));
#4366=CARTESIAN_POINT('',(9.52654493938438,0.0430099234817669,45.2774496143508));
#4367=CARTESIAN_POINT('Origin',(4.02028215994854,9.33267599935737,43.8794135780079));
#4368=CARTESIAN_POINT('',(-7.11127131865345,7.47907081975703,45.2935410098653));
#4369=CARTESIAN_POINT('',(0.275265095539683,19.2014796191749,42.1235486949158));
#4370=CARTESIAN_POINT('',(-7.11127131865345,7.47907081975703,45.2935410098653));
#4371=CARTESIAN_POINT('',(9.26793299996848,0.170677195800772,45.3472757036449));
#4372=CARTESIAN_POINT('',(0.275265095539692,19.2014796191749,42.1235486949158));
#4373=CARTESIAN_POINT('',(9.26793299996849,0.170677195800811,45.3472757036449));
#4374=CARTESIAN_POINT('',(-7.11127131865345,7.47907081975703,45.2935410098653));
#4375=CARTESIAN_POINT('Origin',(2.25372782068492,5.23179983502933,45.1107317411648));
#4376=CARTESIAN_POINT('',(9.26793299996848,0.170677195800779,45.3472757036449));
#4377=CARTESIAN_POINT('Origin',(-11.3238275387978,20.4955653843292,37.9853275590334));
#4378=CARTESIAN_POINT('',(-19.9390443486702,13.5458126304455,39.1668859525486));
#4379=CARTESIAN_POINT('',(-19.9390443486702,13.5458126304455,39.1668859525486));
#4380=CARTESIAN_POINT('',(0.406896699792722,19.9159460381206,41.795122911366));
#4381=CARTESIAN_POINT('',(-4.98677263752458,30.4516447609579,34.5025154436515));
#4382=CARTESIAN_POINT('',(0.291175817073896,19.3850335182329,42.0470872765882));
#4383=CARTESIAN_POINT('',(0.406896699792719,19.9159460381206,41.795122911366));
#4384=CARTESIAN_POINT('',(-19.8800777155276,13.4780383654679,39.2210331719));
#4385=CARTESIAN_POINT('',(0.291175817073894,19.3850335182329,42.0470872765882));
#4386=CARTESIAN_POINT('',(-19.8800777155276,13.4780383654679,39.2210331719));
#4387=CARTESIAN_POINT('Origin',(-10.7276597785771,17.5474487908062,39.8922476634339));
#4388=CARTESIAN_POINT('',(-19.8578654619136,13.443559470835,39.2421726711013));
#4389=CARTESIAN_POINT('',(-7.11127131865345,7.47907081975702,45.2935410098653));
#4390=CARTESIAN_POINT('',(-19.8578654619136,13.443559470835,39.2421726711013));
#4391=CARTESIAN_POINT('',(0.291175817073902,19.3850335182329,42.0470872765882));
#4392=CARTESIAN_POINT('Origin',(-18.1571467571084,24.6890699711557,31.4472010102923));
#4393=CARTESIAN_POINT('',(-19.9590239280821,13.5527986407009,39.1498653518482));
#4394=CARTESIAN_POINT('',(-19.9590239280821,13.5527986407009,39.1498653518482));
#4395=CARTESIAN_POINT('',(-19.9590239280821,13.5527986407009,39.1498653518482));
#4396=CARTESIAN_POINT('Origin',(-17.4731251333457,4.48667305990825,41.227625070834));
#4397=CARTESIAN_POINT('',(-18.9875194351106,-8.67361737988404E-16,41.0740638123676));
#4398=CARTESIAN_POINT('Origin',(-30.7982228911518,11.6781397748041,28.0154570616965));
#4399=CARTESIAN_POINT('',(-37.7173227491918,0.,25.2770747870384));
#4400=CARTESIAN_POINT('',(-19.9590239280821,13.5527986407009,39.1498653518482));
#4401=CARTESIAN_POINT('Origin',(-27.7052133055994,2.79419910763431,33.6685422019456));
#4402=CARTESIAN_POINT('Origin',(30.2424043275701,5.25143181811254,32.2757876514028));
#4403=CARTESIAN_POINT('',(28.9982826145282,17.4708488053471,31.4533692003422));
#4404=CARTESIAN_POINT('',(24.5468352269748,8.67361737988404E-16,38.4669685426124));
#4405=CARTESIAN_POINT('',(37.9378163913054,1.59060532103813,25.6608233736173));
#4406=CARTESIAN_POINT('',(28.9982826145282,17.4708488053471,31.4533692003422));
#4407=CARTESIAN_POINT('',(37.9378163913054,1.59060532103812,25.6608233736173));
#4408=CARTESIAN_POINT('Origin',(16.8790360324545,13.7774486083381,36.7519588682193));
#4409=CARTESIAN_POINT('',(10.0751898295,8.67361737988404E-16,45.0415974278062));
#4410=CARTESIAN_POINT('',(9.32381078107337,0.134713722896564,45.3361815254104));
#4411=CARTESIAN_POINT('',(15.7363743188415,28.4942990942084,31.7597454282072));
#4412=CARTESIAN_POINT('',(15.7363743188415,28.4942990942084,31.7597454282072));
#4413=CARTESIAN_POINT('',(15.7363743188415,28.4942990942084,31.7597454282072));
#4414=CARTESIAN_POINT('Origin',(16.3490727193107,13.991365376411,36.9898345234287));
#4415=CARTESIAN_POINT('',(0.406896699792721,19.9159460381206,41.795122911366));
#4416=CARTESIAN_POINT('Origin',(36.8327343191499,14.0303164068434,18.3792472289733));
#4417=CARTESIAN_POINT('',(28.8948098179146,17.8756944607862,31.3516824124377));
#4418=CARTESIAN_POINT('',(28.8948098179146,17.8756944607862,31.3516824124377));
#4419=CARTESIAN_POINT('',(38.1156200743513,1.43966729809284,25.4197205937459));
#4420=CARTESIAN_POINT('',(37.3009727445008,24.1956412068303,9.68089180399751));
#4421=CARTESIAN_POINT('',(38.1156200743513,1.43966729809284,25.4197205937459));
#4422=CARTESIAN_POINT('',(28.9982826145282,17.4708488053471,31.4533692003422));
#4423=CARTESIAN_POINT('Origin',(11.2750221120608,12.5002494563971,38.2941943074045));
#4424=CARTESIAN_POINT('',(15.7363743188415,28.4942990942084,31.7597454282072));
#4425=CARTESIAN_POINT('Origin',(6.40918451988233,27.3820440739769,34.8188142418082));
#4426=CARTESIAN_POINT('Origin',(24.4681092600246,29.623877216876,18.1290568401628));
#4427=CARTESIAN_POINT('Origin',(16.7365761766489,-8.53409876034438,40.4892915004359));
#4428=CARTESIAN_POINT('Origin',(29.7299134436854,-11.3350595075947,29.020733741423));
#4429=CARTESIAN_POINT('',(38.2084361985621,1.31283035921847,25.27509573256));
#4430=CARTESIAN_POINT('',(38.1156200743513,1.43966729809284,25.4197205937459));
#4431=CARTESIAN_POINT('',(38.2084361985621,1.31283035921847,25.27509573256));
#4432=CARTESIAN_POINT('Origin',(33.8338953701413,-12.6204761398792,24.1210321168127));
#4433=CARTESIAN_POINT('',(38.3322073412994,1.19658998350007,25.0406667597831));
#4434=CARTESIAN_POINT('',(38.2084361985621,1.31283035921848,25.27509573256));
#4435=CARTESIAN_POINT('',(38.3322073412994,1.19658998350007,25.0406667597831));
#4436=CARTESIAN_POINT('Origin',(41.8194100250889,-1.75499190985973,14.9174121698999));
#4437=CARTESIAN_POINT('',(45.9051037014628,2.63233897292027,3.97975307556571));
#4438=CARTESIAN_POINT('',(38.3322073412994,1.19658998350008,25.0406667597831));
#4439=CARTESIAN_POINT('',(45.9051037014628,2.63233897292026,3.9797530755657));
#4440=CARTESIAN_POINT('Origin',(43.2181075704214,-9.31465723932431,-0.977331192004174));
#4441=CARTESIAN_POINT('',(45.9397265175261,2.81783913379421,3.74284482044939));
#4442=CARTESIAN_POINT('',(45.9397265175261,2.8178391337942,3.74284482044939));
#4443=CARTESIAN_POINT('',(45.939726517526,2.81783913379419,3.74284482044942));
#4444=CARTESIAN_POINT('Origin',(43.4702890097663,-7.66667409527119,-3.64836363785389));
#4445=CARTESIAN_POINT('',(45.9397265175261,2.81783913379421,3.74284482044939));
#4446=CARTESIAN_POINT('Origin',(38.2282315300021,9.08760190041703,-21.3447366960341));
#4447=CARTESIAN_POINT('',(34.9937672176009,20.7189331986713,-22.1855501694064));
#4448=CARTESIAN_POINT('',(43.8065420257983,0.0354639793297071,-15.2080145021566));
#4449=CARTESIAN_POINT('',(37.0977845771659,0.644959155966227,-26.9638439168183));
#4450=CARTESIAN_POINT('',(34.9937672176009,20.7189331986713,-22.1855501694064));
#4451=CARTESIAN_POINT('',(37.2891069000694,0.604679945959007,-26.638336381619));
#4452=CARTESIAN_POINT('Origin',(31.6730954051434,10.3204885858161,-29.4105981852291));
#4453=CARTESIAN_POINT('',(34.9634330134685,20.8327536640729,-22.1782771220805));
#4454=CARTESIAN_POINT('',(23.1021522266584,15.6663453815759,-36.7649690688108));
#4455=CARTESIAN_POINT('',(23.1222925224531,15.7029867330435,-36.7304215851662));
#4456=CARTESIAN_POINT('',(36.8605428510785,0.543245849754776,-27.2550284342597));
#4457=CARTESIAN_POINT('',(23.1021522266584,15.6663453815759,-36.7649690688108));
#4458=CARTESIAN_POINT('',(36.8992365177155,0.540711696988857,-27.2142474038053));
#4459=CARTESIAN_POINT('',(36.8992365177155,0.540711696988856,-27.2142474038053));
#4460=CARTESIAN_POINT('',(37.0977845771659,0.644959155966223,-26.9638439168183));
#4461=CARTESIAN_POINT('Origin',(34.880910385155,-13.2497896451603,-22.1413856214809));
#4462=CARTESIAN_POINT('',(36.8992365177155,0.540711696988858,-27.2142474038053));
#4463=CARTESIAN_POINT('Origin',(30.811220689455,8.48418908209152,-31.0838506027569));
#4464=CARTESIAN_POINT('',(28.7975501079575,7.31836466427715E-16,-35.3955787337362));
#4465=CARTESIAN_POINT('',(23.0589034896055,15.6081651137247,-36.8237185074989));
#4466=CARTESIAN_POINT('',(23.1021522266584,15.6663453815759,-36.7649690688108));
#4467=CARTESIAN_POINT('',(23.0589034896055,15.6081651137247,-36.8237185074989));
#4468=CARTESIAN_POINT('Origin',(30.8783619009507,-9.98116999378916,-29.9180976460115));
#4469=CARTESIAN_POINT('Origin',(14.0885086717172,-2.53984224948127,-42.6376116684052));
#4470=CARTESIAN_POINT('',(7.99876386383917,7.24657968005021,-45.2327708739148));
#4471=CARTESIAN_POINT('',(24.5628725239753,-8.67361737988404E-16,-39.3279195494261));
#4472=CARTESIAN_POINT('',(7.72436640831771,7.22772298995959,-45.3242691137961));
#4473=CARTESIAN_POINT('',(7.72025864347579,7.23539964445545,-45.3241298298467));
#4474=CARTESIAN_POINT('',(7.71663835267742,7.22843667278636,-45.3249112912695));
#4475=CARTESIAN_POINT('Origin',(-33.8338953701413,12.6204761398792,24.1210321168127));
#4476=CARTESIAN_POINT('',(-42.5919243309382,13.5153595626287,11.3681744072687));
#4477=CARTESIAN_POINT('',(-38.6786695600805,1.73472347597681E-15,23.9286205726206));
#4478=CARTESIAN_POINT('',(-42.5313648936665,13.7901693145352,11.3093349577068));
#4479=CARTESIAN_POINT('',(-42.5919243309382,13.5153595626287,11.3681744072687));
#4480=CARTESIAN_POINT('',(-42.4187365427511,14.0050947151909,11.3548634800535));
#4481=CARTESIAN_POINT('',(-42.5313648936665,13.7901693145352,11.3093349577068));
#4482=CARTESIAN_POINT('',(-42.4187365427511,14.0050947151909,11.3548634800535));
#4483=CARTESIAN_POINT('Origin',(-34.9518019647384,21.4351010124398,17.2512433123838));
#4484=CARTESIAN_POINT('',(-42.4187365427511,14.0050947151909,11.3548634800535));
#4485=CARTESIAN_POINT('Origin',(-41.8194100250889,1.75499190985973,14.9174121698999));
#4486=CARTESIAN_POINT('',(-45.3650012737325,-8.67361737988404E-16,5.18418659759244));
#4487=CARTESIAN_POINT('Origin',(-39.5209783017343,20.3781363088094,1.5683246067083));
#4488=CARTESIAN_POINT('',(-41.1371227478499,18.0872359835055,-9.39071436707724));
#4489=CARTESIAN_POINT('',(-42.5313648936665,13.7901693145352,11.3093349577068));
#4490=CARTESIAN_POINT('',(-41.1202589911199,18.1204559022598,-9.39740167446894));
#4491=CARTESIAN_POINT('Origin',(-43.2181075704214,9.31465723932431,-0.977331192004174));
#4492=CARTESIAN_POINT('',(-41.1875564999267,17.8464516323149,-9.45535200272517));
#4493=CARTESIAN_POINT('',(-45.2917076332778,-3.46944695195361E-15,1.94310265050016));
#4494=CARTESIAN_POINT('',(-41.1875564999267,17.8464516323149,-9.45535200272517));
#4495=CARTESIAN_POINT('Origin',(-43.5121986655783,-8.36425024501585,-6.14930641774527));
#4496=CARTESIAN_POINT('',(-43.8595904852787,0.0151390248979825,-15.0887742448364));
#4497=CARTESIAN_POINT('',(-43.8541508233736,1.0842021724855E-16,-15.1066730206171));
#4498=CARTESIAN_POINT('',(-43.8595904852787,0.0151390248979821,-15.0887742448364));
#4499=CARTESIAN_POINT('Origin',(-43.4702890097663,7.66667409527119,-3.64836363785389));
#4500=CARTESIAN_POINT('',(-41.2570552695242,17.368341130435,-9.63197524075089));
#4501=CARTESIAN_POINT('',(-43.8595904852787,0.0151390248979821,-15.0887742448364));
#4502=CARTESIAN_POINT('',(-41.2570552695242,17.368341130435,-9.63197524075089));
#4503=CARTESIAN_POINT('Origin',(-36.2012901690128,12.1097329513985,-21.2445997630296));
#4504=CARTESIAN_POINT('',(-37.422603589102,-1.73472347597681E-15,-26.0661785072187));
#4505=CARTESIAN_POINT('Origin',(-34.880910385155,13.2497896451603,-22.1413856214809));
#4506=CARTESIAN_POINT('',(-36.7605407850948,1.73472347597681E-15,-27.109173454812));
#4507=CARTESIAN_POINT('Origin',(-26.5987242574337,7.27436291698897,-33.5821133164933));
#4508=CARTESIAN_POINT('',(-22.073848921159,1.73472347597681E-15,-38.7417727335139));
#4509=CARTESIAN_POINT('Origin',(-26.2484284598112,7.44922330216183,-33.8679260113959));
#4510=CARTESIAN_POINT('',(-16.0564233897135,18.7423461952754,-39.2830530455469));
#4511=CARTESIAN_POINT('',(-20.0420146792061,8.67361737988404E-16,-40.3164914134871));
#4512=CARTESIAN_POINT('',(-16.0911691531686,18.8956540272385,-39.2224043373884));
#4513=CARTESIAN_POINT('',(-16.09262304159,18.9020689814557,-39.2198665760674));
#4514=CARTESIAN_POINT('',(-16.0874321360562,18.8948224865072,-39.2254835090769));
#4515=CARTESIAN_POINT('Origin',(-20.8535639565094,6.57205854308677,-38.7657501531109));
#4516=CARTESIAN_POINT('',(-9.18026349599559,5.2871750703118,-45.2630898446217));
#4517=CARTESIAN_POINT('',(-15.7311296927216,3.36102673470506E-15,-42.6354795775171));
#4518=CARTESIAN_POINT('',(-9.18026349599558,5.2871750703118,-45.2630898446217));
#4519=CARTESIAN_POINT('Origin',(-8.95411351820676,-9.69822570765434,-41.8377938814246));
#4520=CARTESIAN_POINT('',(-8.75304409676553,5.16181990824629,-45.3254652258368));
#4521=CARTESIAN_POINT('',(-1.52649092985285,-9.75781955236954E-16,-45.6755525873016));
#4522=CARTESIAN_POINT('',(-9.05401411433892,5.27810281806362,-45.2880067068236));
#4523=CARTESIAN_POINT('',(-8.75304409676553,5.16181990824629,-45.3254652258368));
#4524=CARTESIAN_POINT('',(-9.05401411433892,5.27810281806362,-45.2880067068236));
#4525=CARTESIAN_POINT('Origin',(39.078706601461,11.6676770837379,14.8469746019746));
#4526=CARTESIAN_POINT('',(37.4381238772096,24.279461442342,9.25402528835223));
#4527=CARTESIAN_POINT('Origin',(41.2886861176735,15.2675709516573,4.50756490925217));
#4528=CARTESIAN_POINT('',(41.2442798403998,19.0005307389889,-7.72958589816925));
#4529=CARTESIAN_POINT('Origin',(40.1046356587994,11.7073780340891,-15.9488872469478));
#4530=CARTESIAN_POINT('Origin',(-15.0825795619258,30.4530480076527,-26.5288252812768));
#4531=CARTESIAN_POINT('',(-16.0389164707,18.9218584581996,-39.2220311752408));
#4532=CARTESIAN_POINT('',(-16.0389164707,18.9218584581996,-39.2220311752408));
#4533=CARTESIAN_POINT('',(-16.0389164707,18.9218584581996,-39.2220311752408));
#4534=CARTESIAN_POINT('Origin',(-5.91801693276258,24.622914375366,-37.0497935127111));
#4535=CARTESIAN_POINT('',(1.13089479862663,18.2527155254707,-42.4092954422107));
#4536=CARTESIAN_POINT('',(-16.0389164707,18.9218584581996,-39.2220311752408));
#4537=CARTESIAN_POINT('',(1.13089479862663,18.2527155254707,-42.4092954422107));
#4538=CARTESIAN_POINT('Origin',(18.0618005350957,8.2458173601911,-40.5469402998044));
#4539=CARTESIAN_POINT('',(22.7791989808474,15.557307376734,-36.958656695586));
#4540=CARTESIAN_POINT('',(22.7791989808474,15.557307376734,-36.958656695586));
#4541=CARTESIAN_POINT('',(22.7791989808474,15.557307376734,-36.958656695586));
#4542=CARTESIAN_POINT('Origin',(11.5858838228066,25.2465198621171,-33.5309438670046));
#4543=CARTESIAN_POINT('',(1.23421178643861,18.1178477298724,-42.4751427941785));
#4544=CARTESIAN_POINT('',(1.13089479862663,18.2527155254707,-42.4092954422107));
#4545=CARTESIAN_POINT('',(1.39242250381899,18.0011112463541,-42.5083711745994));
#4546=CARTESIAN_POINT('',(1.392422503819,18.0011112463541,-42.5083711745994));
#4547=CARTESIAN_POINT('',(1.39242250381899,18.0011112463541,-42.5083711745994));
#4548=CARTESIAN_POINT('Origin',(-7.23402884369592,15.0248076025635,-42.1241047306163));
#4549=CARTESIAN_POINT('',(-9.05401411433892,5.27810281806362,-45.2880067068236));
#4550=CARTESIAN_POINT('Origin',(12.2166916315441,17.4808610766963,-39.3814597301496));
#4551=CARTESIAN_POINT('',(1.392422503819,18.0011112463541,-42.5083711745994));
#4552=CARTESIAN_POINT('Origin',(-1.34354263286008,10.7571668823368,-44.1886321161857));
#4553=CARTESIAN_POINT('',(-8.75304409676553,5.16181990824629,-45.3254652258368));
#4554=CARTESIAN_POINT('Origin',(-0.328294290148477,2.62851090785838,-45.5324522675747));
#4555=CARTESIAN_POINT('Origin',(0.,32.,0.));
#4556=CARTESIAN_POINT('',(-3.42901103761259E-15,32.,-28.));
#4557=CARTESIAN_POINT('Origin',(0.,32.,0.));
#4558=CARTESIAN_POINT('Origin',(0.,22.,0.));
#4559=CARTESIAN_POINT('',(0.,22.,-28.));
#4560=CARTESIAN_POINT('Origin',(0.,22.,0.));
#4561=CARTESIAN_POINT('',(4.29008607475008,22.,-24.1387641230489));
#4562=CARTESIAN_POINT('Origin',(2.75070751414944,22.,-20.9511391072535));
#4563=CARTESIAN_POINT('',(15.3693198677474,22.,-18.7883433915294));
#4564=CARTESIAN_POINT('Origin',(13.8299413071467,22.,-15.6007183757339));
#4565=CARTESIAN_POINT('',(4.29008607475008,22.,-24.1387641230489));
#4566=CARTESIAN_POINT('Origin',(0.,22.,0.));
#4567=CARTESIAN_POINT('',(-3.42901103761259E-15,22.,-28.));
#4568=CARTESIAN_POINT('Origin',(0.,25.,0.));
#4569=CARTESIAN_POINT('',(-3.06161699786838E-15,25.,-25.));
#4570=CARTESIAN_POINT('Origin',(0.,25.,0.));
#4571=CARTESIAN_POINT('',(-3.06161699786838E-15,25.,-25.));
#4572=CARTESIAN_POINT('Origin',(0.,25.,0.));
#4573=CARTESIAN_POINT('',(4.29008607475008,25.,-24.1387641230489));
#4574=CARTESIAN_POINT('Origin',(2.75070751414944,25.,-20.9511391072535));
#4575=CARTESIAN_POINT('',(15.3693198677474,25.,-18.7883433915294));
#4576=CARTESIAN_POINT('',(15.3693198677474,25.,-18.7883433915294));
#4577=CARTESIAN_POINT('Origin',(13.8299413071467,25.,-15.6007183757339));
#4578=CARTESIAN_POINT('Origin',(2.75070751414944,-2.50000000007189E-5,-20.9511391072535));
#4579=CARTESIAN_POINT('',(4.29008607475008,22.,-24.1387641230489));
#4580=CARTESIAN_POINT('Origin',(4.29008607475008,-2.50000000007189E-5,-24.1387641230489));
#4581=CARTESIAN_POINT('',(15.3693198677474,22.,-18.7883433915294));
#4582=CARTESIAN_POINT('Origin',(13.8299413071467,-2.50000000007189E-5,-15.6007183757339));
#4583=UNCERTAINTY_MEASURE_WITH_UNIT(LENGTH_MEASURE(0.01),#4587,
'DISTANCE_ACCURACY_VALUE',
'Maximum model space distance between geometric entities at asserted c
onnectivities');
#4584=UNCERTAINTY_MEASURE_WITH_UNIT(LENGTH_MEASURE(0.01),#4587,
'DISTANCE_ACCURACY_VALUE',
'Maximum model space distance between geometric entities at asserted c
onnectivities');
#4585=(
GEOMETRIC_REPRESENTATION_CONTEXT(3)
GLOBAL_UNCERTAINTY_ASSIGNED_CONTEXT((#4583))
GLOBAL_UNIT_ASSIGNED_CONTEXT((#4587,#4589,#4590))
REPRESENTATION_CONTEXT('','3D')
);
#4586=(
GEOMETRIC_REPRESENTATION_CONTEXT(3)
GLOBAL_UNCERTAINTY_ASSIGNED_CONTEXT((#4584))
GLOBAL_UNIT_ASSIGNED_CONTEXT((#4587,#4589,#4590))
REPRESENTATION_CONTEXT('','3D')
);
#4587=(
LENGTH_UNIT()
NAMED_UNIT(*)
SI_UNIT(.MILLI.,.METRE.)
);
#4588=(
LENGTH_UNIT()
NAMED_UNIT(*)
SI_UNIT($,.METRE.)
);
#4589=(
NAMED_UNIT(*)
PLANE_ANGLE_UNIT()
SI_UNIT($,.RADIAN.)
);
#4590=(
NAMED_UNIT(*)
SI_UNIT($,.STERADIAN.)
SOLID_ANGLE_UNIT()
);
#4591=SHAPE_DEFINITION_REPRESENTATION(#4592,#4593);
#4592=PRODUCT_DEFINITION_SHAPE('',$,#4595);
#4593=SHAPE_REPRESENTATION('',(#2886),#4585);
#4594=PRODUCT_DEFINITION_CONTEXT('part definition',#4599,'design');
#4595=PRODUCT_DEFINITION('upper_cover_with_lip',
'upper_cover_with_lip.f3d ',#4596,#4594);
#4596=PRODUCT_DEFINITION_FORMATION('',$,#4601);
#4597=PRODUCT_RELATED_PRODUCT_CATEGORY('upper_cover_with_lip.f3d ',
'upper_cover_with_lip.f3d ',(#4601));
#4598=APPLICATION_PROTOCOL_DEFINITION('international standard',
'automotive_design',2009,#4599);
#4599=APPLICATION_CONTEXT(
'Core Data for Automotive Mechanical Design Process');
#4600=PRODUCT_CONTEXT('part definition',#4599,'mechanical');
#4601=PRODUCT('upper_cover_with_lip','upper_cover_with_lip.f3d ',$,(#4600));
#4602=PRESENTATION_STYLE_ASSIGNMENT((#4603));
#4603=SURFACE_STYLE_USAGE(.BOTH.,#4604);
#4604=SURFACE_SIDE_STYLE('',(#4605));
#4605=SURFACE_STYLE_FILL_AREA(#4606);
#4606=FILL_AREA_STYLE('Steel - Satin',(#4607));
#4607=FILL_AREA_STYLE_COLOUR('Steel - Satin',#4608);
#4608=COLOUR_RGB('Steel - Satin',0.627450980392157,0.627450980392157,0.627450980392157);
ENDSEC;
END-ISO-10303-21;
